annee;mode;zone;type_voie;accidents;accidents_sans_usager_du_mode_documente;accidents_avec_indemnes;part_avec_indemnes_pct;personnes_indemnes;accidents_avec_blesses_legers;part_avec_blesses_legers_pct;personnes_blesses_legers;accidents_avec_hospitalises;part_avec_hospitalises_pct;personnes_hospitalises;accidents_avec_tues;part_avec_tues_pct;personnes_tues;accidents_avec_gravite_inconnue;part_avec_gravite_inconnue_pct;personnes_gravite_inconnue
2021;CYCLO;Hors agglomération;Non apparié;9;0;1;11.11;1;0;0.0;0;9;100.0;10;0;0.0;0;0;0.0;0
2021;CYCLO;Hors agglomération;cycleway;5;0;0;0.0;0;3;60.0;4;3;60.0;3;0;0.0;0;0;0.0;0
2021;CYCLO;Hors agglomération;living_street;1;0;0;0.0;0;1;100.0;1;0;0.0;0;0;0.0;0;0;0.0;0
2021;CYCLO;Hors agglomération;motorway;11;0;0;0.0;0;6;54.55;6;4;36.36;4;2;18.18;2;0;0.0;0
2021;CYCLO;Hors agglomération;primary;165;0;11;6.67;12;58;35.15;68;93;56.36;95;15;9.09;15;0;0.0;0
2021;CYCLO;Hors agglomération;residential;32;0;1;3.12;1;20;62.5;23;12;37.5;12;1;3.12;1;0;0.0;0
2021;CYCLO;Hors agglomération;secondary;207;0;7;3.38;7;73;35.27;78;129;62.32;132;12;5.8;12;0;0.0;0
2021;CYCLO;Hors agglomération;service;15;0;0;0.0;0;9;60.0;10;6;40.0;6;0;0.0;0;0;0.0;0
2021;CYCLO;Hors agglomération;tertiary;211;0;17;8.06;19;81;38.39;88;124;58.77;130;11;5.21;11;0;0.0;0
2021;CYCLO;Hors agglomération;track;23;0;3;13.04;3;8;34.78;9;14;60.87;16;3;13.04;3;0;0.0;0
2021;CYCLO;Hors agglomération;trunk;8;0;2;25.0;2;2;25.0;2;5;62.5;5;1;12.5;1;0;0.0;0
2021;CYCLO;Hors agglomération;unclassified;141;0;13;9.22;14;38;26.95;41;100;70.92;105;5;3.55;5;0;0.0;0
2021;EDPM;En agglomération;cycleway;60;0;12;20.0;12;42;70.0;45;5;8.33;5;2;3.33;2;0;0.0;0
2021;EDPM;En agglomération;living_street;18;0;5;27.78;5;14;77.78;15;2;11.11;2;0;0.0;0;0;0.0;0
2021;EDPM;En agglomération;motorway;2;0;0;0.0;0;1;50.0;1;1;50.0;1;0;0.0;0;0;0.0;0
2021;EDPM;En agglomération;primary;275;0;44;16.0;45;207;75.27;214;32;11.64;32;4;1.45;4;0;0.0;0
2021;EDPM;En agglomération;residential;427;0;56;13.11;57;327;76.58;340;58;13.58;58;6;1.41;6;0;0.0;0
2021;EDPM;En agglomération;secondary;299;0;29;9.7;29;228;76.25;235;44;14.72;45;5;1.67;5;0;0.0;0
2021;EDPM;En agglomération;service;82;0;12;14.63;14;58;70.73;60;14;17.07;15;1;1.22;1;0;0.0;0
2021;EDPM;En agglomération;tertiary;230;0;29;12.61;31;168;73.04;173;44;19.13;44;3;1.3;3;0;0.0;0
2021;EDPM;En agglomération;trunk;1;0;0;0.0;0;1;100.0;1;0;0.0;0;0;0.0;0;0;0.0;0
2021;EDPM;En agglomération;unclassified;66;0;5;7.58;6;56;84.85;58;6;9.09;6;1;1.52;1;0;0.0;0
2021;EDPM;Hors agglomération;cycleway;2;0;2;100.0;2;0;0.0;0;0;0.0;0;0;0.0;0;0;0.0;0
2021;EDPM;Hors agglomération;motorway;2;0;1;50.0;1;1;50.0;1;0;0.0;0;0;0.0;0;0;0.0;0
2021;EDPM;Hors agglomération;primary;10;0;0;0.0;0;5;50.0;5;3;30.0;3;2;20.0;2;0;0.0;0
2021;EDPM;Hors agglomération;residential;1;0;0;0.0;0;0;0.0;0;1;100.0;1;0;0.0;0;0;0.0;0
2021;EDPM;Hors agglomération;secondary;6;0;0;0.0;0;2;33.33;2;4;66.67;4;0;0.0;0;0;0.0;0
2021;EDPM;Hors agglomération;service;2;0;0;0.0;0;2;100.0;2;0;0.0;0;0;0.0;0;0;0.0;0
2021;EDPM;Hors agglomération;tertiary;8;0;0;0.0;0;3;37.5;3;4;50.0;4;1;12.5;1;0;0.0;0
2021;EDPM;Hors agglomération;unclassified;5;0;1;20.0;1;3;60.0;3;1;20.0;1;0;0.0;0;0;0.0;0
2021;EDP_SANS_MOTEUR;En agglomération;cycleway;6;0;1;16.67;1;5;83.33;5;0;0.0;0;0;0.0;0;0;0.0;0
2021;EDP_SANS_MOTEUR;En agglomération;living_street;1;0;1;100.0;1;1;100.0;1;0;0.0;0;0;0.0;0;0;0.0;0
2021;EDP_SANS_MOTEUR;En agglomération;motorway;1;0;0;0.0;0;0;0.0;0;1;100.0;1;0;0.0;0;0;0.0;0
2021;EDP_SANS_MOTEUR;En agglomération;primary;34;0;3;8.82;3;26;76.47;26;6;17.65;6;0;0.0;0;0;0.0;0
2021;EDP_SANS_MOTEUR;En agglomération;residential;81;0;2;2.47;2;68;83.95;70;11;13.58;11;2;2.47;2;0;0.0;0
2021;EDP_SANS_MOTEUR;En agglomération;secondary;46;0;7;15.22;7;35;76.09;36;6;13.04;6;1;2.17;1;0;0.0;0
2021;EDP_SANS_MOTEUR;En agglomération;service;17;0;0;0.0;0;15;88.24;16;3;17.65;3;0;0.0;0;0;0.0;0
2021;EDP_SANS_MOTEUR;En agglomération;tertiary;33;0;1;3.03;1;27;81.82;27;5;15.15;5;0;0.0;0;0;0.0;0
2021;EDP_SANS_MOTEUR;En agglomération;unclassified;9;0;0;0.0;0;8;88.89;8;1;11.11;1;0;0.0;0;0;0.0;0
2021;EDP_SANS_MOTEUR;Hors agglomération;primary;3;0;0;0.0;0;2;66.67;2;1;33.33;1;0;0.0;0;0;0.0;0
2021;EDP_SANS_MOTEUR;Hors agglomération;secondary;1;0;0;0.0;0;0;0.0;0;1;100.0;1;0;0.0;0;0;0.0;0
2021;EDP_SANS_MOTEUR;Hors agglomération;service;1;0;0;0.0;0;1;100.0;1;0;0.0;0;0;0.0;0;0;0.0;0
2021;EDP_SANS_MOTEUR;Hors agglomération;unclassified;2;0;0;0.0;0;0;0.0;0;2;100.0;2;0;0.0;0;0;0.0;0
2021;VAE;En agglomération;cycleway;19;0;4;21.05;4;12;63.16;12;3;15.79;3;1;5.26;1;0;0.0;0
2021;VAE;En agglomération;living_street;4;0;1;25.0;1;2;50.0;2;1;25.0;1;0;0.0;0;0;0.0;0
2021;VAE;En agglomération;primary;101;0;9;8.91;10;78;77.23;80;15;14.85;15;2;1.98;2;0;0.0;0
2021;VAE;En agglomération;residential;117;0;13;11.11;13;81;69.23;81;21;17.95;22;2;1.71;2;0;0.0;0
2021;VAE;En agglomération;secondary;98;0;9;9.18;10;61;62.24;61;23;23.47;23;5;5.1;5;0;0.0;0
2021;VAE;En agglomération;service;23;0;3;13.04;3;13;56.52;13;7;30.43;7;0;0.0;0;0;0.0;0
2021;VAE;En agglomération;tertiary;76;0;9;11.84;10;56;73.68;56;10;13.16;10;2;2.63;2;0;0.0;0
2021;VAE;En agglomération;track;2;0;0;0.0;0;1;50.0;1;1;50.0;1;0;0.0;0;0;0.0;0
2021;VAE;En agglomération;unclassified;26;0;1;3.85;1;14;53.85;14;10;38.46;10;2;7.69;2;0;0.0;0
2021;VAE;Hors agglomération;motorway;1;0;0;0.0;0;0;0.0;0;0;0.0;0;1;100.0;1;0;0.0;0
2021;VAE;Hors agglomération;primary;12;0;0;0.0;0;3;25.0;3;5;41.67;5;4;33.33;4;0;0.0;0
2021;VAE;Hors agglomération;residential;3;0;0;0.0;0;2;66.67;2;1;33.33;1;0;0.0;0;0;0.0;0
2021;VAE;Hors agglomération;secondary;14;0;1;7.14;1;6;42.86;6;5;35.71;5;3;21.43;3;0;0.0;0
2021;VAE;Hors agglomération;service;4;0;0;0.0;0;2;50.0;3;2;50.0;2;0;0.0;0;0;0.0;0
2021;VAE;Hors agglomération;tertiary;15;0;0;0.0;0;5;33.33;5;6;40.0;6;4;26.67;4;0;0.0;0
2021;VAE;Hors agglomération;unclassified;10;0;0;0.0;0;3;30.0;3;5;50.0;5;2;20.0;2;0;0.0;0
2021;VELO;En agglomération;Non apparié;3;0;0;0.0;0;2;66.67;3;0;0.0;0;1;33.33;1;0;0.0;0
2021;VELO;En agglomération;cycleway;192;0;31;16.15;31;140;72.92;144;28;14.58;28;4;2.08;4;0;0.0;0
2021;VELO;En agglomération;living_street;44;0;9;20.45;9;34;77.27;36;3;6.82;3;0;0.0;0;0;0.0;0
2021;VELO;En agglomération;motorway;1;0;0;0.0;0;0;0.0;0;1;100.0;1;0;0.0;0;0;0.0;0
2021;VELO;En agglomération;primary;801;0;83;10.36;83;614;76.65;624;119;14.86;119;13;1.62;13;0;0.0;0
2021;VELO;En agglomération;residential;1173;0;120;10.23;121;864;73.66;877;208;17.73;210;20;1.71;20;0;0.0;0
2021;VELO;En agglomération;secondary;1005;0;82;8.16;82;717;71.34;728;222;22.09;222;14;1.39;14;0;0.0;0
2021;VELO;En agglomération;service;186;0;15;8.06;15;144;77.42;150;31;16.67;31;1;0.54;1;0;0.0;0
2021;VELO;En agglomération;tertiary;764;0;60;7.85;60;540;70.68;547;162;21.2;162;21;2.75;21;1;0.13;1
2021;VELO;En agglomération;track;7;0;1;14.29;1;3;42.86;3;3;42.86;3;1;14.29;1;0;0.0;0
2021;VELO;En agglomération;trunk;8;0;0;0.0;0;5;62.5;5;2;25.0;2;1;12.5;1;0;0.0;0
2021;VELO;En agglomération;unclassified;229;0;15;6.55;15;147;64.19;152;58;25.33;58;13;5.68;13;0;0.0;0
2021;VELO;Hors agglomération;Non apparié;1;0;0;0.0;0;0;0.0;0;1;100.0;1;0;0.0;0;0;0.0;0
2021;VELO;Hors agglomération;cycleway;26;0;3;11.54;3;11;42.31;13;13;50.0;13;4;15.38;4;0;0.0;0
2021;VELO;Hors agglomération;motorway;2;0;0;0.0;0;1;50.0;1;1;50.0;1;0;0.0;0;0;0.0;0
2021;VELO;Hors agglomération;primary;191;0;6;3.14;9;72;37.7;73;100;52.36;104;21;10.99;21;0;0.0;0
2021;VELO;Hors agglomération;residential;30;0;1;3.33;1;16;53.33;16;13;43.33;14;1;3.33;1;0;0.0;0
2021;VELO;Hors agglomération;secondary;274;0;13;4.74;19;106;38.69;134;138;50.36;139;38;13.87;39;0;0.0;0
2021;VELO;Hors agglomération;service;17;0;0;0.0;0;9;52.94;9;6;35.29;6;2;11.76;2;0;0.0;0
2021;VELO;Hors agglomération;tertiary;248;0;8;3.23;10;81;32.66;89;135;54.44;139;33;13.31;33;0;0.0;0
2021;VELO;Hors agglomération;track;14;0;0;0.0;0;4;28.57;5;10;71.43;10;1;7.14;2;0;0.0;0
2021;VELO;Hors agglomération;trunk;8;0;0;0.0;0;7;87.5;7;0;0.0;0;1;12.5;1;0;0.0;0
2021;VELO;Hors agglomération;unclassified;117;0;5;4.27;6;37;31.62;40;62;52.99;63;21;17.95;21;0;0.0;0
