dep,matched,evaluated_unmatched,not_evaluated,total_baac,taux_matching_total_pct,taux_matching_evalues_pct
01,480,0,0,480,100.0,100.0
02,207,0,0,207,100.0,100.0
03,233,0,0,233,100.0,100.0
04,184,0,0,184,100.0,100.0
05,171,0,0,171,100.0,100.0
06,782,1,0,783,99.87,99.87
07,338,0,0,338,100.0,100.0
08,100,0,0,100,100.0,100.0
09,122,0,0,122,100.0,100.0
10,326,1,0,327,99.69,99.69
11,356,0,0,356,100.0,100.0
12,207,0,0,207,100.0,100.0
13,2114,6,0,2120,99.72,99.72
14,546,0,0,546,100.0,100.0
15,173,1,0,174,99.43,99.43
16,152,1,0,153,99.35,99.35
17,363,0,0,363,100.0,100.0
18,160,0,0,160,100.0,100.0
19,225,0,0,225,100.0,100.0
21,206,0,0,206,100.0,100.0
22,398,0,0,398,100.0,100.0
23,73,0,0,73,100.0,100.0
24,175,0,0,175,100.0,100.0
25,358,1,0,359,99.72,99.72
26,303,0,0,303,100.0,100.0
27,434,0,0,434,100.0,100.0
28,262,0,0,262,100.0,100.0
29,721,0,0,721,100.0,100.0
2A,278,2,0,280,99.29,99.29
2B,277,11,4,292,94.86,96.18
30,441,0,0,441,100.0,100.0
31,561,0,0,561,100.0,100.0
32,145,2,0,147,98.64,98.64
33,1202,0,0,1202,100.0,100.0
34,798,0,0,798,100.0,100.0
35,620,1,0,621,99.84,99.84
36,158,0,0,158,100.0,100.0
37,523,0,0,523,100.0,100.0
38,650,0,0,650,100.0,100.0
39,165,0,0,165,100.0,100.0
40,214,0,0,214,100.0,100.0
41,175,0,0,175,100.0,100.0
42,448,1,0,449,99.78,99.78
43,201,0,0,201,100.0,100.0
44,811,1,0,812,99.88,99.88
45,441,0,0,441,100.0,100.0
46,112,0,0,112,100.0,100.0
47,246,1,0,247,99.6,99.6
48,72,0,0,72,100.0,100.0
49,621,1,0,622,99.84,99.84
50,400,0,0,400,100.0,100.0
51,635,0,0,635,100.0,100.0
52,108,0,0,108,100.0,100.0
53,113,0,0,113,100.0,100.0
54,576,0,0,576,100.0,100.0
55,117,0,0,117,100.0,100.0
56,600,0,0,600,100.0,100.0
57,329,0,0,329,100.0,100.0
58,153,0,0,153,100.0,100.0
59,1022,1,0,1023,99.9,99.9
60,439,0,0,439,100.0,100.0
61,242,0,0,242,100.0,100.0
62,668,0,0,668,100.0,100.0
63,571,1,0,572,99.83,99.83
64,879,1,0,880,99.89,99.89
65,215,0,0,215,100.0,100.0
66,351,0,0,351,100.0,100.0
67,542,2,0,544,99.63,99.63
68,350,1,0,351,99.72,99.72
69,1626,1,0,1627,99.94,99.94
70,103,0,0,103,100.0,100.0
71,456,0,0,456,100.0,100.0
72,456,0,0,456,100.0,100.0
73,320,0,0,320,100.0,100.0
74,507,0,0,507,100.0,100.0
75,4190,1,0,4191,99.98,99.98
76,752,0,0,752,100.0,100.0
77,1068,0,0,1068,100.0,100.0
78,727,1,0,728,99.86,99.86
79,167,0,0,167,100.0,100.0
80,366,1,0,367,99.73,99.73
81,239,0,0,239,100.0,100.0
82,173,0,0,173,100.0,100.0
83,866,0,0,866,100.0,100.0
84,608,0,0,608,100.0,100.0
85,357,0,0,357,100.0,100.0
86,217,0,0,217,100.0,100.0
87,355,1,0,356,99.72,99.72
88,193,0,0,193,100.0,100.0
89,188,0,0,188,100.0,100.0
90,61,0,0,61,100.0,100.0
91,1346,2,0,1348,99.85,99.85
92,2485,0,0,2485,100.0,100.0
93,2640,0,0,2640,100.0,100.0
94,1963,0,0,1963,100.0,100.0
95,943,0,0,943,100.0,100.0
971,616,0,0,616,100.0,100.0
972,551,0,0,551,100.0,100.0
973,631,0,0,631,100.0,100.0
974,934,0,0,934,100.0,100.0
975,2,0,0,2,100.0,100.0
976,112,0,7,119,94.12,100.0
977,21,1,0,22,95.45,95.45
978,37,0,0,37,100.0,100.0
986,6,0,0,6,100.0,100.0
987,231,39,0,270,85.56,85.56
988,156,0,0,156,100.0,100.0
