zone,mode,population,baac_intersection,osm_croisement,accidents,voies_retrouvees,classes_divergentes,distance_superieure_30m,distance_manquante
En agglomération,EDPM,h2_avec_vl,hors_intersection,croisement_proche,26,26,0,0,0
En agglomération,EDPM,h2_avec_vl,hors_intersection,pas_de_croisement_proche,42,42,0,1,0
En agglomération,EDPM,h2_avec_vl,intersection,croisement_proche,78,78,0,0,0
En agglomération,EDPM,h2_avec_vl,intersection,pas_de_croisement_proche,30,30,0,0,0
En agglomération,EDPM,h2_tiers_motorise,hors_intersection,croisement_proche,31,31,0,0,0
En agglomération,EDPM,h2_tiers_motorise,hors_intersection,pas_de_croisement_proche,55,55,0,2,0
En agglomération,EDPM,h2_tiers_motorise,intersection,croisement_proche,99,99,0,0,0
En agglomération,EDPM,h2_tiers_motorise,intersection,pas_de_croisement_proche,40,40,0,1,0
En agglomération,VAE,h2_avec_vl,hors_intersection,croisement_proche,4,4,0,0,0
En agglomération,VAE,h2_avec_vl,hors_intersection,pas_de_croisement_proche,13,13,0,1,0
En agglomération,VAE,h2_avec_vl,intersection,croisement_proche,30,30,0,0,0
En agglomération,VAE,h2_avec_vl,intersection,pas_de_croisement_proche,10,10,0,0,0
En agglomération,VAE,h2_tiers_motorise,hors_intersection,croisement_proche,5,5,0,0,0
En agglomération,VAE,h2_tiers_motorise,hors_intersection,pas_de_croisement_proche,19,19,0,1,0
En agglomération,VAE,h2_tiers_motorise,intersection,croisement_proche,36,36,0,0,0
En agglomération,VAE,h2_tiers_motorise,intersection,pas_de_croisement_proche,16,16,0,0,0
En agglomération,VELO,h2_avec_vl,hors_intersection,croisement_proche,67,67,0,0,0
En agglomération,VELO,h2_avec_vl,hors_intersection,pas_de_croisement_proche,116,116,0,2,0
En agglomération,VELO,h2_avec_vl,intersection,croisement_proche,223,223,0,0,0
En agglomération,VELO,h2_avec_vl,intersection,pas_de_croisement_proche,86,86,0,2,0
En agglomération,VELO,h2_tiers_motorise,hors_intersection,croisement_proche,93,93,0,0,0
En agglomération,VELO,h2_tiers_motorise,hors_intersection,pas_de_croisement_proche,181,181,0,2,0
En agglomération,VELO,h2_tiers_motorise,intersection,croisement_proche,287,287,0,0,0
En agglomération,VELO,h2_tiers_motorise,intersection,pas_de_croisement_proche,119,119,0,2,0
Hors agglomération,EDPM,h2_avec_vl,hors_intersection,croisement_proche,3,3,0,0,0
Hors agglomération,EDPM,h2_avec_vl,hors_intersection,pas_de_croisement_proche,1,1,0,0,0
Hors agglomération,EDPM,h2_tiers_motorise,hors_intersection,croisement_proche,3,3,0,0,0
Hors agglomération,EDPM,h2_tiers_motorise,hors_intersection,pas_de_croisement_proche,1,1,0,0,0
Hors agglomération,EDPM,h5_edpm_hors_agglo_hors_cycleway,sans_objet,sans_objet,323,323,0,5,0
Hors agglomération,VAE,h2_avec_vl,hors_intersection,croisement_proche,1,1,0,0,0
Hors agglomération,VAE,h2_avec_vl,hors_intersection,pas_de_croisement_proche,1,1,0,0,0
Hors agglomération,VAE,h2_avec_vl,intersection,croisement_proche,4,4,0,0,0
Hors agglomération,VAE,h2_tiers_motorise,hors_intersection,croisement_proche,1,1,0,0,0
Hors agglomération,VAE,h2_tiers_motorise,hors_intersection,pas_de_croisement_proche,1,1,0,0,0
Hors agglomération,VAE,h2_tiers_motorise,intersection,croisement_proche,4,4,0,0,0
Hors agglomération,VELO,h2_avec_vl,hors_intersection,croisement_proche,4,4,0,0,0
Hors agglomération,VELO,h2_avec_vl,hors_intersection,pas_de_croisement_proche,10,10,0,0,0
Hors agglomération,VELO,h2_avec_vl,intersection,croisement_proche,18,18,0,0,0
Hors agglomération,VELO,h2_avec_vl,intersection,pas_de_croisement_proche,8,8,0,1,0
Hors agglomération,VELO,h2_tiers_motorise,hors_intersection,croisement_proche,5,5,0,0,0
Hors agglomération,VELO,h2_tiers_motorise,hors_intersection,pas_de_croisement_proche,16,16,0,0,0
Hors agglomération,VELO,h2_tiers_motorise,intersection,croisement_proche,22,22,0,0,0
Hors agglomération,VELO,h2_tiers_motorise,intersection,pas_de_croisement_proche,8,8,0,1,0
