,zone,type_voie,categorie_accident,Accidents VELO,Avec VELO indemne,Part avec VELO indemne (%),VELO indemnes (personnes),Avec VELO blessé léger,Part avec VELO blessé léger (%),VELO blesses_legers (personnes),Avec VELO hospitalisé,Part avec VELO hospitalisé (%),VELO hospitalises (personnes),Avec VELO tué,Part avec VELO tué (%),VELO tues (personnes)
0,En agglomération,Non apparié,Autre véhicule motorisé seulement,21,0,0.0,0,2,9.5,2,0,0.0,0,0,0.0,0
1,En agglomération,Non apparié,Piéton seul,4,0,0.0,0,0,0.0,0,0,0.0,0,0,0.0,0
2,En agglomération,Non apparié,Solo (sans piéton),3,0,0.0,0,1,33.3,1,0,0.0,0,0,0.0,0
3,En agglomération,Non apparié,Autre VELO seulement,1,0,0.0,0,0,0.0,0,0,0.0,0,0,0.0,0
4,En agglomération,Non apparié,Autre véhicule non motorisé seulement,1,0,0.0,0,0,0.0,0,0,0.0,0,0,0.0,0
5,En agglomération,cycleway,Autre véhicule motorisé seulement,718,2,0.3,2,78,10.9,78,14,1.9,14,3,0.4,3
6,En agglomération,cycleway,Solo (sans piéton),128,0,0.0,0,15,11.7,15,1,0.8,1,2,1.6,2
7,En agglomération,cycleway,Piéton seul,102,10,9.8,10,5,4.9,5,2,2.0,2,0,0.0,0
8,En agglomération,cycleway,Autre VELO seulement,74,3,4.1,3,8,10.8,11,3,4.1,3,0,0.0,0
9,En agglomération,cycleway,Autre véhicule non motorisé seulement,21,2,9.5,2,0,0.0,0,0,0.0,0,0,0.0,0
10,En agglomération,cycleway,Combinaison de tiers,10,0,0.0,0,0,0.0,0,0,0.0,0,0,0.0,0
11,En agglomération,cycleway,Véhicule indéterminé seulement,2,0,0.0,0,0,0.0,0,0,0.0,0,0,0.0,0
12,En agglomération,living_street,Autre véhicule motorisé seulement,174,0,0.0,0,24,13.8,24,1,0.6,1,0,0.0,0
13,En agglomération,living_street,Piéton seul,50,1,2.0,1,0,0.0,0,0,0.0,0,0,0.0,0
14,En agglomération,living_street,Solo (sans piéton),30,0,0.0,0,2,6.7,2,0,0.0,0,0,0.0,0
15,En agglomération,living_street,Autre VELO seulement,14,1,7.1,1,2,14.3,2,0,0.0,0,0,0.0,0
16,En agglomération,living_street,Autre véhicule non motorisé seulement,4,1,25.0,1,0,0.0,0,0,0.0,0,0,0.0,0
17,En agglomération,living_street,Combinaison de tiers,1,0,0.0,0,0,0.0,0,0,0.0,0,0,0.0,0
18,En agglomération,motorway,Autre véhicule motorisé seulement,9,0,0.0,0,1,11.1,1,0,0.0,0,0,0.0,0
19,En agglomération,motorway,Piéton seul,2,0,0.0,0,0,0.0,0,0,0.0,0,0,0.0,0
20,En agglomération,motorway,Solo (sans piéton),1,0,0.0,0,0,0.0,0,0,0.0,0,0,0.0,0
21,En agglomération,motorway,Véhicule indéterminé seulement,1,0,0.0,0,0,0.0,0,1,100.0,1,0,0.0,0
22,En agglomération,primary,Autre véhicule motorisé seulement,3650,17,0.5,17,483,13.2,485,107,2.9,107,11,0.3,11
23,En agglomération,primary,Solo (sans piéton),404,0,0.0,0,66,16.3,66,14,3.5,14,1,0.2,1
24,En agglomération,primary,Piéton seul,303,36,11.9,36,10,3.3,10,0,0.0,0,0,0.0,0
25,En agglomération,primary,Autre VELO seulement,162,16,9.9,16,28,17.3,39,0,0.0,0,0,0.0,0
26,En agglomération,primary,Combinaison de tiers,39,0,0.0,0,5,12.8,11,0,0.0,0,0,0.0,0
27,En agglomération,primary,Autre véhicule non motorisé seulement,32,0,0.0,0,2,6.2,2,0,0.0,0,0,0.0,0
28,En agglomération,primary,Véhicule indéterminé seulement,27,0,0.0,0,6,22.2,6,0,0.0,0,0,0.0,0
29,En agglomération,residential,Autre véhicule motorisé seulement,5317,14,0.3,14,675,12.7,678,156,2.9,157,7,0.1,7
30,En agglomération,residential,Solo (sans piéton),606,0,0.0,0,72,11.9,73,18,3.0,18,5,0.8,5
31,En agglomération,residential,Piéton seul,476,47,9.9,47,18,3.8,18,3,0.6,3,0,0.0,0
32,En agglomération,residential,Autre VELO seulement,142,17,12.0,17,21,14.8,23,1,0.7,1,0,0.0,0
33,En agglomération,residential,Combinaison de tiers,62,2,3.2,2,4,6.5,5,4,6.5,4,0,0.0,0
34,En agglomération,residential,Véhicule indéterminé seulement,44,0,0.0,0,2,4.5,2,2,4.5,2,0,0.0,0
35,En agglomération,residential,Autre véhicule non motorisé seulement,29,0,0.0,0,1,3.4,1,0,0.0,0,1,3.4,1
36,En agglomération,secondary,Autre véhicule motorisé seulement,4601,10,0.2,10,606,13.2,613,163,3.5,164,13,0.3,13
37,En agglomération,secondary,Solo (sans piéton),439,0,0.0,0,54,12.3,55,23,5.2,23,8,1.8,8
38,En agglomération,secondary,Piéton seul,303,27,8.9,27,12,4.0,12,1,0.3,1,0,0.0,0
39,En agglomération,secondary,Autre VELO seulement,95,8,8.4,8,8,8.4,8,0,0.0,0,0,0.0,0
40,En agglomération,secondary,Combinaison de tiers,51,3,5.9,3,5,9.8,8,2,3.9,3,0,0.0,0
41,En agglomération,secondary,Véhicule indéterminé seulement,36,0,0.0,0,2,5.6,2,0,0.0,0,0,0.0,0
42,En agglomération,secondary,Autre véhicule non motorisé seulement,19,0,0.0,0,2,10.5,2,1,5.3,1,1,5.3,1
43,En agglomération,service,Autre véhicule motorisé seulement,830,0,0.0,0,89,10.7,90,22,2.7,22,1,0.1,1
44,En agglomération,service,Solo (sans piéton),122,0,0.0,0,22,18.0,22,2,1.6,2,0,0.0,0
45,En agglomération,service,Piéton seul,80,8,10.0,8,3,3.8,3,0,0.0,0,0,0.0,0
46,En agglomération,service,Autre VELO seulement,50,5,10.0,5,8,16.0,12,1,2.0,1,0,0.0,0
47,En agglomération,service,Combinaison de tiers,11,1,9.1,1,0,0.0,0,0,0.0,0,0,0.0,0
48,En agglomération,service,Véhicule indéterminé seulement,9,0,0.0,0,1,11.1,1,2,22.2,2,0,0.0,0
49,En agglomération,service,Autre véhicule non motorisé seulement,8,0,0.0,0,1,12.5,1,0,0.0,0,0,0.0,0
50,En agglomération,tertiary,Autre véhicule motorisé seulement,3288,7,0.2,7,363,11.0,366,115,3.5,115,11,0.3,11
51,En agglomération,tertiary,Solo (sans piéton),384,0,0.0,0,40,10.4,41,20,5.2,20,4,1.0,4
52,En agglomération,tertiary,Piéton seul,224,18,8.0,18,7,3.1,7,2,0.9,2,0,0.0,0
53,En agglomération,tertiary,Autre VELO seulement,65,2,3.1,2,7,10.8,10,3,4.6,3,0,0.0,0
54,En agglomération,tertiary,Combinaison de tiers,46,3,6.5,10,8,17.4,13,2,4.3,2,0,0.0,0
55,En agglomération,tertiary,Véhicule indéterminé seulement,33,0,0.0,0,3,9.1,3,1,3.0,1,0,0.0,0
56,En agglomération,tertiary,Autre véhicule non motorisé seulement,22,0,0.0,0,2,9.1,2,0,0.0,0,0,0.0,0
57,En agglomération,track,Autre véhicule motorisé seulement,21,0,0.0,0,4,19.0,4,0,0.0,0,0,0.0,0
58,En agglomération,track,Solo (sans piéton),12,0,0.0,0,1,8.3,1,0,0.0,0,0,0.0,0
59,En agglomération,track,Autre VELO seulement,5,1,20.0,1,2,40.0,2,0,0.0,0,0,0.0,0
60,En agglomération,track,Piéton seul,2,1,50.0,1,0,0.0,0,0,0.0,0,0,0.0,0
61,En agglomération,track,Combinaison de tiers,1,0,0.0,0,0,0.0,0,0,0.0,0,0,0.0,0
62,En agglomération,trunk,Autre véhicule motorisé seulement,35,0,0.0,0,5,14.3,5,0,0.0,0,1,2.9,1
63,En agglomération,trunk,Solo (sans piéton),2,0,0.0,0,0,0.0,0,0,0.0,0,0,0.0,0
64,En agglomération,trunk,Autre VELO seulement,1,1,100.0,1,1,100.0,1,0,0.0,0,0,0.0,0
65,En agglomération,trunk,Combinaison de tiers,1,0,0.0,0,0,0.0,0,0,0.0,0,0,0.0,0
66,En agglomération,unclassified,Autre véhicule motorisé seulement,989,2,0.2,2,112,11.3,114,58,5.9,58,0,0.0,0
67,En agglomération,unclassified,Solo (sans piéton),137,0,0.0,0,9,6.6,9,10,7.3,10,3,2.2,3
68,En agglomération,unclassified,Piéton seul,57,6,10.5,7,2,3.5,2,0,0.0,0,0,0.0,0
69,En agglomération,unclassified,Autre VELO seulement,47,8,17.0,8,11,23.4,17,3,6.4,4,0,0.0,0
70,En agglomération,unclassified,Combinaison de tiers,12,1,8.3,1,1,8.3,1,0,0.0,0,0,0.0,0
71,En agglomération,unclassified,Véhicule indéterminé seulement,4,0,0.0,0,0,0.0,0,0,0.0,0,0,0.0,0
72,En agglomération,unclassified,Autre véhicule non motorisé seulement,2,0,0.0,0,0,0.0,0,0,0.0,0,0,0.0,0
73,Hors agglomération,Non apparié,Autre véhicule motorisé seulement,19,0,0.0,0,1,5.3,1,1,5.3,1,0,0.0,0
74,Hors agglomération,Non apparié,Solo (sans piéton),5,0,0.0,0,0,0.0,0,0,0.0,0,0,0.0,0
75,Hors agglomération,Non apparié,Autre VELO seulement,1,0,0.0,0,0,0.0,0,0,0.0,0,0,0.0,0
76,Hors agglomération,Non apparié,Piéton seul,1,0,0.0,0,0,0.0,0,0,0.0,0,0,0.0,0
77,Hors agglomération,Non apparié,Véhicule indéterminé seulement,1,0,0.0,0,0,0.0,0,0,0.0,0,0,0.0,0
78,Hors agglomération,cycleway,Autre véhicule motorisé seulement,52,0,0.0,0,4,7.7,4,6,11.5,6,0,0.0,0
79,Hors agglomération,cycleway,Solo (sans piéton),19,0,0.0,0,1,5.3,1,2,10.5,2,0,0.0,0
80,Hors agglomération,cycleway,Autre VELO seulement,18,5,27.8,5,4,22.2,4,3,16.7,3,1,5.6,1
81,Hors agglomération,cycleway,Piéton seul,5,1,20.0,1,0,0.0,0,0,0.0,0,0,0.0,0
82,Hors agglomération,cycleway,Autre véhicule non motorisé seulement,3,0,0.0,0,1,33.3,1,0,0.0,0,0,0.0,0
83,Hors agglomération,cycleway,Combinaison de tiers,1,0,0.0,0,0,0.0,0,0,0.0,0,0,0.0,0
84,Hors agglomération,living_street,Solo (sans piéton),1,0,0.0,0,0,0.0,0,0,0.0,0,0,0.0,0
85,Hors agglomération,motorway,Autre véhicule motorisé seulement,8,0,0.0,0,1,12.5,1,1,12.5,1,1,12.5,1
86,Hors agglomération,motorway,Solo (sans piéton),3,0,0.0,0,0,0.0,0,0,0.0,0,0,0.0,0
87,Hors agglomération,motorway,Combinaison de tiers,1,0,0.0,0,0,0.0,0,0,0.0,0,0,0.0,0
88,Hors agglomération,primary,Autre véhicule motorisé seulement,892,1,0.1,1,55,6.2,55,60,6.7,60,11,1.2,11
89,Hors agglomération,primary,Solo (sans piéton),79,0,0.0,0,4,5.1,4,5,6.3,5,1,1.3,1
90,Hors agglomération,primary,Combinaison de tiers,34,1,2.9,1,4,11.8,7,1,2.9,1,1,2.9,1
91,Hors agglomération,primary,Véhicule indéterminé seulement,13,0,0.0,0,1,7.7,1,3,23.1,3,0,0.0,0
92,Hors agglomération,primary,Autre VELO seulement,12,0,0.0,0,1,8.3,1,1,8.3,1,0,0.0,0
93,Hors agglomération,primary,Autre véhicule non motorisé seulement,2,0,0.0,0,0,0.0,0,0,0.0,0,0,0.0,0
94,Hors agglomération,primary,Piéton seul,2,0,0.0,0,0,0.0,0,1,50.0,1,0,0.0,0
95,Hors agglomération,residential,Autre véhicule motorisé seulement,129,0,0.0,0,13,10.1,13,11,8.5,11,1,0.8,1
96,Hors agglomération,residential,Solo (sans piéton),30,0,0.0,0,0,0.0,0,3,10.0,3,0,0.0,0
97,Hors agglomération,residential,Autre VELO seulement,7,1,14.3,1,0,0.0,0,1,14.3,1,0,0.0,0
98,Hors agglomération,residential,Combinaison de tiers,7,0,0.0,0,1,14.3,1,2,28.6,3,0,0.0,0
99,Hors agglomération,residential,Piéton seul,6,0,0.0,0,1,16.7,1,0,0.0,0,0,0.0,0
100,Hors agglomération,residential,Véhicule indéterminé seulement,3,0,0.0,0,0,0.0,0,0,0.0,0,0,0.0,0
101,Hors agglomération,secondary,Autre véhicule motorisé seulement,1193,1,0.1,1,81,6.8,83,99,8.3,99,25,2.1,25
102,Hors agglomération,secondary,Solo (sans piéton),254,0,0.0,0,13,5.1,13,24,9.4,24,7,2.8,7
103,Hors agglomération,secondary,Combinaison de tiers,74,4,5.4,4,7,9.5,8,9,12.2,11,4,5.4,6
104,Hors agglomération,secondary,Autre VELO seulement,54,4,7.4,4,4,7.4,7,6,11.1,8,1,1.9,1
105,Hors agglomération,secondary,Véhicule indéterminé seulement,22,0,0.0,0,3,13.6,3,1,4.5,1,2,9.1,2
106,Hors agglomération,secondary,Piéton seul,6,2,33.3,2,0,0.0,0,1,16.7,1,0,0.0,0
107,Hors agglomération,service,Autre véhicule motorisé seulement,78,0,0.0,0,12,15.4,12,2,2.6,2,0,0.0,0
108,Hors agglomération,service,Solo (sans piéton),15,0,0.0,0,2,13.3,2,0,0.0,0,0,0.0,0
109,Hors agglomération,service,Autre VELO seulement,6,0,0.0,0,0,0.0,0,1,16.7,1,1,16.7,1
110,Hors agglomération,service,Piéton seul,1,0,0.0,0,0,0.0,0,0,0.0,0,0,0.0,0
111,Hors agglomération,tertiary,Autre véhicule motorisé seulement,871,1,0.1,1,36,4.1,36,72,8.3,72,10,1.1,10
112,Hors agglomération,tertiary,Solo (sans piéton),278,0,0.0,0,11,4.0,11,19,6.8,19,14,5.0,14
113,Hors agglomération,tertiary,Combinaison de tiers,55,2,3.6,2,7,12.7,13,7,12.7,9,2,3.6,2
114,Hors agglomération,tertiary,Autre VELO seulement,42,3,7.1,3,3,7.1,5,3,7.1,3,0,0.0,0
115,Hors agglomération,tertiary,Piéton seul,12,0,0.0,0,1,8.3,1,0,0.0,0,0,0.0,0
116,Hors agglomération,tertiary,Véhicule indéterminé seulement,11,0,0.0,0,0,0.0,0,0,0.0,0,0,0.0,0
117,Hors agglomération,track,Autre véhicule motorisé seulement,49,0,0.0,0,0,0.0,0,2,4.1,2,1,2.0,1
118,Hors agglomération,track,Solo (sans piéton),29,0,0.0,0,0,0.0,0,2,6.9,2,1,3.4,1
119,Hors agglomération,track,Autre VELO seulement,7,2,28.6,2,0,0.0,0,2,28.6,2,0,0.0,0
120,Hors agglomération,track,Combinaison de tiers,6,0,0.0,0,1,16.7,1,1,16.7,1,0,0.0,0
121,Hors agglomération,track,Piéton seul,1,0,0.0,0,0,0.0,0,0,0.0,0,0,0.0,0
122,Hors agglomération,trunk,Autre véhicule motorisé seulement,48,0,0.0,0,5,10.4,5,0,0.0,0,0,0.0,0
123,Hors agglomération,trunk,Solo (sans piéton),4,0,0.0,0,0,0.0,0,0,0.0,0,0,0.0,0
124,Hors agglomération,trunk,Combinaison de tiers,3,0,0.0,0,0,0.0,0,0,0.0,0,0,0.0,0
125,Hors agglomération,trunk,Véhicule indéterminé seulement,2,0,0.0,0,0,0.0,0,0,0.0,0,0,0.0,0
126,Hors agglomération,trunk,Autre VELO seulement,1,0,0.0,0,0,0.0,0,0,0.0,0,0,0.0,0
127,Hors agglomération,unclassified,Autre véhicule motorisé seulement,369,0,0.0,0,14,3.8,14,33,8.9,33,2,0.5,2
128,Hors agglomération,unclassified,Solo (sans piéton),163,0,0.0,0,5,3.1,5,20,12.3,20,6,3.7,6
129,Hors agglomération,unclassified,Autre VELO seulement,18,2,11.1,2,3,16.7,4,2,11.1,2,0,0.0,0
130,Hors agglomération,unclassified,Combinaison de tiers,18,1,5.6,1,2,11.1,2,2,11.1,2,1,5.6,1
131,Hors agglomération,unclassified,Piéton seul,6,0,0.0,0,3,50.0,3,0,0.0,0,0,0.0,0
132,Hors agglomération,unclassified,Véhicule indéterminé seulement,5,0,0.0,0,0,0.0,0,0,0.0,0,0,0.0,0
133,Hors agglomération,unclassified,Autre véhicule non motorisé seulement,2,0,0.0,0,0,0.0,0,0,0.0,0,0,0.0,0
