,zone,type_voie,categorie_accident,Accidents CYCLO,Avec CYCLO indemne,Part avec CYCLO indemne (%),CYCLO indemnes (personnes),Avec CYCLO blessé léger,Part avec CYCLO blessé léger (%),CYCLO blesses_legers (personnes),Avec CYCLO hospitalisé,Part avec CYCLO hospitalisé (%),CYCLO hospitalises (personnes),Avec CYCLO tué,Part avec CYCLO tué (%),CYCLO tues (personnes)
0,En agglomération,Non apparié,Autre véhicule motorisé seulement,28,1,3.6,1,10,35.7,10,19,67.9,19,1,3.6,1
1,En agglomération,Non apparié,Solo (sans piéton),15,1,6.7,1,3,20.0,3,11,73.3,12,3,20.0,3
2,En agglomération,Non apparié,Autre CYCLO seulement,5,1,20.0,1,4,80.0,6,4,80.0,4,0,0.0,0
3,En agglomération,Non apparié,Piéton seul,3,2,66.7,2,0,0.0,0,0,0.0,0,0,0.0,0
4,En agglomération,Non apparié,Autre véhicule non motorisé seulement,2,0,0.0,0,1,50.0,1,1,50.0,1,0,0.0,0
5,En agglomération,cycleway,Autre véhicule motorisé seulement,125,10,8.0,10,93,74.4,100,26,20.8,27,1,0.8,1
6,En agglomération,cycleway,Solo (sans piéton),24,1,4.2,1,12,50.0,12,11,45.8,11,1,4.2,1
7,En agglomération,cycleway,Piéton seul,17,10,58.8,10,6,35.3,6,0,0.0,0,0,0.0,0
8,En agglomération,cycleway,Autre véhicule non motorisé seulement,14,10,71.4,12,3,21.4,3,1,7.1,1,0,0.0,0
9,En agglomération,cycleway,Véhicule indéterminé seulement,3,0,0.0,0,3,100.0,3,0,0.0,0,0,0.0,0
10,En agglomération,cycleway,Autre CYCLO seulement,2,1,50.0,2,1,50.0,2,1,50.0,3,0,0.0,0
11,En agglomération,living_street,Autre véhicule motorisé seulement,49,3,6.1,3,40,81.6,41,8,16.3,8,0,0.0,0
12,En agglomération,living_street,Solo (sans piéton),9,0,0.0,0,6,66.7,7,3,33.3,3,0,0.0,0
13,En agglomération,living_street,Piéton seul,7,7,100.0,8,0,0.0,0,0,0.0,0,0,0.0,0
14,En agglomération,living_street,Autre véhicule non motorisé seulement,2,1,50.0,1,1,50.0,1,0,0.0,0,0,0.0,0
15,En agglomération,living_street,Autre CYCLO seulement,1,1,100.0,1,1,100.0,1,0,0.0,0,0,0.0,0
16,En agglomération,motorway,Autre véhicule motorisé seulement,4,0,0.0,0,0,0.0,0,2,50.0,2,1,25.0,1
17,En agglomération,motorway,Autre CYCLO seulement,1,1,100.0,1,1,100.0,1,1,100.0,1,1,100.0,1
18,En agglomération,motorway,Solo (sans piéton),1,0,0.0,0,1,100.0,2,0,0.0,0,0,0.0,0
19,En agglomération,primary,Autre véhicule motorisé seulement,2191,124,5.7,126,1546,70.6,1645,602,27.5,621,33,1.5,34
20,En agglomération,primary,Solo (sans piéton),364,19,5.2,19,205,56.3,220,156,42.9,160,16,4.4,16
21,En agglomération,primary,Piéton seul,104,71,68.3,71,21,20.2,22,3,2.9,3,0,0.0,0
22,En agglomération,primary,Autre véhicule non motorisé seulement,39,19,48.7,19,13,33.3,14,1,2.6,1,0,0.0,0
23,En agglomération,primary,Autre CYCLO seulement,24,18,75.0,21,14,58.3,19,11,45.8,14,0,0.0,0
24,En agglomération,primary,Combinaison de tiers,17,8,47.1,8,10,58.8,11,3,17.6,3,0,0.0,0
25,En agglomération,primary,Véhicule indéterminé seulement,12,2,16.7,2,8,66.7,8,3,25.0,3,1,8.3,1
26,En agglomération,residential,Autre véhicule motorisé seulement,2910,176,6.0,180,2069,71.1,2225,867,29.8,911,18,0.6,19
27,En agglomération,residential,Solo (sans piéton),637,37,5.8,37,330,51.8,349,307,48.2,315,19,3.0,19
28,En agglomération,residential,Piéton seul,120,80,66.7,81,30,25.0,30,4,3.3,4,1,0.8,1
29,En agglomération,residential,Autre véhicule non motorisé seulement,77,50,64.9,51,22,28.6,22,4,5.2,4,0,0.0,0
30,En agglomération,residential,Autre CYCLO seulement,53,31,58.5,35,40,75.5,56,23,43.4,26,2,3.8,2
31,En agglomération,residential,Combinaison de tiers,17,5,29.4,6,10,58.8,19,7,41.2,8,0,0.0,0
32,En agglomération,residential,Véhicule indéterminé seulement,12,2,16.7,2,8,66.7,8,3,25.0,3,0,0.0,0
33,En agglomération,secondary,Autre véhicule motorisé seulement,2989,186,6.2,187,2071,69.3,2220,884,29.6,923,39,1.3,39
34,En agglomération,secondary,Solo (sans piéton),586,30,5.1,32,295,50.3,312,292,49.8,299,18,3.1,18
35,En agglomération,secondary,Piéton seul,138,92,66.7,93,30,21.7,31,4,2.9,4,0,0.0,0
36,En agglomération,secondary,Autre CYCLO seulement,62,43,69.4,48,45,72.6,64,23,37.1,28,1,1.6,1
37,En agglomération,secondary,Autre véhicule non motorisé seulement,57,25,43.9,26,25,43.9,28,1,1.8,1,1,1.8,1
38,En agglomération,secondary,Combinaison de tiers,26,9,34.6,10,18,69.2,26,8,30.8,13,0,0.0,0
39,En agglomération,secondary,Véhicule indéterminé seulement,20,0,0.0,0,13,65.0,13,6,30.0,7,1,5.0,1
40,En agglomération,service,Autre véhicule motorisé seulement,422,29,6.9,29,308,73.0,337,124,29.4,129,2,0.5,2
41,En agglomération,service,Solo (sans piéton),83,4,4.8,4,44,53.0,48,37,44.6,37,6,7.2,6
42,En agglomération,service,Piéton seul,22,18,81.8,18,3,13.6,3,0,0.0,0,0,0.0,0
43,En agglomération,service,Autre véhicule non motorisé seulement,14,6,42.9,6,8,57.1,9,0,0.0,0,0,0.0,0
44,En agglomération,service,Autre CYCLO seulement,10,5,50.0,5,8,80.0,12,3,30.0,3,0,0.0,0
45,En agglomération,service,Combinaison de tiers,3,0,0.0,0,3,100.0,4,1,33.3,1,0,0.0,0
46,En agglomération,service,Véhicule indéterminé seulement,2,1,50.0,1,2,100.0,2,0,0.0,0,0,0.0,0
47,En agglomération,tertiary,Autre véhicule motorisé seulement,2049,124,6.1,126,1353,66.0,1465,689,33.6,715,26,1.3,26
48,En agglomération,tertiary,Solo (sans piéton),524,23,4.4,23,226,43.1,240,290,55.3,298,27,5.2,28
49,En agglomération,tertiary,Piéton seul,72,47,65.3,50,15,20.8,17,4,5.6,4,0,0.0,0
50,En agglomération,tertiary,Autre véhicule non motorisé seulement,46,25,54.3,26,15,32.6,15,2,4.3,2,0,0.0,0
51,En agglomération,tertiary,Autre CYCLO seulement,32,20,62.5,22,25,78.1,32,14,43.8,17,0,0.0,0
52,En agglomération,tertiary,Combinaison de tiers,17,4,23.5,4,12,70.6,14,3,17.6,3,0,0.0,0
53,En agglomération,tertiary,Véhicule indéterminé seulement,8,2,25.0,2,5,62.5,5,2,25.0,2,1,12.5,1
54,En agglomération,track,Autre véhicule motorisé seulement,33,4,12.1,4,12,36.4,14,18,54.5,18,3,9.1,3
55,En agglomération,track,Solo (sans piéton),21,1,4.8,1,10,47.6,10,8,38.1,8,3,14.3,3
56,En agglomération,track,Piéton seul,4,3,75.0,3,1,25.0,1,0,0.0,0,0,0.0,0
57,En agglomération,track,Autre CYCLO seulement,1,0,0.0,0,0,0.0,0,1,100.0,2,0,0.0,0
58,En agglomération,track,Autre véhicule non motorisé seulement,1,1,100.0,1,0,0.0,0,0,0.0,0,0,0.0,0
59,En agglomération,trunk,Autre véhicule motorisé seulement,39,3,7.7,3,32,82.1,35,7,17.9,7,0,0.0,0
60,En agglomération,trunk,Solo (sans piéton),4,0,0.0,0,2,50.0,2,2,50.0,2,0,0.0,0
61,En agglomération,unclassified,Autre véhicule motorisé seulement,652,22,3.4,22,402,61.7,428,252,38.7,265,13,2.0,13
62,En agglomération,unclassified,Solo (sans piéton),206,15,7.3,15,76,36.9,85,127,61.7,130,9,4.4,9
63,En agglomération,unclassified,Piéton seul,35,14,40.0,14,17,48.6,18,4,11.4,4,0,0.0,0
64,En agglomération,unclassified,Autre véhicule non motorisé seulement,19,10,52.6,10,8,42.1,8,0,0.0,0,0,0.0,0
65,En agglomération,unclassified,Autre CYCLO seulement,15,9,60.0,10,10,66.7,17,8,53.3,9,0,0.0,0
66,En agglomération,unclassified,Combinaison de tiers,6,2,33.3,2,3,50.0,4,3,50.0,3,0,0.0,0
67,En agglomération,unclassified,Véhicule indéterminé seulement,5,0,0.0,0,3,60.0,3,1,20.0,1,0,0.0,0
68,Hors agglomération,Non apparié,Autre véhicule motorisé seulement,34,2,5.9,3,9,26.5,10,22,64.7,25,4,11.8,5
69,Hors agglomération,Non apparié,Solo (sans piéton),21,3,14.3,3,1,4.8,1,16,76.2,16,4,19.0,4
70,Hors agglomération,Non apparié,Autre CYCLO seulement,1,1,100.0,2,0,0.0,0,1,100.0,1,0,0.0,0
71,Hors agglomération,Non apparié,Piéton seul,1,1,100.0,2,0,0.0,0,0,0.0,0,0,0.0,0
72,Hors agglomération,cycleway,Autre véhicule motorisé seulement,19,0,0.0,0,9,47.4,10,8,42.1,10,2,10.5,2
73,Hors agglomération,cycleway,Solo (sans piéton),6,0,0.0,0,0,0.0,0,6,100.0,6,0,0.0,0
74,Hors agglomération,cycleway,Autre CYCLO seulement,3,1,33.3,1,1,33.3,1,3,100.0,4,0,0.0,0
75,Hors agglomération,cycleway,Autre véhicule non motorisé seulement,1,0,0.0,0,1,100.0,1,0,0.0,0,0,0.0,0
76,Hors agglomération,cycleway,Piéton seul,1,0,0.0,0,1,100.0,1,0,0.0,0,0,0.0,0
77,Hors agglomération,cycleway,Véhicule indéterminé seulement,1,0,0.0,0,1,100.0,1,0,0.0,0,0,0.0,0
78,Hors agglomération,living_street,Autre CYCLO seulement,1,1,100.0,1,0,0.0,0,1,100.0,1,0,0.0,0
79,Hors agglomération,living_street,Solo (sans piéton),1,0,0.0,0,1,100.0,1,0,0.0,0,0,0.0,0
80,Hors agglomération,motorway,Autre véhicule motorisé seulement,37,1,2.7,1,19,51.4,20,13,35.1,13,6,16.2,6
81,Hors agglomération,motorway,Solo (sans piéton),16,0,0.0,0,9,56.2,10,5,31.2,5,2,12.5,2
82,Hors agglomération,motorway,Autre CYCLO seulement,1,1,100.0,1,1,100.0,1,0,0.0,0,0,0.0,0
83,Hors agglomération,motorway,Combinaison de tiers,1,0,0.0,0,0,0.0,0,1,100.0,4,0,0.0,0
84,Hors agglomération,motorway,Véhicule indéterminé seulement,1,0,0.0,0,0,0.0,0,1,100.0,1,0,0.0,0
85,Hors agglomération,primary,Autre véhicule motorisé seulement,797,32,4.0,32,298,37.4,343,436,54.7,462,87,10.9,93
86,Hors agglomération,primary,Solo (sans piéton),244,13,5.3,13,85,34.8,91,141,57.8,148,20,8.2,20
87,Hors agglomération,primary,Véhicule indéterminé seulement,13,0,0.0,0,8,61.5,9,5,38.5,5,0,0.0,0
88,Hors agglomération,primary,Combinaison de tiers,11,4,36.4,5,6,54.5,10,1,9.1,1,4,36.4,4
89,Hors agglomération,primary,Piéton seul,9,5,55.6,6,3,33.3,3,1,11.1,1,0,0.0,0
90,Hors agglomération,primary,Autre CYCLO seulement,6,3,50.0,5,4,66.7,9,3,50.0,3,0,0.0,0
91,Hors agglomération,primary,Autre véhicule non motorisé seulement,6,4,66.7,4,2,33.3,2,0,0.0,0,0,0.0,0
92,Hors agglomération,residential,Autre véhicule motorisé seulement,144,7,4.9,7,78,54.2,83,70,48.6,73,2,1.4,2
93,Hors agglomération,residential,Solo (sans piéton),67,4,6.0,4,29,43.3,32,36,53.7,36,4,6.0,4
94,Hors agglomération,residential,Autre CYCLO seulement,7,3,42.9,4,3,42.9,4,6,85.7,7,0,0.0,0
95,Hors agglomération,residential,Piéton seul,4,1,25.0,1,2,50.0,3,1,25.0,1,0,0.0,0
96,Hors agglomération,residential,Véhicule indéterminé seulement,3,0,0.0,0,2,66.7,3,1,33.3,2,0,0.0,0
97,Hors agglomération,residential,Autre véhicule non motorisé seulement,2,2,100.0,2,0,0.0,0,0,0.0,0,0,0.0,0
98,Hors agglomération,residential,Combinaison de tiers,1,1,100.0,1,1,100.0,1,1,100.0,1,0,0.0,0
99,Hors agglomération,secondary,Autre véhicule motorisé seulement,759,19,2.5,19,250,32.9,273,463,61.0,489,67,8.8,68
100,Hors agglomération,secondary,Solo (sans piéton),374,12,3.2,12,152,40.6,159,221,59.1,227,18,4.8,18
101,Hors agglomération,secondary,Autre CYCLO seulement,23,14,60.9,18,13,56.5,17,16,69.6,16,1,4.3,1
102,Hors agglomération,secondary,Autre véhicule non motorisé seulement,10,6,60.0,6,3,30.0,3,1,10.0,1,0,0.0,0
103,Hors agglomération,secondary,Piéton seul,7,7,100.0,7,0,0.0,0,1,14.3,1,0,0.0,0
104,Hors agglomération,secondary,Combinaison de tiers,6,1,16.7,1,4,66.7,9,3,50.0,4,0,0.0,0
105,Hors agglomération,secondary,Véhicule indéterminé seulement,5,0,0.0,0,5,100.0,5,1,20.0,1,0,0.0,0
106,Hors agglomération,service,Autre véhicule motorisé seulement,66,2,3.0,2,36,54.5,40,26,39.4,26,5,7.6,5
107,Hors agglomération,service,Solo (sans piéton),18,0,0.0,0,8,44.4,8,7,38.9,7,3,16.7,3
108,Hors agglomération,service,Autre CYCLO seulement,4,1,25.0,1,3,75.0,8,2,50.0,3,0,0.0,0
109,Hors agglomération,service,Piéton seul,2,0,0.0,0,2,100.0,2,0,0.0,0,0,0.0,0
110,Hors agglomération,service,Combinaison de tiers,1,0,0.0,0,0,0.0,0,1,100.0,1,0,0.0,0
111,Hors agglomération,tertiary,Autre véhicule motorisé seulement,693,18,2.6,18,223,32.2,234,441,63.6,458,48,6.9,48
112,Hors agglomération,tertiary,Solo (sans piéton),470,29,6.2,29,178,37.9,187,282,60.0,287,24,5.1,24
113,Hors agglomération,tertiary,Autre CYCLO seulement,26,14,53.8,16,15,57.7,20,20,76.9,22,1,3.8,1
114,Hors agglomération,tertiary,Autre véhicule non motorisé seulement,13,8,61.5,8,3,23.1,5,2,15.4,2,0,0.0,0
115,Hors agglomération,tertiary,Combinaison de tiers,9,6,66.7,7,3,33.3,5,6,66.7,7,1,11.1,1
116,Hors agglomération,tertiary,Piéton seul,7,4,57.1,4,2,28.6,2,1,14.3,1,0,0.0,0
117,Hors agglomération,tertiary,Véhicule indéterminé seulement,6,0,0.0,0,3,50.0,4,3,50.0,3,0,0.0,0
118,Hors agglomération,track,Solo (sans piéton),52,3,5.8,3,27,51.9,30,24,46.2,24,3,5.8,3
119,Hors agglomération,track,Autre véhicule motorisé seulement,41,3,7.3,3,9,22.0,9,31,75.6,34,2,4.9,2
120,Hors agglomération,track,Autre CYCLO seulement,4,4,100.0,4,1,25.0,1,4,100.0,6,0,0.0,0
121,Hors agglomération,track,Autre véhicule non motorisé seulement,2,2,100.0,2,0,0.0,0,0,0.0,0,0,0.0,0
122,Hors agglomération,trunk,Autre véhicule motorisé seulement,63,1,1.6,1,21,33.3,23,33,52.4,37,13,20.6,15
123,Hors agglomération,trunk,Solo (sans piéton),22,2,9.1,2,6,27.3,6,14,63.6,14,2,9.1,2
124,Hors agglomération,trunk,Combinaison de tiers,4,3,75.0,4,1,25.0,1,1,25.0,1,0,0.0,0
125,Hors agglomération,trunk,Piéton seul,2,1,50.0,1,1,50.0,1,0,0.0,0,0,0.0,0
126,Hors agglomération,trunk,Autre CYCLO seulement,1,0,0.0,0,0,0.0,0,1,100.0,2,0,0.0,0
127,Hors agglomération,unclassified,Autre véhicule motorisé seulement,458,15,3.3,15,119,26.0,122,333,72.7,346,17,3.7,18
128,Hors agglomération,unclassified,Solo (sans piéton),276,17,6.2,17,98,35.5,104,168,60.9,172,17,6.2,17
129,Hors agglomération,unclassified,Autre CYCLO seulement,12,4,33.3,5,8,66.7,12,9,75.0,10,0,0.0,0
130,Hors agglomération,unclassified,Autre véhicule non motorisé seulement,10,5,50.0,5,3,30.0,3,2,20.0,2,0,0.0,0
131,Hors agglomération,unclassified,Combinaison de tiers,4,2,50.0,3,1,25.0,2,1,25.0,2,0,0.0,0
132,Hors agglomération,unclassified,Piéton seul,4,2,50.0,2,1,25.0,1,1,25.0,1,0,0.0,0
133,Hors agglomération,unclassified,Véhicule indéterminé seulement,2,0,0.0,0,1,50.0,1,1,50.0,1,0,0.0,0
