,Num_Acc,geometry,osm_way_id,highway,distance_m,match_status,osm_source,catr,voie,circ,nbv,vosp,plan,larrout,infra,situ,vma,_merge
0,202400000370.0,POINT (-1.0378860000000003 47.400067),,,,unmatched,bretagne-240101.geoparquet,3.0,8,2,2,0,1, -1,9,1,70,both
1,202400000598.0,POINT (-1.831068999999999 47.625284999999984),,,,unmatched,bretagne-240101.geoparquet,3.0,125,2,2,0,1,5,5,1,80,both
2,202400000598.0,POINT (-1.831068999999999 47.625284999999984),,,,unmatched,bretagne-240101.geoparquet,3.0,15,2,2,0,1,5,5,1,80,both
3,202400001098.0,POINT (-1.559969999999999 48.82592999999999),,,,unmatched,bretagne-240101.geoparquet,3.0,AVRANCHES (ROUTE D'),2,2,0,1,7,0,1,80,both
4,202400001100.0,POINT (-1.5703299999999993 48.810219999999994),,,,unmatched,bretagne-240101.geoparquet,3.0,MATHURIN (RUE CHARLES),2,2,0,1,"5,5",0,1,30,both
5,202400001224.0,POINT (-1.5084100000000003 48.631774000000014),,,,unmatched,bretagne-240101.geoparquet,5.0,N/A,2,2,0,1, -1,0,1,30,both
6,202400001277.0,POINT (-1.4852999999999996 48.83690599999999),,,,unmatched,bretagne-240101.geoparquet,3.0,924,2,2,0,1,7,0,1,80,both
7,202400001327.0,POINT (-2.089977000000001 47.42320999999998),,,,unmatched,bretagne-240101.geoparquet,3.0,D773,2,2,0,1,7,0,1,80,both
8,202400001585.0,POINT (-2.423703999999999 47.330838000000014),,,,unmatched,bretagne-240101.geoparquet,3.0,D51,2,2,0,1, -1,0,1,30,both
9,202400001589.0,POINT (-1.7324656299999994 47.40749166999998),,,,unmatched,bretagne-240101.geoparquet,3.0,16,2,2,0,2,5,0,1,80,both
10,202400001589.0,POINT (-1.7324656299999994 47.40749166999998),,,,unmatched,bretagne-240101.geoparquet,3.0,42,2,2,0,1,5,0,1,80,both
11,202400002398.0,POINT (-3.396696 47.734202999999994),,,,unmatched,bretagne-240101.geoparquet,9.0,SCHOELCHER (RUE  VICTOR ), -1, -1,0,1, -1,0,6,10,both
12,202400002411.0,POINT (-1.9273169999999986 47.37164399999998),,,,unmatched,bretagne-240101.geoparquet,2.0,171,3,4,0,3, -1,3,1,110,both
13,202400002687.0,POINT (-2.059372 47.47178),,,,unmatched,bretagne-240101.geoparquet,4.0,N/A,2,2,0,1, -1,0,1,50,both
14,202400002852.0,POINT (-1.0915089999999996 47.66061799999999),,,,unmatched,bretagne-240101.geoparquet,3.0,6,2,2,0,1,"5,5",0,1,90,both
15,202400002852.0,POINT (-1.0915089999999996 47.66061799999999),,,,unmatched,bretagne-240101.geoparquet,3.0,N/A,2, -1, -1,1, -1,0,1, -1,both
16,202400002925.0,POINT (-1.8239339999999995 47.61723700000002),,,,unmatched,bretagne-240101.geoparquet,3.0,D15,2,2,0,1,5,0,3,80,both
17,202400002927.0,POINT (-1.4556459999999996 47.774633),,,,unmatched,bretagne-240101.geoparquet,3.0,RD 44,2,2,0,3,5,0,3,80,both
18,202400003355.0,POINT (-1.254999999999999 47.379061),,,,unmatched,bretagne-240101.geoparquet,3.0,23,2,2,0,1,5,0,1,50,both
19,202400003427.0,POINT (-2.182272 47.329955999999996),,,,unmatched,bretagne-240101.geoparquet,4.0,N/A,2,2,0,2, -1,0,1,50,both
20,202400003440.0,POINT (-1.38961 48.944303),,,,unmatched,bretagne-240101.geoparquet,3.0,7,2,2,0,1,"5,5",0,1,80,both
21,202400003440.0,POINT (-1.38961 48.944303),,,,unmatched,bretagne-240101.geoparquet,3.0,N/A,2, -1, -1,2, -1,0,1, -1,both
22,202400003541.0,POINT (-0.947285999999999 47.57665200000001),,,,unmatched,bretagne-240101.geoparquet,3.0,770,2,2,0,1,7,0,1,90,both
23,202400003749.0,POINT (-1.566670000000001 48.83796999999999),,,,unmatched,bretagne-240101.geoparquet,3.0,MATIGNON (AV DES),2,2,0,1, -1,0,1,50,both
24,202400003927.0,POINT (-0.9942200000000011 47.759637000000005),,,,unmatched,bretagne-240101.geoparquet,3.0,71,2,2,0,1,4,0,1, -1,both
25,202400004280.0,POINT (-1.1922629999999994 48.806482),,,,unmatched,bretagne-240101.geoparquet,3.0,999,2,2,0,3,7,0,1,80,both
26,202400004308.0,POINT (-1.1425669999999999 48.670139000000006),,,,unmatched,bretagne-240101.geoparquet,3.0,999,2,2,0,1,"5,5",0,1,80,both
27,202400004308.0,POINT (-1.1425669999999999 48.670139000000006),,,,unmatched,bretagne-240101.geoparquet,3.0,N/A,2, -1, -1,1, -1,0,1,50,both
28,202400004564.0,POINT (-1.580059999999999 48.83569999999998),,,,unmatched,bretagne-240101.geoparquet,3.0,ARISTIDE BRIAND (AVENUE),2,1,0,1, -1,0,1,50,both
29,202400004650.0,POINT (-1.3020944599999986 47.63514055),,,,unmatched,bretagne-240101.geoparquet,3.0,32,2,2,0,1,5,5,1,80,both
30,202400004650.0,POINT (-1.3020944599999986 47.63514055),,,,unmatched,bretagne-240101.geoparquet,3.0,D14,2,2,0,1,5,0,1,80,both
31,202400005016.0,POINT (-1.5297070000000001 48.939268000000006),,,,unmatched,bretagne-240101.geoparquet,3.0,20,2,2,0,1,"5,5",0,1,80,both
32,202400005016.0,POINT (-1.5297070000000001 48.939268000000006),,,,unmatched,bretagne-240101.geoparquet,3.0,N/A,2,2,0,1,"5,5",0,1,80,both
33,202400005185.0,POINT (-1.5484699999999996 48.80408),,,,unmatched,bretagne-240101.geoparquet,3.0,CHESNAY (ROUTE DU),2,1,0,1,3,5,1,80,both
34,202400005185.0,POINT (-1.5484699999999996 48.80408),,,,unmatched,bretagne-240101.geoparquet,3.0,LANDE (ROUTE),2,1,0,1,3,5,1,80,both
35,202400005229.0,POINT (-1.0979519999999992 47.407309999999995),,,,unmatched,bretagne-240101.geoparquet,3.0,112,2,2,0,1,5,0,1,80,both
36,202400006016.0,POINT (-1.322737 47.359816),,,,unmatched,bretagne-240101.geoparquet,1.0,A11,3,4,0,1,"10,5",0,1,130,both
37,202400006244.0,POINT (-1.5154369999999997 47.642803000000015),,,,unmatched,bretagne-240101.geoparquet,3.0,771,2,2,0,1,7,0,1,80,both
38,202400006529.0,POINT (-1.388069999999999 48.914314000000005),,,,unmatched,bretagne-240101.geoparquet,3.0,98,2,2,0,1,4,0,3,80,both
39,202400006532.0,POINT (-1.4345959999999998 48.83628099999999),,,,unmatched,bretagne-240101.geoparquet,3.0,924,2,2,0,1,7,0,1,80,both
40,202400006698.0,POINT (-2.0113210000000006 47.37714499999999),,,,unmatched,bretagne-240101.geoparquet,4.0,9,2,2,0,1, -1,0,1,50,both
41,202400007121.0,POINT (-1.0257205099999993 47.81250808),,,,unmatched,bretagne-240101.geoparquet,3.0,771,2,2,0,1,7,0,1,90,both
42,202400007259.0,POINT (-1.1542669999999997 48.922161),,,,unmatched,bretagne-240101.geoparquet,3.0,452,2,2,0,4,4,0,1,80,both
43,202400007259.0,POINT (-1.1542669999999997 48.922161),,,,unmatched,bretagne-240101.geoparquet,3.0,98,2,2,0,1,4,0,1,80,both
44,202400007399.0,POINT (-1.6493230000000003 47.447982),,,,unmatched,bretagne-240101.geoparquet,3.0,164,2,2,0,1,7,0,1,80,both
45,202400007554.0,POINT (-2.2974300000000003 47.489412000000016),,,,unmatched,bretagne-240101.geoparquet,3.0,774,2,2,0,1,"10,5",0,1,80,both
46,202400007556.0,POINT (-2.3083469999999977 47.46897899999999),,,,unmatched,bretagne-240101.geoparquet,3.0,172,2,2,0,1, -1,0,1,80,both
47,202400007994.0,POINT (-1.205555999999999 47.446371000000006),,,,unmatched,bretagne-240101.geoparquet,4.0,N/A,2,2,0,1, -1,0,1,80,both
48,202400007994.0,POINT (-1.205555999999999 47.446371000000006),,,,unmatched,bretagne-240101.geoparquet,4.0,N/A,2,2,0,1, -1,0,1,80,both
49,202400008364.0,POINT (-1.5900799999999995 48.83768769999998),,,,unmatched,bretagne-240101.geoparquet,4.0,COURAYE (RUE),2,2,0,1, -1,0,1,30,both
50,202400008630.0,POINT (-2.043628999999999 47.418564),,,,unmatched,bretagne-240101.geoparquet,2.0,165,3,4,0,1,"10,5",0,1,110,both
51,202400008633.0,POINT (-1.2020049999999987 48.86597799999999),,,,unmatched,bretagne-240101.geoparquet,3.0,999,2,2,0,2,"5,5",0,3,80,both
52,202400008654.0,POINT (-1.8503919999999996 47.637963),,,,unmatched,bretagne-240101.geoparquet,3.0,15,2,2,0,4,5,0,1,80,both
53,202400009003.0,POINT (-1.4413060000000006 48.69296800000001),,,,unmatched,bretagne-240101.geoparquet,3.0,41,2,2,0,1,4,0,1,80,both
54,202400009003.0,POINT (-1.4413060000000006 48.69296800000001),,,,unmatched,bretagne-240101.geoparquet,3.0,N/A,2,2,0,1, -1,0,1,80,both
55,202400009031.0,POINT (-1.9125219999999998 47.67198399999998),,,,unmatched,bretagne-240101.geoparquet,3.0,25,2,2,0,1, -1,0,1,50,both
56,202400009239.0,POINT (-1.9034380000000004 47.54254800000002),,,,unmatched,bretagne-240101.geoparquet,3.0,2,2,2,2,1,5,9,5,70,both
57,202400009338.0,POINT (-1.5731925999999998 48.8502501),,,,unmatched,bretagne-240101.geoparquet,3.0,COUTANCES (ROUTE DE),2,2,0,1, -1,0,1,30,both
58,202400009479.0,POINT (-2.128338 47.44297000000001),,,,unmatched,bretagne-240101.geoparquet,3.0,33,2,2,0,2,5,0,1,50,both
59,202400009517.0,POINT (-0.9989459999999988 48.305851999999994),,,,unmatched,bretagne-240101.geoparquet,2.0,12,2,2,0,1,7,0,1,80,both
60,202400009517.0,POINT (-0.9989459999999988 48.305851999999994),,,,unmatched,bretagne-240101.geoparquet,2.0,521,2,2,0,1,7,0,8,80,both
61,202400009671.0,POINT (-1.5394599999999987 48.83767),,,,unmatched,bretagne-240101.geoparquet,3.0,VILLEDIEU (ROUTE DE),1,1,0,2,3,0,1,50,both
62,202400010016.0,POINT (-1.4060890000000004 47.680844),,,,unmatched,bretagne-240101.geoparquet,3.0,35,2,2,0,3, -1,0,3,80,both
63,202400010224.0,POINT (-1.57789 48.84755),,,,unmatched,bretagne-240101.geoparquet,3.0,MOULIN (RUE DU),2,2,0,1,4,0,1,30,both
64,202400010665.0,POINT (-1.4887119999999996 48.616055),,,,unmatched,bretagne-240101.geoparquet,3.0,275,2,2,0,2,"5,5",0,1,50,both
65,202400010665.0,POINT (-1.4887119999999996 48.616055),,,,unmatched,bretagne-240101.geoparquet,3.0,280,2,2,0,1,4,0,8,50,both
66,202400011089.0,POINT (-2.422303 47.35083000000001),,,,unmatched,bretagne-240101.geoparquet,3.0,774,2,2,0,3,7,0,1,80,both
67,202400011119.0,POINT (-1.1837339999999992 47.37347400000001),,,,unmatched,bretagne-240101.geoparquet,4.0,723, -1,1,0,2, -1,5,1,50,both
68,202400011132.0,POINT (-1.199224000000001 48.844961),,,,unmatched,bretagne-240101.geoparquet,3.0,5,2,2,0,2,4,9,8,80,both
69,202400011471.0,POINT (-1.3783869999999985 47.61972300000001),,,,unmatched,bretagne-240101.geoparquet,3.0,178,2,2,0,1,7,0,1,70,both
70,202400011471.0,POINT (-1.3783869999999985 47.61972300000001),,,,unmatched,bretagne-240101.geoparquet,3.0,29,2,2,0,1,7,0,1,80,both
71,202400011949.0,POINT (-2.453427 47.31692300000001),,,,unmatched,bretagne-240101.geoparquet,3.0,92,2,2,0,2,5,0,1,50,both
72,202400011981.0,POINT (-1.4206860000000001 48.495929999999994),,,,unmatched,bretagne-240101.geoparquet,3.0,153,2,2,0,1,"5,5",0,8,50,both
73,202400011981.0,POINT (-1.4206860000000001 48.495929999999994),,,,unmatched,bretagne-240101.geoparquet,3.0,40,2,2,0,1,"5,5",0,4,50,both
74,202400012021.0,POINT (-1.3414320000000002 48.678625),,,,unmatched,bretagne-240101.geoparquet,3.0,47,2,1,1,3,4,0,5,50,both
75,202400012021.0,POINT (-1.3414320000000002 48.678625),,,,unmatched,bretagne-240101.geoparquet,3.0,N/A,2,1,0,1,4,9,8,50,both
76,202400012076.0,POINT (-1.0198540000000003 48.120583),,,,unmatched,bretagne-240101.geoparquet,4.0,N/A,2,2,0,1, -1,0,1,80,both
77,202400012076.0,POINT (-1.0198540000000003 48.120583),,,,unmatched,bretagne-240101.geoparquet,4.0,N/A,2,2,0,1, -1,0,1,80,both
78,202400012201.0,POINT (-1.508945999999999 48.837182000000006),,,,unmatched,bretagne-240101.geoparquet,3.0,924,2,2,0,1,7,0,1,80,both
79,202400012219.0,POINT (-1.6294629999999992 47.485882),,,,unmatched,bretagne-240101.geoparquet,4.0,41,2,2,0,1, -1,0,1,80,both
80,202400012255.0,POINT (-0.9702730000000005 47.493327),,,,unmatched,bretagne-240101.geoparquet,3.0,6,2,2,0,3,"5,5",0,8,90,both
81,202400012441.0,POINT (-2.097101 47.34389699999999),,,,unmatched,bretagne-240101.geoparquet,3.0,4,2,2,0,2,0,3,1,70,both
82,202400012558.0,POINT (-1.9450579999999995 47.37659000000001),,,,unmatched,bretagne-240101.geoparquet,2.0,165,3,2,3,1,"10,5",0,1,110,both
83,202400012717.0,POINT (-1.3699219999999992 48.671679),,,,unmatched,bretagne-240101.geoparquet,3.0,456,2,2,0,1,7,5,1,80,both
84,202400012717.0,POINT (-1.3699219999999992 48.671679),,,,unmatched,bretagne-240101.geoparquet,3.0,50,2,2,0,2,7,5,1,80,both
85,202400012906.0,POINT (-1.0275439999999987 48.08302799999999),,,,unmatched,bretagne-240101.geoparquet,1.0,81,3,0,0,1,0,7,1,70,both
86,202400012977.0,POINT (-1.5653699999999995 48.837949999999985),,,,unmatched,bretagne-240101.geoparquet,3.0,MATIGNON (AV DES), -1,2,0,1,"5,5",6,4,50,both
87,202400013514.0,POINT (-1.58522 48.84452000000001),,,,unmatched,bretagne-240101.geoparquet,3.0,COUTANCES (ROUTE DE),2,2,0,1, -1,0,1,30,both
88,202400013779.0,POINT (-1.629473999999999 47.57869000000001),,,,unmatched,bretagne-240101.geoparquet,2.0,137,3,4,0,3,"10,5",0,8,110,both
89,202400013820.0,POINT (-1.2949709999999997 48.632369999999995),,,,unmatched,bretagne-240101.geoparquet,3.0,78,2,2,0,2,4,0,3,80,both
90,202400014473.0,POINT (-1.5108989999999995 48.619210999999986),,,,unmatched,bretagne-240101.geoparquet,4.0,N/A,2,2,0,1, -1,0,1,30,both
91,202400014477.0,POINT (-1.8669679999999989 47.345732999999996),,,,unmatched,bretagne-240101.geoparquet,3.0,90,2,2,0,3,5,3,3,70,both
92,202400014546.0,POINT (-1.0510929999999992 48.842619),,,,unmatched,bretagne-240101.geoparquet,3.0,N/A,2,2,0,1, -1,0,1,50,both
93,202400014684.0,POINT (-1.456589999999999 48.83658799999999),,,,unmatched,bretagne-240101.geoparquet,3.0,924,2,2,0,1,7,0,1,80,both
94,202400015598.0,POINT (-2.4105069999999995 47.32509100000001),,,,unmatched,bretagne-240101.geoparquet,3.0,247,1,2,0,2,7,5,1,50,both
95,202400015810.0,POINT (-1.5435200000000004 48.83756999999999),,,,unmatched,bretagne-240101.geoparquet,3.0,VILLEDIEU (ROUTE DE),2,2,0,1,7,0,1,50,both
96,202400016353.0,POINT (-2.125865000000001 47.37367299999999),,,,unmatched,bretagne-240101.geoparquet,3.0,4,2,2,0,1,5,0,1,70,both
97,202400016416.0,POINT (-2.3400230000000004 47.35566800000001),,,,unmatched,bretagne-240101.geoparquet,3.0,47,2,2,0,3,5,0,3,50,both
98,202400016640.0,POINT (-1.2882009999999993 48.65771900000001),,,,unmatched,bretagne-240101.geoparquet,3.0,103,2,2,0,1,4,0,1,80,both
99,202400016640.0,POINT (-1.2882009999999993 48.65771900000001),,,,unmatched,bretagne-240101.geoparquet,3.0,310,2,2,0,1,4,0,1,80,both
100,202400016726.0,POINT (-1.223211 48.720181000000004),,,,unmatched,bretagne-240101.geoparquet,3.0,162,2,2,0,1,7,0,3,80,both
101,202400016726.0,POINT (-1.223211 48.720181000000004),,,,unmatched,bretagne-240101.geoparquet,3.0,911,2,2,0,1,7,0,3,80,both
102,202400016972.0,POINT (-1.1809440000000007 47.44686500000002),,,,unmatched,bretagne-240101.geoparquet,3.0,923,2,2,0,1,5,0,1,80,both
103,202400016975.0,POINT (-1.3912049999999987 48.500361),,,,unmatched,bretagne-240101.geoparquet,4.0,N/A,2,2,0,2, -1,0,1,80,both
104,202400017005.0,POINT (-1.3100820000000002 48.67616300000002),,,,unmatched,bretagne-240101.geoparquet,3.0,47,2,2,0,1,"5,5",0,1, -1,both
105,202400017105.0,POINT (-1.3439480000000004 48.528429),,,,unmatched,bretagne-240101.geoparquet,1.0,84,1,2,0,3,10,0,3,70,both
106,202400017421.0,POINT (-0.962044869999999 47.62920509999999),,,,unmatched,bretagne-240101.geoparquet,3.0,923,2,2,0,1,7,0,3,90,both
107,202400017435.0,POINT (-1.2481927899999996 47.39613414),,,,unmatched,bretagne-240101.geoparquet,4.0,N/A,2,2,0,1, -1,0,1,80,both
108,202400017459.0,POINT (-1.2524999999999993 48.681267),,,,unmatched,bretagne-240101.geoparquet,3.0,103,2,2,0,1,4,0,1, -1,both
109,202400017459.0,POINT (-1.2524999999999993 48.681267),,,,unmatched,bretagne-240101.geoparquet,3.0,160,2,2,0,1,4,0,8,80,both
110,202400017501.0,POINT (-1.3633289999999982 47.71545400000001),,,,unmatched,bretagne-240101.geoparquet,4.0,N/A, -1,2,0,3, -1,0,1,50,both
111,202400017513.0,POINT (-1.1017599999999992 48.56549299999998),,,,unmatched,bretagne-240101.geoparquet,3.0,30,1,2,0,1,"5,5",0,1,80,both
112,202400017978.0,POINT (-0.9494720000000009 47.412627),,,,unmatched,bretagne-240101.geoparquet,3.0,1,2,2,0,1,5,0,1,70,both
113,202400017978.0,POINT (-0.9494720000000009 47.412627),,,,unmatched,bretagne-240101.geoparquet,3.0,22,2,2,0,1,5,0,1,80,both
114,202400018066.0,POINT (-1.346265000000001 48.70060600000001),,,,unmatched,bretagne-240101.geoparquet,2.0,175,3,2,0,2,10,3,3,110,both
115,202400018101.0,POINT (-1.5269279999999985 47.41596499999999),,,,unmatched,bretagne-240101.geoparquet,3.0,26,2,2,0,1,5,0,1,80,both
116,202400018137.0,POINT (-1.0308860000000002 47.50871899999999),,,,unmatched,bretagne-240101.geoparquet,3.0,57,2,2,0,1,5,0,1,80,both
117,202400018137.0,POINT (-1.0308860000000002 47.50871899999999),,,,unmatched,bretagne-240101.geoparquet,3.0,N/A,2, -1, -1,1, -1,0,1, -1,both
118,202400018175.0,POINT (-1.1951329999999991 47.37214),,,,unmatched,bretagne-240101.geoparquet,4.0,723,3,2,0,1, -1,6,8,50,both
119,202400018885.0,POINT (-1.442625999999999 48.901451000000016),,,,unmatched,bretagne-240101.geoparquet,3.0,35,2,2,0,1,"5,5",0,1,80,both
120,202400019206.0,POINT (-1.7564340000000005 47.47497300000003),,,,unmatched,bretagne-240101.geoparquet,2.0,164,2,2,0,1,3,3,1,50,both
121,202400019337.0,POINT (-1.4464940000000002 47.68305800000001),,,,unmatched,bretagne-240101.geoparquet,3.0,771,2,2,0,1,7,5,1,80,both
122,202400019600.0,POINT (-2.319300999999999 47.390780999999976),,,,unmatched,bretagne-240101.geoparquet,3.0,51,2,2,0,1,5,0,3,70,both
123,202400019656.0,POINT (-1.5885010000000004 47.47004499999999),,,,unmatched,bretagne-240101.geoparquet,4.0,N/A,2,2,0,1, -1,0,1, -1,both
124,202400019762.0,POINT (-1.4550019999999992 47.35991799999999),,,,unmatched,bretagne-240101.geoparquet,3.0,178,2,2,0,3,5,0,1,70,both
125,202400019787.0,POINT (-1.5978099999999988 48.83744),,,,unmatched,bretagne-240101.geoparquet,4.0,PAUL POIRIER (RUE),1,1,0,1, -1,0,1,30,both
126,202400019792.0,POINT (-2.006829490000001 47.47474645999999),,,,unmatched,bretagne-240101.geoparquet,3.0,N/A,2,2,0,1, -1,0,1,80,both
127,202400019923.0,POINT (-1.970576 47.413435000000014),,,,unmatched,bretagne-240101.geoparquet,3.0,16,2,2,0,3, -1,9,1,30,both
128,202400019924.0,POINT (-1.9514569999999989 47.370207),,,,unmatched,bretagne-240101.geoparquet,3.0,93,3,2,0,2,5,0,1,50,both
129,202400020059.0,POINT (-2.4040310000000003 47.34303899999998),,,,unmatched,bretagne-240101.geoparquet,3.0,51,2,2,0,1, -1,0,1,70,both
130,202400020339.0,POINT (-1.0941659999999993 48.57650099999999),,,,unmatched,bretagne-240101.geoparquet,4.0,581,2,2,0,1,"5,5",0,1,50,both
131,202400020684.0,POINT (-1.5322000000000002 48.8061),,,,unmatched,bretagne-240101.geoparquet,3.0,NATIONALE (ANCIENNE ROUTE),2,2,0,1,7,0,1,80,both
132,202400020787.0,POINT (-1.3335817000000003 48.57005334000001),,,,unmatched,bretagne-240101.geoparquet,1.0,84,3,2,0,1,10,0,1,130,both
133,202400020943.0,POINT (-1.5615 48.79592999999999),,,,unmatched,bretagne-240101.geoparquet,3.0,BRUYERE (ROUTE),2,2,0,1,4,0,3,30,both
134,202400021032.0,POINT (-1.2092579999999997 48.858415),,,,unmatched,bretagne-240101.geoparquet,1.0,84,3,2,0,2,10,3,2,130,both
135,202400021063.0,POINT (-1.2247609999999989 47.76877499999999),,,,unmatched,bretagne-240101.geoparquet,3.0,775,2,2,0,1,7,0,1,110,both
136,202400021433.0,POINT (-1.8473179999999987 47.34371199999998),,,,unmatched,bretagne-240101.geoparquet,2.0,165,3,4,0,1,0,0,1,110,both
137,202400021552.0,POINT (-1.2087859999999988 48.921293999999996),,,,unmatched,bretagne-240101.geoparquet,3.0,58,2,2,0,4,"5,5",0,1,80,both
138,202400021572.0,POINT (-2.167295 47.412411000000006),,,,unmatched,bretagne-240101.geoparquet,3.0,16,2,2,0,1, -1,0,1,50,both
139,202400021796.0,POINT (-1.3410189999999995 48.537181000000004),,,,unmatched,bretagne-240101.geoparquet,1.0,84,3,2,0,1,10,0,1,130,both
140,202400022694.0,POINT (-1.442883999999999 48.74393700000001),,,,unmatched,bretagne-240101.geoparquet,3.0,673,3,2,0,2,7,5,3,80,both
141,202400022956.0,POINT (-1.9252249999999986 47.37137400000001),,,,unmatched,bretagne-240101.geoparquet,2.0,165,3,4,0,2,"10,5",3,3,110,both
142,202400023099.0,POINT (-1.5584499999999994 48.84485),,,,unmatched,bretagne-240101.geoparquet,4.0,ECOLE (RUE DE  L'),1,1,0,3, -1,0,1,30,both
143,202400023285.0,POINT (-1.219053000000001 47.744258),,,,unmatched,bretagne-240101.geoparquet,3.0,771,2,2,0,1,"5,5",0,1,80,both
144,202400023286.0,POINT (-1.2881469999999997 47.418221999999986),,,,unmatched,bretagne-240101.geoparquet,3.0,164,2,2,0,3,7,0,3,80,both
145,202400023464.0,POINT (-1.383891 47.706122999999984),,,,unmatched,bretagne-240101.geoparquet,4.0,771,2,2,0,2,5,5,1,50,both
146,202400023524.0,POINT (-1.4166779999999997 48.836048),,,,unmatched,bretagne-240101.geoparquet,3.0,924,2,2,0,1,7,0,1,50,both
147,202400023592.0,POINT (-1.3460719999999997 48.525643),,,,unmatched,bretagne-240101.geoparquet,1.0,84,3,2,0,1,10,9,1,110,both
148,202400023644.0,POINT (-1.3009790000000006 48.860381),,,,unmatched,bretagne-240101.geoparquet,3.0,33,2,2,0,1,4,0,1,80,both
149,202400023649.0,POINT (-1.470864000000001 48.567144),,,,unmatched,bretagne-240101.geoparquet,2.0,175,3,2,0,1,4,5,1,110,both
150,202400023649.0,POINT (-1.470864000000001 48.567144),,,,unmatched,bretagne-240101.geoparquet,2.0,312,2,2,0,1,4,0,8,80,both
151,202400023884.0,POINT (-1.9482759999999988 47.40759299999999),,,,unmatched,bretagne-240101.geoparquet,4.0,N/A,2,2,0,1, -1,0,1,80,both
152,202400023956.0,POINT (-1.2109807099999992 47.39666552),,,,unmatched,bretagne-240101.geoparquet,1.0,11,3,4,0,1,"10,5",0,1,130,both
153,202400024650.0,POINT (-1.450029999999999 48.67684699999999),,,,unmatched,bretagne-240101.geoparquet,3.0,41,2,2,0,1,4,0,1, -1,both
154,202400024913.0,POINT (-1.5880720000000002 47.593452),,,,unmatched,bretagne-240101.geoparquet,3.0,203,2,2,0,1, -1,0,1,80,both
155,202400024913.0,POINT (-1.5880720000000002 47.593452),,,,unmatched,bretagne-240101.geoparquet,3.0,771,2,2,0,1,7,0,1,80,both
156,202400025025.0,POINT (-1.5514899999999994 48.83321999999999),,,,unmatched,bretagne-240101.geoparquet,6.0,IMPASSE DES TREMAILLEURS, -1,0,0,1, -1,9,8,15,both
157,202400025257.0,POINT (-1.5822000000000003 48.83625000000001),,,,unmatched,bretagne-240101.geoparquet,9.0,ARISTIDE BRIAND (AVENUE),2,0,0,1, -1,9,8,50,both
158,202400025462.0,POINT (-1.5041129999999996 48.549662),,,,unmatched,bretagne-240101.geoparquet,3.0,975,2,2,1,1,"5,5",0,1,50,both
159,202400026011.0,POINT (-1.8495329999999992 47.41838899999999),,,,unmatched,bretagne-240101.geoparquet,3.0,16,2,2,0,1, -1,0,4,50,both
160,202400026307.0,POINT (-1.188712 48.77132300000002),,,,unmatched,bretagne-240101.geoparquet,3.0,999,2,2,0,3,7,0,3,80,both
161,202400026365.0,POINT (-1.5979340000000002 47.35468100000001),,,,unmatched,bretagne-240101.geoparquet,3.0,39,2,2,0,1,5,0,1,80,both
162,202400026365.0,POINT (-1.5979340000000002 47.35468100000001),,,,unmatched,bretagne-240101.geoparquet,3.0,VC,2,2,0,1,5,0,1,50,both
163,202400026843.0,POINT (-1.3715900000000012 48.668667000000006),,,,unmatched,bretagne-240101.geoparquet,2.0,175,3,2,0,2,10,0,3,110,both
164,202400026897.0,POINT (-1.1527919999999998 48.683112999999985),,,,unmatched,bretagne-240101.geoparquet,3.0,999,2,2,0,2,"5,5",0,1,80,both
165,202400027283.0,POINT (-3.32445 47.75406999999999),,,,unmatched,bretagne-240101.geoparquet,3.0,326,2,2,0,1,"5,5",0,3,50,both
166,202400028116.0,POINT (-1.2007500000000004 48.869161),,,,unmatched,bretagne-240101.geoparquet,3.0,999,2,2,0,3,"5,5",0,1,80,both
167,202400028166.0,POINT (-0.9725230000000002 47.565412999999985),,,,unmatched,bretagne-240101.geoparquet,3.0,219,2,2,0,2,4,0,3,80,both
168,202400028403.0,POINT (-1.553107 48.839284),,,,unmatched,bretagne-240101.geoparquet,4.0,VILLEDIEU LES POELES (ROUTE),2,4,1,1, -1,0,5,50,both
169,202400028439.0,POINT (-1.7956239999999997 47.45486800000001),,,,unmatched,bretagne-240101.geoparquet,2.0,171,2,2,0,1,"10,5",0,1,80,both
170,202400028576.0,POINT (-0.992888999999999 47.603212000000006),,,,unmatched,bretagne-240101.geoparquet,3.0,923,2,2,0,1,7,0,1,90,both
171,202400028690.0,POINT (-1.7192809999999992 48.118825),,,,unmatched,bretagne-240101.geoparquet,2.0,RN136,1,2,0,3, -1,3,3,70,both
172,202400028815.0,POINT (-1.560884999999999 47.67659300000001),,,,unmatched,bretagne-240101.geoparquet,3.0,D775,2,2,0,1,7,0,8,80,both
173,202400028816.0,POINT (-2.7305349999999993 48.154932),,,,unmatched,bretagne-240101.geoparquet,4.0,N/A,2,2,0,1, -1,0,1,80,both
174,202400028918.0,POINT (-1.578226999999999 48.826461),,,,unmatched,bretagne-240101.geoparquet,3.0,CRETE  (RUE DE LA),1,1,1,4, -1,9,3,70,both
175,202400029423.0,POINT (-1.0358800000000001 47.544202999999996),,,,unmatched,bretagne-240101.geoparquet,3.0,57,2,2,0,1,"5,5",0,1,80,both
176,202400029702.0,POINT (-2.422299999999999 47.35083000000001),,,,unmatched,bretagne-240101.geoparquet,3.0,774,2,2,0,1,7,0,1,80,both
177,202400029917.0,POINT (-2.0815659999999996 47.443527),,,,unmatched,bretagne-240101.geoparquet,2.0,165,3,2,0,1,"10,5",0,3,110,both
178,202400030639.0,POINT (-1.4998429999999991 47.43795000000001),,,,unmatched,bretagne-240101.geoparquet,4.0,N/A,2,2,0,2, -1,9,1,50,both
179,202400030749.0,POINT (-1.579160000000001 48.83534),,,,unmatched,bretagne-240101.geoparquet,3.0,VENDEENS (AV DES),2,2,2,1,"5,5",0,1,50,both
180,202400030995.0,POINT (-1.3945070000000002 47.38120000000001),,,,unmatched,bretagne-240101.geoparquet,3.0,9,2,2,0,1,7,0,1,80,both
181,202400031265.0,POINT (-1.5729060000000008 48.81989920000001),,,,unmatched,bretagne-240101.geoparquet,3.0,FOURNEAU (RUE DU),2,2,0,1, -1,0,1,30,both
182,202400031490.0,POINT (-2.4053569999999986 47.91963500000001),,,,unmatched,bretagne-240101.geoparquet,2.0,24,1,2,0,3,10,3,3,30,both
183,202400031566.0,POINT (-1.564741999999999 48.90376499999999),,,,unmatched,bretagne-240101.geoparquet,4.0,N/A, -1, -1, -1,1, -1,0,1, -1,both
184,202400031566.0,POINT (-1.564741999999999 48.90376499999999),,,,unmatched,bretagne-240101.geoparquet,4.0,N/A,2,2,0,1, -1,0,1,50,both
185,202400031776.0,POINT (-1.8686630000000002 47.56477000000001),,,,unmatched,bretagne-240101.geoparquet,3.0,3,2,2,0,1,7,0,1,80,both
186,202400031776.0,POINT (-1.8686630000000002 47.56477000000001),,,,unmatched,bretagne-240101.geoparquet,3.0,N/A,2,2,0,1,7,5,1,80,both
187,202400031819.0,POINT (-2.0387419999999983 47.60937499999998),,,,unmatched,bretagne-240101.geoparquet,3.0,164,2,2,0,2,5,5,1,80,both
188,202400031819.0,POINT (-2.0387419999999983 47.60937499999998),,,,unmatched,bretagne-240101.geoparquet,3.0,773,2,2,0,2,5,5,1,80,both
189,202400031938.0,POINT (-1.2346485599999988 47.391650399999996),,,,unmatched,bretagne-240101.geoparquet,1.0,11,3,4,0,1, -1,0,3,130,both
190,202400031943.0,POINT (-1.084792999999999 47.52960399999999),,,,unmatched,bretagne-240101.geoparquet,3.0,134,2,1,0,1,"3,5",0,1,80,both
191,202400031943.0,POINT (-1.084792999999999 47.52960399999999),,,,unmatched,bretagne-240101.geoparquet,3.0,923,2,2,0,1,7,0,1,80,both
192,202400032237.0,POINT (-2.7559800000000014 48.030848000000006),,,,unmatched,bretagne-240101.geoparquet,6.0,N/A, -1, -1,0,1, -1,9,1, -1,both
193,202400032263.0,POINT (-2.0778319999999986 47.57843599999999),,,,unmatched,bretagne-240101.geoparquet,3.0,124,2,2,0,4,5,2,1,80,both
194,202400032298.0,POINT (-1.6647004999999995 47.35023375000001),,,,unmatched,bretagne-240101.geoparquet,3.0,326,2,2,0,2, -1,0,1,80,both
195,202400032457.0,POINT (-1.3947919999999996 48.52942300000001),,,,unmatched,bretagne-240101.geoparquet,3.0,180,2,2,0,3,4,0,8,80,both
196,202400032457.0,POINT (-1.3947919999999996 48.52942300000001),,,,unmatched,bretagne-240101.geoparquet,3.0,40,2,2,0,1,4,0,1,80,both
197,202400032497.0,POINT (-2.3506419999999997 47.41096799999999),,,,unmatched,bretagne-240101.geoparquet,3.0,774,2,2,0,1, -1,0,1,80,both
198,202400032498.0,POINT (-1.9956919999999994 47.649012),,,,unmatched,bretagne-240101.geoparquet,3.0,46,2,2,0,1,5,0,1,80,both
199,202400032499.0,POINT (-4.373018999999998 48.53557500000001),,,,unmatched,bretagne-240101.geoparquet,4.0,N/A,2,2,0,3, -1,0,1,50,both
200,202400032499.0,POINT (-4.373018999999998 48.53557500000001),,,,unmatched,bretagne-240101.geoparquet,4.0,N/A,2, -1, -1,1, -1,0,1, -1,both
201,202400032533.0,POINT (-1.32589 48.67145700000001),,,,unmatched,bretagne-240101.geoparquet,3.0,247,2,2,0,1,4,5,1,50,both
202,202400032533.0,POINT (-1.32589 48.67145700000001),,,,unmatched,bretagne-240101.geoparquet,3.0,47,4,2,0,2, -1,5,1,50,both
203,202400032636.0,POINT (-1.0944299999999991 48.57239199999998),,,,unmatched,bretagne-240101.geoparquet,4.0,N/A,2,2,0,1, -1,0,1,50,both
204,202400032638.0,POINT (-1.1936899999999986 48.749837),,,,unmatched,bretagne-240101.geoparquet,3.0,162,2,2,0,1,4,0,1,80,both
205,202400032723.0,POINT (-1.4499219999999997 47.694497999999996),,,,unmatched,bretagne-240101.geoparquet,3.0,40, -1,2,0,3,5,0,1,70,both
206,202400032726.0,POINT (-1.116958000000001 47.380321000000016),,,,unmatched,bretagne-240101.geoparquet,3.0,723,2,3,0,1,"10,5",0,1,80,both
207,202400032837.0,POINT (-1.396058000000001 47.620549000000004),,,,unmatched,bretagne-240101.geoparquet,3.0,29,2,2,0,1,5,2,3,80,both
208,202400033090.0,POINT (-1.2305650000000004 47.431856),,,,unmatched,bretagne-240101.geoparquet,3.0,25,2,2,0,1,5,0,1,50,both
209,202400033302.0,POINT (-1.8193530000000002 48.29728399999999),,,,unmatched,bretagne-240101.geoparquet,3.0,795,1,2,0,3,7,3,3,80,both
210,202400033509.0,POINT (-1.954896 47.34808099999999),,,,unmatched,bretagne-240101.geoparquet,3.0,3,2,2,0,1,5,0,1,80,both
211,202400033509.0,POINT (-1.954896 47.34808099999999),,,,unmatched,bretagne-240101.geoparquet,3.0,N/A,2,2,0,1,5,0,1,70,both
212,202400033638.0,POINT (-2.6428350000000016 48.06478100000002),,,,unmatched,bretagne-240101.geoparquet,3.0,778,2,2,0,1,"5,5",0,3,80,both
213,202400033669.0,POINT (-1.5463499999999986 48.83755),,,,unmatched,bretagne-240101.geoparquet,3.0,VILLEDIEU LES POELES (ROUTE),2,2,0,1,7,0,1,50,both
214,202400034361.0,POINT (-2.017547 47.57536000000001),,,,unmatched,bretagne-240101.geoparquet,3.0,324,2,2,0,3,4,0,1,80,both
215,202400034655.0,POINT (-1.640133 47.52170400000001),,,,unmatched,bretagne-240101.geoparquet,2.0,137,3,4,0,1,"10,5",0,1,110,both
216,202400034697.0,POINT (-1.0949209999999996 47.969141),,,,unmatched,bretagne-240101.geoparquet,3.0,32,2,2,0,1,"5,5",0,1,80,both
217,202400034964.0,POINT (-1.0032430000000003 47.824465000000004),,,,unmatched,bretagne-240101.geoparquet,3.0,771,2,2,0,1,7,0,1,90,both
218,202400035179.0,POINT (-1.3764020000000001 48.695504),,,,unmatched,bretagne-240101.geoparquet,3.0,673,2,2,0,1,7,0,1,30,both
219,202400035828.0,POINT (-1.3834029999999993 48.709824),,,,unmatched,bretagne-240101.geoparquet,3.0,973,3,4,0,2, -1,0,1,110,both
220,202400035871.0,POINT (-1.3490870000000001 48.84977800000001),,,,unmatched,bretagne-240101.geoparquet,3.0,38,2,2,0,4,4,0,3,80,both
221,202400035873.0,POINT (-1.3390449999999994 48.52871299999999),,,,unmatched,bretagne-240101.geoparquet,3.0,480,2,2,0,2,"5,5",0,3,80,both
222,202400036295.0,POINT (-1.09531719 47.80293752999999),,,,unmatched,bretagne-240101.geoparquet,3.0,110,2,2,0,1,5,0,3,80,both
223,202400036692.0,POINT (-1.5709800000000003 48.816309999999994),,,,unmatched,bretagne-240101.geoparquet,3.0,MARIGNE (AVENUE JOZEAU),2,2,0,1,"5,5",0,1,30,both
224,202400037493.0,POINT (-3.4580000000000024 48.729000000000006),,,,unmatched,bretagne-240101.geoparquet,3.0,KERMARIA (RUE DE),2,2,0,1, -1,5,4,50,both
225,202400037493.0,POINT (-3.4580000000000024 48.729000000000006),,,,unmatched,bretagne-240101.geoparquet,3.0,PALAIS DE JUSTICE (ALLEE DU),3,2,0,1, -1,5,4,30,both
226,202400037859.0,POINT (-2.331827 47.36648299999999),,,,unmatched,bretagne-240101.geoparquet,3.0,47,2,2,0,3,5,0,1,50,both
227,202400038285.0,POINT (-1.333754999999999 48.909921),,,,unmatched,bretagne-240101.geoparquet,3.0,9,2,2,0,4,"5,5",0,1,80,both
228,202400038603.0,POINT (-1.6910000000000005 48.140130000000006),,,,unmatched,bretagne-240101.geoparquet,2.0,PORTE DE ST MALO,1,2,0,4, -1,3,3,50,both
229,202400039113.0,POINT (-1.6045200000000004 48.15172),,,,unmatched,bretagne-240101.geoparquet,1.0,NORMANDIE (PORTE DE),1,2,0,3, -1,0,3,90,both
230,202400039353.0,POINT (-2.003803 47.35737400000001),,,,unmatched,bretagne-240101.geoparquet,2.0,N171,3,4,0,1,0,0,1,110,both
231,202400039567.0,POINT (-2.7409489999999996 48.063002000000026),,,,unmatched,bretagne-240101.geoparquet,9.0,N/A,2,2,0,1, -1,0,6,20,both
232,202400039599.0,POINT (-1.6034889999999982 47.54708200000001),,,,unmatched,bretagne-240101.geoparquet,3.0,121,2,2,0,1, -1,0,1, -1,both
233,202400039672.0,POINT (-1.6384650000000005 47.47373600000001),,,,unmatched,bretagne-240101.geoparquet,3.0,27,2,2,0,1, -1,0,3,80,both
234,202400039861.0,POINT (-3.4221900000000014 47.75588000000001),,,,unmatched,bretagne-240101.geoparquet,3.0,163,2,2,0,1,7,0,1,80,both
235,202400039871.0,POINT (-1.71873 48.11775999999999),,,,unmatched,bretagne-240101.geoparquet,2.0,ROCADE 10-11,1,1,0,3, -1,3,1,70,both
236,202400039877.0,POINT (-1.5696700000000001 48.837950000000006),,,,unmatched,bretagne-240101.geoparquet,3.0,MATIGNON (AV DES),2,2,2,1, -1,0,1,50,both
237,202400039879.0,POINT (-1.5554700000000004 48.85122),,,,unmatched,bretagne-240101.geoparquet,3.0,D 135E,2,1,0,1, -1,0,3,50,both
238,202400040368.0,POINT (-2.0384697999999997 47.5128385),,,,unmatched,bretagne-240101.geoparquet,3.0,17,2,2,0,3, -1,0,1,50,both
239,202400040552.0,POINT (-2.0059901000000004 47.459649830000004),,,,unmatched,bretagne-240101.geoparquet,3.0,33,2,2,0,1, -1,0,1,50,both
240,202400040608.0,POINT (-1.5781199999999997 48.837990000000005),,,,unmatched,bretagne-240101.geoparquet,4.0,MATIGNON (AV DES),2,3,2,1, -1,0,1,50,both
241,202400040608.0,POINT (-1.5781199999999997 48.837990000000005),,,,unmatched,bretagne-240101.geoparquet,4.0,WINSTON CHURCHILL (RUE),2,2,0,1, -1,0,1,50,both
242,202400040727.0,POINT (-1.3035305999999998 48.72645914000001),,,,unmatched,bretagne-240101.geoparquet,1.0,84,3,2,0,1,10,0,3, -1,both
243,202400040924.0,POINT (-1.4484949999999996 47.78332999999999),,,,unmatched,bretagne-240101.geoparquet,3.0,36,2,2,0,1, -1,0,1,30,both
244,202400040955.0,POINT (-1.5249320000000004 47.390302000000005),,,,unmatched,bretagne-240101.geoparquet,3.0,69,2,2,0,1,5,0,1,80,both
245,202400041593.0,POINT (-1.5709800000000003 48.833809999999986),,,,unmatched,bretagne-240101.geoparquet,3.0,N/A,2,2,0,1, -1,0,1,50,both
246,202400041821.0,POINT (-1.3972425000000002 47.37906844000001),,,,unmatched,bretagne-240101.geoparquet,3.0,9,2,2,0,1,7,0,1,80,both
247,202400041838.0,POINT (-1.3366519999999995 48.625265999999996),,,,unmatched,bretagne-240101.geoparquet,4.0,N/A,2,2,0,2, -1,0,3,80,both
248,202400042480.0,POINT (-1.6280359999999992 47.59817699999999),,,,unmatched,bretagne-240101.geoparquet,2.0,137,3,4,0,1,"10,5",0,5,110,both
249,202400043092.0,POINT (-5.094294100000001 48.45316241999999),,,,unmatched,bretagne-240101.geoparquet,4.0,N/A,2,2,0,3, -1,0,1, -1,both
250,202400043113.0,POINT (-1.0928609999999999 48.750696000000005),,,,unmatched,bretagne-240101.geoparquet,3.0,39,2,2,0,3,"5,5",0,1,80,both
251,202400043113.0,POINT (-1.0928609999999999 48.750696000000005),,,,unmatched,bretagne-240101.geoparquet,3.0,N/A,2,2,0,1,"5,5",0,1, -1,both
252,202400043236.0,POINT (-1.2065780000000006 48.86176800000001),,,,unmatched,bretagne-240101.geoparquet,3.0,452, -1,2,0,1,"5,5",0,8,80,both
253,202400043236.0,POINT (-1.2065780000000006 48.86176800000001),,,,unmatched,bretagne-240101.geoparquet,3.0,999,2,2,0,1,"5,5",0,1,90,both
254,202400043294.0,POINT (-1.55299 48.839270000000006),,,,unmatched,bretagne-240101.geoparquet,4.0,LANDE (CHEMIN DE LA),2,2,0,1, -1,0,1,20,both
255,202400043546.0,POINT (-1.9232669999999998 47.457441999999986),,,,unmatched,bretagne-240101.geoparquet,3.0,3,2,2,0,3,7,5,8,70,both
256,202400043546.0,POINT (-1.9232669999999998 47.457441999999986),,,,unmatched,bretagne-240101.geoparquet,3.0,N/A,2,2,0,1, -1,5,1,70,both
257,202400043565.0,POINT (-1.4477279999999988 48.591823999999995),,,,unmatched,bretagne-240101.geoparquet,3.0,200,2,2,0,1,4,0,1,80,both
258,202400043659.0,POINT (-1.5864199999999995 48.84397999999999),,,,unmatched,bretagne-240101.geoparquet,3.0,COUTANCES (ROUTE DE),2,2,0,1,"5,5",6,1,30,both
259,202400043940.0,POINT (-2.2782380000000004 48.524396000000024),,,,unmatched,bretagne-240101.geoparquet,3.0,55,2,2,0,1, -1,0,3,80,both
260,202400044020.0,POINT (-1.3555240000000006 48.65565),,,,unmatched,bretagne-240101.geoparquet,2.0,175,2,2,0,2,10,8,1,50,both
261,202400044092.0,POINT (-4.2612359999999985 48.646613),,,,unmatched,bretagne-240101.geoparquet,4.0,N/A,2,2,0,1, -1,0,8,50,both
262,202400044159.0,POINT (-1.0521924099999997 48.13498092999999),,,,unmatched,bretagne-240101.geoparquet,3.0,106, -1,2,0,3,"5,5",0,1,80,both
263,202400044347.0,POINT (-1.3408615399999997 48.54179018999999),,,,unmatched,bretagne-240101.geoparquet,1.0,84,1,2,0,1,10,0,2,130,both
264,202400044384.0,POINT (-2.3336670000000015 47.363806),,,,unmatched,bretagne-240101.geoparquet,3.0,3,2,2,0,1,5,0,1,80,both
265,202400044384.0,POINT (-2.3336670000000015 47.363806),,,,unmatched,bretagne-240101.geoparquet,3.0,47,2,2,0,1,5,0,1,50,both
266,202400044892.0,POINT (-1.6522667400000004 47.41437531000001),,,,unmatched,bretagne-240101.geoparquet,3.0,N/A,2,2,0,1, -1,5,1,70,both
267,202400044892.0,POINT (-1.6522667400000004 47.41437531000001),,,,unmatched,bretagne-240101.geoparquet,3.0,N/A,2,2,2,1, -1, -1,1,50,both
268,202400045131.0,POINT (-1.574634299999998 48.82252700000001),,,,unmatched,bretagne-240101.geoparquet,3.0,N/A,1,2,0,4, -1,6,1,50,both
269,202400045319.0,POINT (-1.1826929999999993 47.37975799999998),,,,unmatched,bretagne-240101.geoparquet,4.0,D923,2,2,0,1, -1,0,1,50,both
270,202400045919.0,POINT (-1.9407930000000004 47.388778),,,,unmatched,bretagne-240101.geoparquet,3.0,3,2,2,0,1,7,0,1,70,both
271,202400045962.0,POINT (-1.437084999999999 48.915206),,,,unmatched,bretagne-240101.geoparquet,3.0,13,2,2,0,1,"5,5",0,1,50,both
272,202400046013.0,POINT (-1.1987600000000007 47.399812999999995),,,,unmatched,bretagne-240101.geoparquet,1.0,11,3,4,0,1,0,3,1,70,both
273,202400046301.0,POINT (-1.222079 48.60964599999999),,,,unmatched,bretagne-240101.geoparquet,3.0,110,2,2,0,1,7,0,1, -1,both
274,202400046301.0,POINT (-1.222079 48.60964599999999),,,,unmatched,bretagne-240101.geoparquet,3.0,976,2,2,0,1,7,0,1,80,both
275,202400046550.0,POINT (-1.5508299999999993 48.836270000000006),,,,unmatched,bretagne-240101.geoparquet,4.0,ARMATEURS (RUE DES),2,2,0,1, -1,0,1,50,both
276,202400046732.0,POINT (-1.0308770300000003 47.703022780000005),,,,unmatched,bretagne-240101.geoparquet,3.0,81,2,2,0,1,"5,5",0,1,50,both
277,202400046910.0,POINT (-1.1076560000000002 48.90494199999999),,,,unmatched,bretagne-240101.geoparquet,1.0,84,3,4,0,1, -1,0,1,130,both
278,202400046955.0,POINT (-1.5659699999999992 48.83970999999999),,,,unmatched,bretagne-240101.geoparquet,4.0,RUE DU CONILLOT,2,2,0,1, -1,0,1,50,both
279,202400047369.0,POINT (-1.5218529999999997 47.56296800000001),,,,unmatched,bretagne-240101.geoparquet,3.0,35,2,2,0,2,5,0,3,80,both
280,202400047519.0,POINT (-1.3710539999999993 48.77398500000001),,,,unmatched,bretagne-240101.geoparquet,3.0,41,2,2,0,2,4,0,3,80,both
281,202400048049.0,POINT (-2.09097 47.417159),,,,unmatched,bretagne-240101.geoparquet,3.0,00,2,2,0,1,7,9,1,80,both
282,202400048049.0,POINT (-2.09097 47.417159),,,,unmatched,bretagne-240101.geoparquet,3.0,773,2,2,0,1,7,0,1,80,both
283,202400048177.0,POINT (-2.4403380000000006 47.431455),,,,unmatched,bretagne-240101.geoparquet,3.0,282,2,2,0,1,5,0,1,80,both
284,202400048177.0,POINT (-2.4403380000000006 47.431455),,,,unmatched,bretagne-240101.geoparquet,3.0,N/A,2,2,0,1,5,0,1,50,both
285,202400048468.0,POINT (-1.5445099999999996 48.81493),,,,unmatched,bretagne-240101.geoparquet,3.0,D973,2,2,0,1,7,0,1,50,both
286,202400048586.0,POINT (-1.2010930000000002 47.63127200000002),,,,unmatched,bretagne-240101.geoparquet,3.0,878,2,2,0,1,5,0,3,80,both
287,202400048597.0,POINT (-2.18372 47.352946999999986),,,,unmatched,bretagne-240101.geoparquet,4.0,N/A,2,2,0,1, -1,0,1,30,both
288,202400049096.0,POINT (-2.0121729999999998 47.640292),,,,unmatched,bretagne-240101.geoparquet,3.0,775,2,2,0,1,7,0,1,70,both
289,202400049368.0,POINT (-1.8765220000000007 47.511179),,,,unmatched,bretagne-240101.geoparquet,4.0,164,2,2,0,1, -1,0,4,80,both
290,202400050192.0,POINT (-1.5874470000000003 48.837900000000005),,,,unmatched,bretagne-240101.geoparquet,3.0,MARECHAL LECLERC (AV DU),2,2,0,1, -1,0,1,50,both
291,202400050205.0,POINT (-2.093539 47.407673),,,,unmatched,bretagne-240101.geoparquet,3.0,773,2,2,0,1,7,0,1,80,both
292,202400050209.0,POINT (-2.508595 47.350963000000014),,,,unmatched,bretagne-240101.geoparquet,3.0,99,2,2,0,1,7,0,1,50,both
293,202400050226.0,POINT (-1.798695 47.426806),,,,unmatched,bretagne-240101.geoparquet,3.0,81,2,2,0,1,5,0,1,80,both
294,202400050383.0,POINT (-1.4905409999999997 48.55836500000001),,,,unmatched,bretagne-240101.geoparquet,3.0,975,2,2,0,1,7,0,1,80,both
295,202400050383.0,POINT (-1.4905409999999997 48.55836500000001),,,,unmatched,bretagne-240101.geoparquet,3.0,N/A,2,2,0,1, -1,5,8,50,both
296,202400050683.0,POINT (-1.9724789999999994 47.41408100000002),,,,unmatched,bretagne-240101.geoparquet,3.0,16,2,2,0,1,5,0,1,50,both
297,202400050785.0,POINT (-1.5989099999999996 48.83838000000001),,,,unmatched,bretagne-240101.geoparquet,3.0,PAUL POIRIER (RUE),1,1,0,1, -1,0,1,30,both
298,202400050787.0,POINT (-1.373998999999999 48.693634),,,,unmatched,bretagne-240101.geoparquet,3.0,673,2,2,0,1,"5,5",5,1,50,both
299,202400050893.0,POINT (-1.9501810000000004 47.37706599999999),,,,unmatched,bretagne-240101.geoparquet,2.0,165,3,4,0,1,"10,5",0,2,110,both
300,202400050982.0,POINT (-1.0814179999999998 48.57440999999999),,,,unmatched,bretagne-240101.geoparquet,3.0,N/A,2,2,0,1,7,9,1, -1,both
301,202400051319.0,POINT (-2.2800059999999998 47.44794200000001),,,,unmatched,bretagne-240101.geoparquet,3.0,33,2,2,0,1,5,0,1,80,both
302,202400051358.0,POINT (-2.070958 47.38085300000001),,,,unmatched,bretagne-240101.geoparquet,3.0,244,2,2,0,2, -1,0,3,70,both
303,202400051579.0,POINT (-1.181791999999999 47.378451),,,,unmatched,bretagne-240101.geoparquet,4.0,923,2,2,0,1, -1,0,1,50,both
304,202400051661.0,POINT (-0.994938999999999 47.417292999999994),,,,unmatched,bretagne-240101.geoparquet,1.0,11,3,4,0,1,"10,5",0,8,130,both
305,202400051679.0,POINT (-1.6367160000000003 47.537333),,,,unmatched,bretagne-240101.geoparquet,2.0,137,3,2,0,3,"10,5",0,3,110,both
306,202400051995.0,POINT (-1.7171099999999995 48.10854),,,,unmatched,bretagne-240101.geoparquet,2.0,PORTE DE LORIENT,3,6,0,3,"10,5",3,3,30,both
307,202400052185.0,POINT (-1.3778240000000004 48.467597),,,,unmatched,bretagne-240101.geoparquet,4.0,7,2,2,0,2, -1,0,3,80,both
308,202400052565.0,POINT (-2.475743 47.32910799999999),,,,unmatched,bretagne-240101.geoparquet,3.0,92,2,2,0,3,5,0,1,50,both
309,202400052897.0,POINT (-1.617662 47.56339799999999),,,,unmatched,bretagne-240101.geoparquet,3.0,2,2,2,0,1,5,0,1,50,both
310,202400052999.0,POINT (-2.414400729999998 47.319555650000005),,,,unmatched,bretagne-240101.geoparquet,3.0,BOUGAINVILLE (BOULEVARD LOUIS ANTOINE DE,1,2,1,2, -1,5,5,30,both
311,202400052999.0,POINT (-2.414400729999998 47.319555650000005),,,,unmatched,bretagne-240101.geoparquet,3.0,RD 213,3,4,3,1, -1,9,1,50,both
312,202400053379.0,POINT (-1.5435549999999996 48.837609999999984),,,,unmatched,bretagne-240101.geoparquet,3.0,VILLEDIEU (ROUTE DE),2,2,0,1, -1,0,1,70,both
313,202400053447.0,POINT (-1.151622999999999 47.376394000000005),,,,unmatched,bretagne-240101.geoparquet,3.0,723,2,2,0,1, -1,5,1,80,both
314,202400053813.0,POINT (-2.1704729999999994 47.480458),,,,unmatched,bretagne-240101.geoparquet,3.0,2,2,2,0,4,"5,5",0,1,50,both
315,202400053820.0,POINT (-1.228602 47.36406),,,,unmatched,bretagne-240101.geoparquet,3.0,723,3,3,0,1,7,0,3,80,both
316,202400054075.0,POINT (-1.4114079999999987 47.733504),,,,unmatched,bretagne-240101.geoparquet,4.0,N/A,2,2,0,3, -1,0,3,80,both
317,202400054203.0,POINT (-1.113524 47.402532),,,,unmatched,bretagne-240101.geoparquet,3.0,112,2,2,0,1,5,0,1,80,both
