annee,zone,vma_classe,accidents_mode_edpm,support_compatible_edpm,sans_collision_baac_edpm,obs_fixe_edpm,obs_bordure_edpm,sortie_chaussee_edpm,surface_adverse_edpm,manoeuvre_evitement_edpm,obs_mobile_vehicule_edpm,accidents_mode_velo,support_compatible_velo,sans_collision_baac_velo,obs_fixe_velo,obs_bordure_velo,sortie_chaussee_velo,surface_adverse_velo,manoeuvre_evitement_velo,obs_mobile_vehicule_velo,part_support_compatible_edpm,part_support_compatible_velo,difference_points_support_compatible,rr_support_compatible,part_sans_collision_baac_edpm,part_sans_collision_baac_velo,difference_points_sans_collision_baac,rr_sans_collision_baac,part_obs_fixe_edpm,part_obs_fixe_velo,difference_points_obs_fixe,rr_obs_fixe,part_obs_bordure_edpm,part_obs_bordure_velo,difference_points_obs_bordure,rr_obs_bordure,part_sortie_chaussee_edpm,part_sortie_chaussee_velo,difference_points_sortie_chaussee,rr_sortie_chaussee,part_surface_adverse_edpm,part_surface_adverse_velo,difference_points_surface_adverse,rr_surface_adverse,part_manoeuvre_evitement_edpm,part_manoeuvre_evitement_velo,difference_points_manoeuvre_evitement,rr_manoeuvre_evitement,part_obs_mobile_vehicule_edpm,part_obs_mobile_vehicule_velo,difference_points_obs_mobile_vehicule,rr_obs_mobile_vehicule
2019,En agglomération,21_30,101,11,11,6,1,0,16,2,72,581,63,48,46,7,3,93,10,418,0.10891089108910891,0.10843373493975904,0.047715614934987216,1.0044004400440043,0.10891089108910891,0.08261617900172118,2.6294712087387735,1.3182755775577557,0.0594059405940594,0.07917383820998279,-1.9767897615923389,0.7503228583727938,0.009900990099009901,0.012048192771084338,-0.2147202672074437,0.8217821782178217,0.0,0.0051635111876075735,-0.5163511187607573,0.0,0.15841584158415842,0.16006884681583478,-0.16530052316763577,0.9896731608644735,0.019801980198019802,0.01721170395869191,0.25902762393278933,1.1504950495049506,0.7128712871287128,0.7194492254733219,-0.6577938344609069,0.9908569804348855
2019,En agglomération,41_50,502,63,52,39,14,0,80,7,359,3443,274,171,233,41,6,446,42,2764,0.1254980079681275,0.0795817600929422,4.591624787518529,1.5769694942856314,0.10358565737051793,0.04966598896311356,5.391966840740437,2.0856457212087327,0.07768924302788845,0.067673540516991,1.001570251089745,1.1480002735837764,0.027888446215139442,0.011908219575951205,1.5980226639188237,2.3419492760664657,0.0,0.0017426662794074934,-0.17426662794074935,0.0,0.1593625498007968,0.12953819343595702,2.9824356364839795,1.2302360066460614,0.013944223107569721,0.012198663955852455,0.1745559151717266,1.143094289508632,0.7151394422310757,0.802788266047052,-8.764882381597626,0.8908195005794478
2019,En agglomération,51_70,1,0,0,0,0,0,0,0,1,77,5,5,3,0,0,11,0,67,0.0,0.06493506493506493,-6.493506493506493,0.0,0.0,0.06493506493506493,-6.493506493506493,0.0,0.0,0.03896103896103896,-3.896103896103896,0.0,0.0,0.0,0.0,,0.0,0.0,0.0,,0.0,0.14285714285714285,-14.285714285714285,0.0,0.0,0.0,0.0,,1.0,0.8701298701298701,12.987012987012992,1.1492537313432836
2019,En agglomération,<=20,17,5,3,4,0,0,1,0,3,72,10,8,8,0,0,9,3,33,0.29411764705882354,0.1388888888888889,15.522875816993464,2.1176470588235294,0.17647058823529413,0.1111111111111111,6.535947712418302,1.5882352941176472,0.23529411764705882,0.1111111111111111,12.418300653594772,2.1176470588235294,0.0,0.0,0.0,,0.0,0.0,0.0,,0.058823529411764705,0.125,-6.61764705882353,0.47058823529411764,0.0,0.041666666666666664,-4.166666666666666,0.0,0.17647058823529413,0.4583333333333333,-28.186274509803923,0.3850267379679145
2019,En agglomération,vma_non_renseignee_ou_invalide,2,0,0,0,0,0,0,0,2,50,7,8,4,0,0,5,0,26,0.0,0.14,-14.000000000000002,0.0,0.0,0.16,-16.0,0.0,0.0,0.08,-8.0,0.0,0.0,0.0,0.0,,0.0,0.0,0.0,,0.0,0.1,-10.0,0.0,0.0,0.0,0.0,,1.0,0.52,48.0,1.923076923076923
2019,Hors agglomération,41_50,2,1,1,0,0,0,1,0,1,101,4,13,4,1,0,10,1,81,0.5,0.039603960396039604,46.03960396039604,12.625,0.5,0.12871287128712872,37.12871287128713,3.8846153846153846,0.0,0.039603960396039604,-3.9603960396039604,0.0,0.0,0.009900990099009901,-0.9900990099009901,0.0,0.0,0.0,0.0,,0.5,0.09900990099009901,40.099009900990104,5.05,0.0,0.009900990099009901,-0.9900990099009901,0.0,0.5,0.801980198019802,-30.1980198019802,0.6234567901234568
2019,Hors agglomération,51_70,2,0,0,0,0,0,1,0,2,114,7,6,5,1,0,13,1,84,0.0,0.06140350877192982,-6.140350877192982,0.0,0.0,0.05263157894736842,-5.263157894736842,0.0,0.0,0.043859649122807015,-4.385964912280701,0.0,0.0,0.008771929824561403,-0.8771929824561403,0.0,0.0,0.0,0.0,,0.5,0.11403508771929824,38.59649122807017,4.384615384615385,0.0,0.008771929824561403,-0.8771929824561403,0.0,1.0,0.7368421052631579,26.315789473684216,1.3571428571428572
2019,Hors agglomération,71_80,2,1,0,0,0,0,2,0,1,527,65,61,48,0,8,65,7,350,0.5,0.12333965844402277,37.66603415559772,4.053846153846154,0.0,0.1157495256166983,-11.57495256166983,0.0,0.0,0.09108159392789374,-9.108159392789373,0.0,0.0,0.0,0.0,,0.0,0.015180265654648957,-1.5180265654648957,0.0,1.0,0.12333965844402277,87.66603415559773,8.107692307692307,0.0,0.013282732447817837,-1.3282732447817838,0.0,0.5,0.6641366223908919,-16.413662239089188,0.7528571428571428
2019,Hors agglomération,81_90,1,0,0,0,0,0,0,0,1,24,1,2,1,0,0,1,0,18,0.0,0.041666666666666664,-4.166666666666666,0.0,0.0,0.08333333333333333,-8.333333333333332,0.0,0.0,0.041666666666666664,-4.166666666666666,0.0,0.0,0.0,0.0,,0.0,0.0,0.0,,0.0,0.041666666666666664,-4.166666666666666,0.0,0.0,0.0,0.0,,1.0,0.75,25.0,1.3333333333333333
2019,Hors agglomération,<=20,1,0,0,0,0,0,0,0,1,4,1,0,1,0,0,0,0,2,0.0,0.25,-25.0,0.0,0.0,0.0,0.0,,0.0,0.25,-25.0,0.0,0.0,0.0,0.0,,0.0,0.0,0.0,,0.0,0.0,0.0,,0.0,0.0,0.0,,1.0,0.5,50.0,2.0
2019,Hors agglomération,vma_non_renseignee_ou_invalide,1,0,0,0,0,0,0,0,0,38,5,5,3,0,1,7,1,24,0.0,0.13157894736842105,-13.157894736842104,0.0,0.0,0.13157894736842105,-13.157894736842104,0.0,0.0,0.07894736842105263,-7.894736842105263,0.0,0.0,0.0,0.0,,0.0,0.02631578947368421,-2.631578947368421,0.0,0.0,0.18421052631578946,-18.421052631578945,0.0,0.0,0.02631578947368421,-2.631578947368421,0.0,0.0,0.631578947368421,-63.1578947368421,0.0
2020,En agglomération,21_30,146,27,30,18,10,0,21,1,79,667,84,66,58,12,0,100,18,451,0.18493150684931506,0.12593703148425786,5.89944753650572,1.4684442270058709,0.2054794520547945,0.09895052473763119,10.652892731716332,2.0765877957658776,0.1232876712328767,0.08695652173913043,3.6331149493746273,1.417808219178082,0.0684931506849315,0.017991004497751123,5.050214618718038,3.8070776255707766,0.0,0.0,0.0,,0.14383561643835616,0.14992503748125938,-0.608942104290322,0.9593835616438355,0.00684931506849315,0.026986506746626688,-2.013719167813354,0.2538051750380517,0.541095890410959,0.6761619190404797,-13.506602862952077,0.8002460286122165
2020,En agglomération,31_40,1,0,0,0,0,0,1,0,1,7,0,0,0,0,0,2,0,7,0.0,0.0,0.0,,0.0,0.0,0.0,,0.0,0.0,0.0,,0.0,0.0,0.0,,0.0,0.0,0.0,,1.0,0.2857142857142857,71.42857142857143,3.5,0.0,0.0,0.0,,1.0,1.0,0.0,1.0
2020,En agglomération,41_50,681,76,54,54,15,1,111,13,514,3385,334,236,261,45,6,510,47,2667,0.11160058737151249,0.09867060561299852,1.2929981758513966,1.131041880995718,0.07929515418502203,0.06971935007385524,0.9575804111166791,1.1373478682894052,0.07929515418502203,0.07710487444608567,0.21902797389363599,1.0284065015950175,0.022026431718061675,0.013293943870014771,0.8732487848046904,1.6568771414586394,0.0014684287812041115,0.0017725258493353029,-0.030409706813119136,0.8284385707293196,0.16299559471365638,0.15066469719350073,1.2330897520155648,1.0818433100112292,0.01908957415565345,0.013884785819793206,0.5204788335860244,1.3748555003592964,0.7547723935389133,0.7878877400295421,-3.311534649062875,0.9579694608658499
2020,En agglomération,51_70,3,0,0,0,0,0,0,0,3,64,4,6,3,0,0,13,0,51,0.0,0.0625,-6.25,0.0,0.0,0.09375,-9.375,0.0,0.0,0.046875,-4.6875,0.0,0.0,0.0,0.0,,0.0,0.0,0.0,,0.0,0.203125,-20.3125,0.0,0.0,0.0,0.0,,1.0,0.796875,20.3125,1.2549019607843137
2020,En agglomération,<=20,24,7,3,5,0,0,7,0,6,75,10,13,3,1,0,8,3,25,0.2916666666666667,0.13333333333333333,15.833333333333336,2.1875,0.125,0.17333333333333334,-4.833333333333334,0.7211538461538461,0.20833333333333334,0.04,16.833333333333332,5.208333333333333,0.0,0.013333333333333334,-1.3333333333333335,0.0,0.0,0.0,0.0,,0.2916666666666667,0.10666666666666667,18.5,2.734375,0.0,0.04,-4.0,0.0,0.25,0.3333333333333333,-8.333333333333332,0.75
2020,En agglomération,vma_non_renseignee_ou_invalide,6,2,1,2,0,0,0,0,3,51,7,1,6,2,0,9,0,34,0.3333333333333333,0.13725490196078433,19.6078431372549,2.4285714285714284,0.16666666666666666,0.0196078431372549,14.705882352941174,8.5,0.3333333333333333,0.11764705882352941,21.56862745098039,2.833333333333333,0.0,0.0392156862745098,-3.9215686274509802,0.0,0.0,0.0,0.0,,0.0,0.17647058823529413,-17.647058823529413,0.0,0.0,0.0,0.0,,0.5,0.6666666666666666,-16.666666666666664,0.75
2020,Hors agglomération,41_50,10,0,2,0,0,0,2,0,7,154,6,15,3,1,0,17,3,118,0.0,0.03896103896103896,-3.896103896103896,0.0,0.2,0.09740259740259741,10.25974025974026,2.0533333333333332,0.0,0.01948051948051948,-1.948051948051948,0.0,0.0,0.006493506493506494,-0.6493506493506493,0.0,0.0,0.0,0.0,,0.2,0.11038961038961038,8.961038961038962,1.8117647058823532,0.0,0.01948051948051948,-1.948051948051948,0.0,0.7,0.7662337662337663,-6.623376623376631,0.9135593220338982
2020,Hors agglomération,51_70,2,0,1,0,0,0,0,0,1,121,8,9,6,0,0,8,3,84,0.0,0.06611570247933884,-6.6115702479338845,0.0,0.5,0.0743801652892562,42.561983471074385,6.722222222222222,0.0,0.049586776859504134,-4.958677685950414,0.0,0.0,0.0,0.0,,0.0,0.0,0.0,,0.0,0.06611570247933884,-6.6115702479338845,0.0,0.0,0.024793388429752067,-2.479338842975207,0.0,0.5,0.6942148760330579,-19.42148760330579,0.7202380952380952
2020,Hors agglomération,71_80,4,0,0,0,0,0,0,0,4,472,53,73,35,1,2,46,7,288,0.0,0.11228813559322035,-11.228813559322035,0.0,0.0,0.15466101694915255,-15.466101694915254,0.0,0.0,0.07415254237288135,-7.415254237288135,0.0,0.0,0.00211864406779661,-0.211864406779661,0.0,0.0,0.00423728813559322,-0.423728813559322,0.0,0.0,0.09745762711864407,-9.745762711864407,0.0,0.0,0.014830508474576272,-1.4830508474576272,0.0,1.0,0.6101694915254238,38.983050847457626,1.6388888888888888
2020,Hors agglomération,vma_non_renseignee_ou_invalide,1,0,0,0,0,0,0,0,1,35,4,7,3,0,0,8,0,21,0.0,0.11428571428571428,-11.428571428571429,0.0,0.0,0.2,-20.0,0.0,0.0,0.08571428571428572,-8.571428571428571,0.0,0.0,0.0,0.0,,0.0,0.0,0.0,,0.0,0.22857142857142856,-22.857142857142858,0.0,0.0,0.0,0.0,,1.0,0.6,40.0,1.6666666666666667
2021,En agglomération,21_30,410,53,48,34,7,0,64,10,276,1187,143,107,98,26,4,187,30,873,0.12926829268292683,0.12047177759056445,0.8796515092362387,1.0730172266757634,0.11707317073170732,0.09014321819713564,2.6929952534571684,1.2987462958741738,0.08292682926829269,0.08256107834877843,0.03657509195142544,1.0044300647088105,0.01707317073170732,0.02190395956192081,-0.48307888302134905,0.7794559099437148,0.0,0.003369839932603201,-0.33698399326032014,0.0,0.15609756097560976,0.15754001684919966,-0.1442455873589904,0.990843876353202,0.024390243902439025,0.02527379949452401,-0.08835555920849864,0.965040650406504,0.6731707317073171,0.7354675652906487,-6.22968335833316,0.9152962869834884
2021,En agglomération,31_40,1,0,0,0,0,0,0,0,1,4,0,0,0,0,0,0,0,4,0.0,0.0,0.0,,0.0,0.0,0.0,,0.0,0.0,0.0,,0.0,0.0,0.0,,0.0,0.0,0.0,,0.0,0.0,0.0,,0.0,0.0,0.0,,1.0,1.0,0.0,1.0
2021,En agglomération,41_50,998,83,81,70,19,0,148,9,775,3492,306,256,256,47,4,461,52,2751,0.08316633266533066,0.08762886597938144,-0.4462533314050776,0.9490746198278911,0.0811623246492986,0.07331042382588775,0.7851900823410849,1.1071048346693386,0.07014028056112225,0.07331042382588775,-0.31701432647655015,0.9567572645290581,0.01903807615230461,0.013459335624284079,0.5578740528020533,1.4144885515712275,0.0,0.001145475372279496,-0.11454753722794961,0.0,0.14829659318637275,0.13201603665521192,1.628055653116084,1.1233225670429796,0.009018036072144289,0.014891179839633447,-0.5873143767489158,0.6055958069986127,0.7765531062124249,0.7878006872852233,-1.124758107279844,0.9857228087581926
2021,En agglomération,51_70,8,0,0,0,0,0,0,0,6,30,0,0,0,0,0,1,0,24,0.0,0.0,0.0,,0.0,0.0,0.0,,0.0,0.0,0.0,,0.0,0.0,0.0,,0.0,0.0,0.0,,0.0,0.03333333333333333,-3.3333333333333335,0.0,0.0,0.0,0.0,,0.75,0.8,-5.000000000000004,0.9375
2021,En agglomération,71_80,2,0,0,0,0,0,0,0,2,17,1,2,1,0,0,0,0,11,0.0,0.058823529411764705,-5.88235294117647,0.0,0.0,0.11764705882352941,-11.76470588235294,0.0,0.0,0.058823529411764705,-5.88235294117647,0.0,0.0,0.0,0.0,,0.0,0.0,0.0,,0.0,0.0,0.0,,0.0,0.0,0.0,,1.0,0.6470588235294118,35.29411764705882,1.5454545454545454
2021,En agglomération,<=20,32,7,4,3,2,0,6,0,14,71,11,5,9,1,0,13,0,38,0.21875,0.15492957746478872,6.382042253521128,1.4119318181818183,0.125,0.07042253521126761,5.457746478873239,1.775,0.09375,0.1267605633802817,-3.301056338028169,0.7395833333333334,0.0625,0.014084507042253521,4.841549295774648,4.4375,0.0,0.0,0.0,,0.1875,0.18309859154929578,0.44014084507042195,1.0240384615384615,0.0,0.0,0.0,,0.4375,0.5352112676056338,-9.771126760563376,0.8174342105263158
2021,En agglomération,vma_non_renseignee_ou_invalide,8,1,1,1,0,0,1,0,6,60,11,12,7,1,0,8,0,35,0.125,0.18333333333333332,-5.833333333333332,0.6818181818181819,0.125,0.2,-7.500000000000001,0.625,0.125,0.11666666666666667,0.8333333333333331,1.0714285714285714,0.0,0.016666666666666666,-1.6666666666666667,0.0,0.0,0.0,0.0,,0.125,0.13333333333333333,-0.8333333333333331,0.9375,0.0,0.0,0.0,,0.75,0.5833333333333334,16.666666666666664,1.2857142857142856
2021,Hors agglomération,21_30,3,0,2,0,0,0,0,0,0,26,5,7,2,0,0,4,0,14,0.0,0.19230769230769232,-19.230769230769234,0.0,0.6666666666666666,0.2692307692307692,39.743589743589745,2.4761904761904763,0.0,0.07692307692307693,-7.6923076923076925,0.0,0.0,0.0,0.0,,0.0,0.0,0.0,,0.0,0.15384615384615385,-15.384615384615385,0.0,0.0,0.0,0.0,,0.0,0.5384615384615384,-53.84615384615385,0.0
2021,Hors agglomération,41_50,11,0,0,1,0,0,2,0,11,166,16,19,16,3,0,18,2,126,0.0,0.0963855421686747,-9.63855421686747,0.0,0.0,0.1144578313253012,-11.44578313253012,0.0,0.09090909090909091,0.0963855421686747,-0.5476451259583792,0.9431818181818181,0.0,0.018072289156626505,-1.8072289156626504,0.0,0.0,0.0,0.0,,0.18181818181818182,0.10843373493975904,7.338444687842278,1.6767676767676767,0.0,0.012048192771084338,-1.2048192771084338,0.0,1.0,0.7590361445783133,24.096385542168676,1.3174603174603174
2021,Hors agglomération,51_70,5,1,1,0,0,0,1,0,3,141,10,16,6,1,1,14,3,104,0.2,0.07092198581560284,12.907801418439718,2.82,0.2,0.11347517730496454,8.652482269503547,1.7625000000000002,0.0,0.0425531914893617,-4.25531914893617,0.0,0.0,0.0070921985815602835,-0.7092198581560284,0.0,0.0,0.0070921985815602835,-0.7092198581560284,0.0,0.2,0.09929078014184398,10.070921985815604,2.0142857142857142,0.0,0.02127659574468085,-2.127659574468085,0.0,0.6,0.7375886524822695,-13.758865248226948,0.8134615384615385
2021,Hors agglomération,71_80,10,3,3,0,0,0,4,0,6,531,44,95,27,1,4,41,5,344,0.3,0.08286252354048965,21.713747645951035,3.620454545454545,0.3,0.17890772128060264,12.109227871939735,1.6768421052631577,0.0,0.05084745762711865,-5.084745762711865,0.0,0.0,0.0018832391713747645,-0.18832391713747645,0.0,0.0,0.007532956685499058,-0.7532956685499058,0.0,0.4,0.07721280602636535,32.27871939736347,5.180487804878049,0.0,0.009416195856873822,-0.9416195856873822,0.0,0.6,0.647834274952919,-4.783427495291903,0.9261627906976744
2021,Hors agglomération,81_90,3,0,0,0,0,0,0,0,3,78,11,10,6,0,1,12,1,49,0.0,0.14102564102564102,-14.102564102564102,0.0,0.0,0.1282051282051282,-12.82051282051282,0.0,0.0,0.07692307692307693,-7.6923076923076925,0.0,0.0,0.0,0.0,,0.0,0.01282051282051282,-1.282051282051282,0.0,0.0,0.15384615384615385,-15.384615384615385,0.0,0.0,0.01282051282051282,-1.282051282051282,0.0,1.0,0.6282051282051282,37.17948717948718,1.5918367346938775
2021,Hors agglomération,<=20,1,0,0,0,0,0,0,0,1,6,0,2,0,0,0,0,0,1,0.0,0.0,0.0,,0.0,0.3333333333333333,-33.33333333333333,0.0,0.0,0.0,0.0,,0.0,0.0,0.0,,0.0,0.0,0.0,,0.0,0.0,0.0,,0.0,0.0,0.0,,1.0,0.16666666666666666,83.33333333333334,6.0
2021,Hors agglomération,vma_non_renseignee_ou_invalide,3,0,1,0,0,0,1,0,2,35,4,12,3,0,0,4,0,15,0.0,0.11428571428571428,-11.428571428571429,0.0,0.3333333333333333,0.34285714285714286,-0.9523809523809545,0.9722222222222222,0.0,0.08571428571428572,-8.571428571428571,0.0,0.0,0.0,0.0,,0.0,0.0,0.0,,0.3333333333333333,0.11428571428571428,21.904761904761905,2.9166666666666665,0.0,0.0,0.0,,0.6666666666666666,0.42857142857142855,23.809523809523807,1.5555555555555556
2022,En agglomération,21_30,831,98,110,61,16,2,115,16,558,1919,197,155,165,47,0,240,41,1386,0.11793020457280386,0.10265763418447107,1.5272570388332782,1.148771891244724,0.13237063778580024,0.08077123501823867,5.159940276756157,1.6388338961996816,0.07340553549939831,0.0859822824387702,-1.2576746939371886,0.8537286219596688,0.019253910950661854,0.024491922876498175,-0.5238011925836321,0.7861330875387255,0.0024067388688327317,0.0,0.24067388688327318,,0.13838748495788206,0.12506513809275666,1.33223468651254,1.1065232651423984,0.019253910950661854,0.02136529442417926,-0.21113834735174072,0.9011769540078072,0.6714801444043321,0.7222511724856696,-5.077102808133748,0.9297044712207168
2022,En agglomération,31_40,4,1,0,0,0,0,0,1,2,9,0,0,0,0,0,1,0,9,0.25,0.0,25.0,,0.0,0.0,0.0,,0.0,0.0,0.0,,0.0,0.0,0.0,,0.0,0.0,0.0,,0.0,0.1111111111111111,-11.11111111111111,0.0,0.25,0.0,25.0,,0.5,1.0,-50.0,0.5
2022,En agglomération,41_50,1078,89,96,77,14,4,150,6,851,2720,226,176,221,32,6,315,36,2185,0.08256029684601113,0.08308823529411764,-0.05279384481065158,0.9936460505360631,0.08905380333951762,0.06470588235294118,2.434792098657644,1.3762860516107267,0.07142857142857142,0.08125,-0.9821428571428579,0.879120879120879,0.012987012987012988,0.011764705882352941,0.12223071046600469,1.103896103896104,0.0037105751391465678,0.0022058823529411764,0.15046927862053913,1.6821273964131107,0.1391465677179963,0.11580882352941177,2.333774418858453,1.2015195688665077,0.0055658627087198514,0.013235294117647059,-0.7669431408927208,0.4205318491032777,0.7894248608534323,0.8033088235294118,-1.3883962675979467,0.9827165315887121
2022,En agglomération,51_70,14,1,0,1,1,0,2,0,11,38,0,2,0,0,0,4,0,30,0.07142857142857142,0.0,7.142857142857142,,0.0,0.05263157894736842,-5.263157894736842,0.0,0.07142857142857142,0.0,7.142857142857142,,0.07142857142857142,0.0,7.142857142857142,,0.0,0.0,0.0,,0.14285714285714285,0.10526315789473684,3.7593984962406015,1.3571428571428572,0.0,0.0,0.0,,0.7857142857142857,0.7894736842105263,-0.3759398496240629,0.9952380952380953
2022,En agglomération,71_80,1,0,0,0,0,0,0,0,1,13,0,1,0,0,0,2,0,10,0.0,0.0,0.0,,0.0,0.07692307692307693,-7.6923076923076925,0.0,0.0,0.0,0.0,,0.0,0.0,0.0,,0.0,0.0,0.0,,0.0,0.15384615384615385,-15.384615384615385,0.0,0.0,0.0,0.0,,1.0,0.7692307692307693,23.076923076923073,1.2999999999999998
2022,En agglomération,<=20,49,10,4,8,0,1,4,1,18,54,12,3,6,2,0,10,3,32,0.20408163265306123,0.2222222222222222,-1.814058956916098,0.9183673469387755,0.08163265306122448,0.05555555555555555,2.607709750566893,1.4693877551020407,0.16326530612244897,0.1111111111111111,5.215419501133786,1.4693877551020407,0.0,0.037037037037037035,-3.7037037037037033,0.0,0.02040816326530612,0.0,2.0408163265306123,,0.08163265306122448,0.18518518518518517,-10.35525321239607,0.44081632653061226,0.02040816326530612,0.05555555555555555,-3.5147392290249435,0.36734693877551017,0.3673469387755102,0.5925925925925926,-22.524565381708232,0.6198979591836735
2022,En agglomération,vma_non_renseignee_ou_invalide,21,0,3,0,0,0,1,0,16,42,5,7,2,0,0,3,1,24,0.0,0.11904761904761904,-11.904761904761903,0.0,0.14285714285714285,0.16666666666666666,-2.380952380952381,0.8571428571428571,0.0,0.047619047619047616,-4.761904761904762,0.0,0.0,0.0,0.0,,0.0,0.0,0.0,,0.047619047619047616,0.07142857142857142,-2.380952380952381,0.6666666666666666,0.0,0.023809523809523808,-2.380952380952381,0.0,0.7619047619047619,0.5714285714285714,19.047619047619047,1.3333333333333333
2022,Hors agglomération,21_30,7,3,3,2,0,0,1,0,0,34,5,8,5,1,0,2,0,23,0.42857142857142855,0.14705882352941177,28.15126050420168,2.914285714285714,0.42857142857142855,0.23529411764705882,19.327731092436974,1.8214285714285714,0.2857142857142857,0.14705882352941177,13.865546218487394,1.9428571428571426,0.0,0.029411764705882353,-2.941176470588235,0.0,0.0,0.0,0.0,,0.14285714285714285,0.058823529411764705,8.403361344537814,2.4285714285714284,0.0,0.0,0.0,,0.0,0.6764705882352942,-67.64705882352942,0.0
2022,Hors agglomération,41_50,30,4,4,3,1,0,8,0,21,143,11,19,11,1,1,14,1,114,0.13333333333333333,0.07692307692307693,5.6410256410256405,1.7333333333333332,0.13333333333333333,0.13286713286713286,0.04662004662004671,1.0035087719298246,0.1,0.07692307692307693,2.307692307692308,1.3,0.03333333333333333,0.006993006993006993,2.634032634032634,4.766666666666667,0.0,0.006993006993006993,-0.6993006993006993,0.0,0.26666666666666666,0.0979020979020979,16.876456876456874,2.723809523809524,0.0,0.006993006993006993,-0.6993006993006993,0.0,0.7,0.7972027972027972,-9.720279720279724,0.8780701754385964
2022,Hors agglomération,51_70,10,1,2,0,0,0,3,0,7,126,8,9,6,0,0,11,0,103,0.1,0.06349206349206349,3.6507936507936516,1.5750000000000002,0.2,0.07142857142857142,12.85714285714286,2.8000000000000003,0.0,0.047619047619047616,-4.761904761904762,0.0,0.0,0.0,0.0,,0.0,0.0,0.0,,0.3,0.0873015873015873,21.26984126984127,3.4363636363636365,0.0,0.0,0.0,,0.7,0.8174603174603174,-11.746031746031749,0.8563106796116504
2022,Hors agglomération,71_80,22,4,4,3,0,1,3,0,10,523,47,80,33,1,2,45,8,346,0.18181818181818182,0.08986615678776291,9.195202503041891,2.02321083172147,0.18181818181818182,0.15296367112810708,2.8854510690074746,1.1886363636363637,0.13636363636363635,0.06309751434034416,7.326612202329219,2.1611570247933884,0.0,0.0019120458891013384,-0.19120458891013384,0.0,0.045454545454545456,0.0038240917782026767,4.163045367634278,11.886363636363637,0.13636363636363635,0.08604206500956023,5.032157135407613,1.5848484848484847,0.0,0.015296367112810707,-1.5296367112810707,0.0,0.45454545454545453,0.6615678776290631,-20.70224230836086,0.687073042564372
2022,Hors agglomération,81_90,2,0,1,0,0,0,1,0,1,98,5,14,2,0,0,8,1,61,0.0,0.05102040816326531,-5.1020408163265305,0.0,0.5,0.14285714285714285,35.714285714285715,3.5,0.0,0.02040816326530612,-2.0408163265306123,0.0,0.0,0.0,0.0,,0.0,0.0,0.0,,0.5,0.08163265306122448,41.83673469387755,6.125000000000001,0.0,0.01020408163265306,-1.0204081632653061,0.0,0.5,0.6224489795918368,-12.244897959183676,0.8032786885245902
2022,Hors agglomération,91_110,1,0,0,0,0,0,0,0,0,3,1,0,1,0,0,1,0,1,0.0,0.3333333333333333,-33.33333333333333,0.0,0.0,0.0,0.0,,0.0,0.3333333333333333,-33.33333333333333,0.0,0.0,0.0,0.0,,0.0,0.0,0.0,,0.0,0.3333333333333333,-33.33333333333333,0.0,0.0,0.0,0.0,,0.0,0.3333333333333333,-33.33333333333333,0.0
2022,Hors agglomération,<=20,1,0,0,0,0,0,0,0,0,5,2,2,2,0,0,1,0,1,0.0,0.4,-40.0,0.0,0.0,0.4,-40.0,0.0,0.0,0.4,-40.0,0.0,0.0,0.0,0.0,,0.0,0.0,0.0,,0.0,0.2,-20.0,0.0,0.0,0.0,0.0,,0.0,0.2,-20.0,0.0
2022,Hors agglomération,vma_non_renseignee_ou_invalide,5,1,2,1,0,1,1,0,3,45,3,14,4,2,1,3,0,24,0.2,0.06666666666666667,13.333333333333336,3.0,0.4,0.3111111111111111,8.888888888888891,1.2857142857142858,0.2,0.08888888888888889,11.111111111111112,2.25,0.0,0.044444444444444446,-4.444444444444445,0.0,0.2,0.022222222222222223,17.77777777777778,9.0,0.2,0.06666666666666667,13.333333333333336,3.0,0.0,0.0,0.0,,0.6,0.5333333333333333,6.666666666666665,1.125
2023,En agglomération,21_30,819,110,96,84,23,2,123,20,514,1940,256,148,210,47,4,356,56,1356,0.1343101343101343,0.13195876288659794,0.23513714235363636,1.0178189865689864,0.11721611721611722,0.07628865979381444,4.092745742230278,1.5364815364815363,0.10256410256410256,0.10824742268041238,-0.5683320116309815,0.9474969474969475,0.028083028083028084,0.02422680412371134,0.3856223959316743,1.1591717974696698,0.002442002442002442,0.002061855670103093,0.03801467718993492,1.1843711843711844,0.15018315018315018,0.18350515463917524,-3.3322004456025067,0.8184137959418859,0.02442002442002442,0.0288659793814433,-0.44459549614188804,0.8459794174079888,0.6275946275946276,0.6989690721649484,-7.137444457032083,0.8978861191250572
2023,En agglomération,31_40,4,0,0,0,0,0,1,0,3,7,0,0,0,0,0,2,0,5,0.0,0.0,0.0,,0.0,0.0,0.0,,0.0,0.0,0.0,,0.0,0.0,0.0,,0.0,0.0,0.0,,0.25,0.2857142857142857,-3.57142857142857,0.875,0.0,0.0,0.0,,0.75,0.7142857142857143,3.57142857142857,1.05
2023,En agglomération,41_50,1294,111,112,93,19,3,232,14,997,2433,228,164,208,34,6,368,34,1911,0.08578052550231839,0.093711467324291,-0.7930941821972612,0.9153685023997397,0.0865533230293663,0.06740649404027949,1.9146828989086817,1.284050212990538,0.07187017001545595,0.0854911631730374,-1.3620993157581447,0.8406736713827132,0.014683153013910355,0.013974517057131115,0.070863595677924,1.0507091553777614,0.00231839258114374,0.002466091245376079,-0.014769866423233876,0.9401081916537867,0.17928902627511592,0.15125359638306618,2.803542989204974,1.185353806867818,0.010819165378670788,0.013974517057131115,-0.3155351678460327,0.7742067460678242,0.7704791344667697,0.7854500616522812,-1.4970927185511407,0.9809396829710365
2023,En agglomération,51_70,10,1,2,1,0,0,3,0,7,18,3,2,3,1,0,3,1,12,0.1,0.16666666666666666,-6.666666666666665,0.6000000000000001,0.2,0.1111111111111111,8.888888888888891,1.8000000000000003,0.1,0.16666666666666666,-6.666666666666665,0.6000000000000001,0.0,0.05555555555555555,-5.555555555555555,0.0,0.0,0.0,0.0,,0.3,0.16666666666666666,13.333333333333334,1.8,0.0,0.05555555555555555,-5.555555555555555,0.0,0.7,0.6666666666666666,3.3333333333333326,1.05
2023,En agglomération,71_80,1,0,1,0,0,0,0,0,0,10,1,1,1,0,0,0,0,6,0.0,0.1,-10.0,0.0,1.0,0.1,90.0,10.0,0.0,0.1,-10.0,0.0,0.0,0.0,0.0,,0.0,0.0,0.0,,0.0,0.0,0.0,,0.0,0.0,0.0,,0.0,0.6,-60.0,0.0
2023,En agglomération,<=20,20,5,2,4,2,0,5,0,8,33,10,1,9,2,0,5,0,19,0.25,0.30303030303030304,-5.303030303030304,0.825,0.1,0.030303030303030304,6.969696969696971,3.3000000000000003,0.2,0.2727272727272727,-7.27272727272727,0.7333333333333334,0.1,0.06060606060606061,3.93939393939394,1.6500000000000001,0.0,0.0,0.0,,0.25,0.15151515151515152,9.848484848484848,1.65,0.0,0.0,0.0,,0.4,0.5757575757575758,-17.575757575757578,0.6947368421052631
2023,En agglomération,vma_multiple,108,0,2,1,0,0,21,1,98,178,8,11,8,3,0,28,4,157,0.0,0.0449438202247191,-4.49438202247191,0.0,0.018518518518518517,0.06179775280898876,-4.327923429047025,0.29966329966329963,0.009259259259259259,0.0449438202247191,-3.568456096545984,0.20601851851851852,0.0,0.016853932584269662,-1.6853932584269662,0.0,0.0,0.0,0.0,,0.19444444444444445,0.15730337078651685,3.71410736579276,1.2361111111111112,0.009259259259259259,0.02247191011235955,-1.3212650853100292,0.41203703703703703,0.9074074074074074,0.8820224719101124,2.5384935497295036,1.0287803727294174
2023,En agglomération,vma_non_renseignee_ou_invalide,33,7,5,2,0,0,6,1,13,77,10,13,3,1,0,9,3,42,0.21212121212121213,0.12987012987012986,8.225108225108228,1.6333333333333335,0.15151515151515152,0.16883116883116883,-1.7316017316017311,0.8974358974358975,0.06060606060606061,0.03896103896103896,2.164502164502165,1.5555555555555556,0.0,0.012987012987012988,-1.2987012987012987,0.0,0.0,0.0,0.0,,0.18181818181818182,0.11688311688311688,6.493506493506494,1.5555555555555556,0.030303030303030304,0.03896103896103896,-0.8658008658008656,0.7777777777777778,0.3939393939393939,0.5454545454545454,-15.151515151515149,0.7222222222222222
2023,Hors agglomération,21_30,3,0,0,0,0,0,0,0,3,24,3,3,3,0,0,2,0,17,0.0,0.125,-12.5,0.0,0.0,0.125,-12.5,0.0,0.0,0.125,-12.5,0.0,0.0,0.0,0.0,,0.0,0.0,0.0,,0.0,0.08333333333333333,-8.333333333333332,0.0,0.0,0.0,0.0,,1.0,0.7083333333333334,29.166666666666664,1.4117647058823528
2023,Hors agglomération,41_50,27,1,2,1,1,0,4,0,22,128,11,19,9,0,0,17,1,96,0.037037037037037035,0.0859375,-4.890046296296297,0.43097643097643096,0.07407407407407407,0.1484375,-7.4363425925925934,0.49902534113060426,0.037037037037037035,0.0703125,-3.3275462962962967,0.5267489711934156,0.037037037037037035,0.0,3.7037037037037033,,0.0,0.0,0.0,,0.14814814814814814,0.1328125,1.533564814814814,1.1154684095860565,0.0,0.0078125,-0.78125,0.0,0.8148148148148148,0.75,6.481481481481477,1.0864197530864197
2023,Hors agglomération,51_70,9,0,1,0,0,0,2,0,7,102,11,8,12,0,0,11,1,73,0.0,0.10784313725490197,-10.784313725490197,0.0,0.1111111111111111,0.0784313725490196,3.26797385620915,1.4166666666666665,0.0,0.11764705882352941,-11.76470588235294,0.0,0.0,0.0,0.0,,0.0,0.0,0.0,,0.2222222222222222,0.10784313725490197,11.437908496732025,2.0606060606060606,0.0,0.00980392156862745,-0.9803921568627451,0.0,0.7777777777777778,0.7156862745098039,6.209150326797386,1.08675799086758
2023,Hors agglomération,71_80,24,4,4,3,0,0,6,0,15,478,51,78,43,2,3,55,5,294,0.16666666666666666,0.10669456066945607,5.997210599721059,1.5620915032679739,0.16666666666666666,0.16317991631799164,0.3486750348675016,1.0213675213675213,0.125,0.0899581589958159,3.50418410041841,1.3895348837209303,0.0,0.0041841004184100415,-0.41841004184100417,0.0,0.0,0.006276150627615063,-0.6276150627615062,0.0,0.25,0.11506276150627615,13.493723849372385,2.172727272727273,0.0,0.010460251046025104,-1.0460251046025104,0.0,0.625,0.6150627615062761,0.9937238493723854,1.0161564625850341
2023,Hors agglomération,81_90,6,1,1,0,0,0,2,0,4,89,13,15,7,0,1,10,1,54,0.16666666666666666,0.14606741573033707,2.059925093632958,1.141025641025641,0.16666666666666666,0.16853932584269662,-0.1872659176029967,0.9888888888888888,0.0,0.07865168539325842,-7.865168539325842,0.0,0.0,0.0,0.0,,0.0,0.011235955056179775,-1.1235955056179776,0.0,0.3333333333333333,0.11235955056179775,22.097378277153556,2.966666666666667,0.0,0.011235955056179775,-1.1235955056179776,0.0,0.6666666666666666,0.6067415730337079,5.992509363295873,1.0987654320987652
2023,Hors agglomération,91_110,3,0,1,0,0,0,0,0,1,4,1,0,1,0,0,0,0,2,0.0,0.25,-25.0,0.0,0.3333333333333333,0.0,33.33333333333333,,0.0,0.25,-25.0,0.0,0.0,0.0,0.0,,0.0,0.0,0.0,,0.0,0.0,0.0,,0.0,0.0,0.0,,0.3333333333333333,0.5,-16.666666666666668,0.6666666666666666
2023,Hors agglomération,vma_multiple,6,0,0,0,0,0,1,0,6,50,2,3,2,0,0,4,1,42,0.0,0.04,-4.0,0.0,0.0,0.06,-6.0,0.0,0.0,0.04,-4.0,0.0,0.0,0.0,0.0,,0.0,0.0,0.0,,0.16666666666666666,0.08,8.666666666666666,2.083333333333333,0.0,0.02,-2.0,0.0,1.0,0.84,16.000000000000004,1.1904761904761905
2023,Hors agglomération,vma_non_renseignee_ou_invalide,5,0,1,0,0,0,1,0,3,44,7,18,8,0,1,2,1,16,0.0,0.1590909090909091,-15.909090909090908,0.0,0.2,0.4090909090909091,-20.90909090909091,0.4888888888888889,0.0,0.18181818181818182,-18.181818181818183,0.0,0.0,0.0,0.0,,0.0,0.022727272727272728,-2.272727272727273,0.0,0.2,0.045454545454545456,15.454545454545453,4.4,0.0,0.022727272727272728,-2.272727272727273,0.0,0.6,0.36363636363636365,23.636363636363633,1.65
2024,En agglomération,21_30,871,133,86,108,20,4,163,17,571,1916,315,186,248,44,8,388,55,1292,0.15269804822043628,0.16440501043841335,-1.1706962217977068,0.9287919377471617,0.09873708381171067,0.09707724425887265,0.16598395528380216,1.0170981321679444,0.12399540757749714,0.12943632567849686,-0.5440918100999725,0.9579645198325989,0.022962112514351322,0.022964509394572025,-0.00023968802207036122,0.9998956267612985,0.004592422502870264,0.0041753653444676405,0.041705715840262364,1.0998851894374284,0.18714121699196326,0.20250521920668058,-1.5364002214717316,0.9241303395788701,0.01951779563719862,0.02870563674321503,-0.918784110601641,0.6799290261976829,0.6555683122847302,0.6743215031315241,-1.8753190846793832,0.9721895405089342
2024,En agglomération,31_40,4,1,0,1,0,0,0,0,3,9,0,2,0,0,0,0,0,5,0.25,0.0,25.0,,0.0,0.2222222222222222,-22.22222222222222,0.0,0.25,0.0,25.0,,0.0,0.0,0.0,,0.0,0.0,0.0,,0.0,0.0,0.0,,0.0,0.0,0.0,,0.75,0.5555555555555556,19.444444444444443,1.3499999999999999
2024,En agglomération,41_50,1585,168,162,125,42,3,286,13,1202,2331,228,178,196,43,5,355,28,1788,0.10599369085173502,0.0978120978120978,0.8181593039637212,1.083646023576291,0.10220820189274447,0.07636207636207636,2.584612553066812,1.3384680820898167,0.07886435331230283,0.08408408408408409,-0.5219730771781256,0.9379224876070301,0.026498422712933754,0.018447018447018446,0.8051404265915308,1.4364610079964788,0.0018927444794952682,0.002145002145002145,-0.02522576655068767,0.8823974763406941,0.1804416403785489,0.1522951522951523,2.8146488083396592,1.1848153907673167,0.008201892744479496,0.012012012012012012,-0.3810119267532516,0.682807570977918,0.7583596214511041,0.767052767052767,-0.8693145601662899,0.9886668219253488
2024,En agglomération,51_70,14,0,3,0,0,0,1,1,10,23,2,0,1,0,0,2,0,18,0.0,0.08695652173913043,-8.695652173913043,0.0,0.21428571428571427,0.0,21.428571428571427,,0.0,0.043478260869565216,-4.3478260869565215,0.0,0.0,0.0,0.0,,0.0,0.0,0.0,,0.07142857142857142,0.08695652173913043,-1.5527950310559007,0.8214285714285714,0.07142857142857142,0.0,7.142857142857142,,0.7142857142857143,0.782608695652174,-6.8322981366459645,0.9126984126984127
2024,En agglomération,71_80,2,0,1,0,0,0,0,0,0,19,4,2,3,1,0,3,0,12,0.0,0.21052631578947367,-21.052631578947366,0.0,0.5,0.10526315789473684,39.473684210526315,4.75,0.0,0.15789473684210525,-15.789473684210526,0.0,0.0,0.05263157894736842,-5.263157894736842,0.0,0.0,0.0,0.0,,0.0,0.15789473684210525,-15.789473684210526,0.0,0.0,0.0,0.0,,0.0,0.631578947368421,-63.1578947368421,0.0
2024,En agglomération,<=20,75,19,12,11,3,0,13,1,29,59,5,9,2,1,0,10,1,28,0.25333333333333335,0.0847457627118644,16.858757062146896,2.9893333333333336,0.16,0.15254237288135594,0.7457627118644061,1.0488888888888888,0.14666666666666667,0.03389830508474576,11.276836158192092,4.326666666666667,0.04,0.01694915254237288,2.305084745762712,2.36,0.0,0.0,0.0,,0.17333333333333334,0.1694915254237288,0.3841807909604533,1.0226666666666668,0.013333333333333334,0.01694915254237288,-0.3615819209039547,0.7866666666666667,0.38666666666666666,0.4745762711864407,-8.790960451977403,0.8147619047619047
2024,En agglomération,>130,3,1,0,1,1,0,0,0,2,1,0,0,0,0,0,0,0,1,0.3333333333333333,0.0,33.33333333333333,,0.0,0.0,0.0,,0.3333333333333333,0.0,33.33333333333333,,0.3333333333333333,0.0,33.33333333333333,,0.0,0.0,0.0,,0.0,0.0,0.0,,0.0,0.0,0.0,,0.6666666666666666,1.0,-33.333333333333336,0.6666666666666666
2024,En agglomération,vma_multiple,146,6,10,8,1,0,30,1,131,220,6,7,6,2,0,34,3,202,0.0410958904109589,0.02727272727272727,1.3823163138231631,1.5068493150684932,0.0684931506849315,0.031818181818181815,3.667496886674969,2.152641878669276,0.0547945205479452,0.02727272727272727,2.752179327521793,2.009132420091324,0.00684931506849315,0.00909090909090909,-0.22415940224159403,0.7534246575342466,0.0,0.0,0.0,,0.2054794520547945,0.15454545454545454,5.0933997509339966,1.3295729250604351,0.00684931506849315,0.013636363636363636,-0.6787048567870485,0.502283105022831,0.8972602739726028,0.9181818181818182,-2.0921544209215437,0.9772141597721417
2024,En agglomération,vma_non_renseignee_ou_invalide,22,2,7,2,0,0,1,0,12,30,3,3,2,0,0,2,1,18,0.09090909090909091,0.1,-0.9090909090909094,0.9090909090909091,0.3181818181818182,0.1,21.818181818181817,3.1818181818181817,0.09090909090909091,0.06666666666666667,2.4242424242424248,1.3636363636363638,0.0,0.0,0.0,,0.0,0.0,0.0,,0.045454545454545456,0.06666666666666667,-2.121212121212121,0.6818181818181819,0.0,0.03333333333333333,-3.3333333333333335,0.0,0.5454545454545454,0.6,-5.454545454545457,0.9090909090909091
2024,Hors agglomération,21_30,6,0,0,0,0,0,1,0,5,34,4,5,2,0,0,6,0,23,0.0,0.11764705882352941,-11.76470588235294,0.0,0.0,0.14705882352941177,-14.705882352941178,0.0,0.0,0.058823529411764705,-5.88235294117647,0.0,0.0,0.0,0.0,,0.0,0.0,0.0,,0.16666666666666666,0.17647058823529413,-0.9803921568627472,0.9444444444444443,0.0,0.0,0.0,,0.8333333333333334,0.6764705882352942,15.686274509803921,1.2318840579710144
2024,Hors agglomération,41_50,42,12,13,6,1,0,7,2,22,134,17,24,8,0,1,25,1,89,0.2857142857142857,0.12686567164179105,15.884861407249465,2.2521008403361344,0.30952380952380953,0.1791044776119403,13.041933191186924,1.7281746031746033,0.14285714285714285,0.05970149253731343,8.315565031982942,2.392857142857143,0.023809523809523808,0.0,2.380952380952381,,0.0,0.007462686567164179,-0.7462686567164178,0.0,0.16666666666666666,0.1865671641791045,-1.9900497512437831,0.8933333333333332,0.047619047619047616,0.007462686567164179,4.015636105188344,6.3809523809523805,0.5238095238095238,0.664179104477612,-14.036958066808813,0.7886570358480471
2024,Hors agglomération,51_70,19,2,1,2,0,0,5,0,14,117,17,14,14,0,0,16,1,76,0.10526315789473684,0.1452991452991453,-4.0035987404408475,0.7244582043343653,0.05263157894736842,0.11965811965811966,-6.702654071075124,0.4398496240601503,0.10526315789473684,0.11965811965811966,-1.4394961763382828,0.8796992481203006,0.0,0.0,0.0,,0.0,0.0,0.0,,0.2631578947368421,0.13675213675213677,12.640575798470532,1.9243421052631575,0.0,0.008547008547008548,-0.8547008547008548,0.0,0.7368421052631579,0.6495726495726496,8.726945569050827,1.134349030470914
2024,Hors agglomération,71_80,34,4,7,2,0,0,4,1,20,444,52,88,38,1,3,45,6,275,0.11764705882352941,0.11711711711711711,0.05299417064122958,1.004524886877828,0.20588235294117646,0.1981981981981982,0.7684154742978261,1.0387700534759359,0.058823529411764705,0.08558558558558559,-2.676205617382088,0.6873065015479876,0.0,0.0022522522522522522,-0.22522522522522523,0.0,0.0,0.006756756756756757,-0.6756756756756757,0.0,0.11764705882352941,0.10135135135135136,1.6295707472178054,1.16078431372549,0.029411764705882353,0.013513513513513514,1.5898251192368837,2.176470588235294,0.5882352941176471,0.6193693693693694,-3.1134075251722293,0.9497326203208556
2024,Hors agglomération,81_90,6,0,1,0,0,0,0,0,3,105,8,21,6,0,0,8,0,67,0.0,0.0761904761904762,-7.6190476190476195,0.0,0.16666666666666666,0.2,-3.3333333333333353,0.8333333333333333,0.0,0.05714285714285714,-5.714285714285714,0.0,0.0,0.0,0.0,,0.0,0.0,0.0,,0.0,0.0761904761904762,-7.6190476190476195,0.0,0.0,0.0,0.0,,0.5,0.638095238095238,-13.809523809523805,0.7835820895522388
2024,Hors agglomération,91_110,1,0,0,0,0,0,0,0,1,5,1,0,1,0,0,0,0,3,0.0,0.2,-20.0,0.0,0.0,0.0,0.0,,0.0,0.2,-20.0,0.0,0.0,0.0,0.0,,0.0,0.0,0.0,,0.0,0.0,0.0,,0.0,0.0,0.0,,1.0,0.6,40.0,1.6666666666666667
2024,Hors agglomération,<=20,2,0,0,0,0,0,1,0,2,4,1,3,0,0,0,1,0,0,0.0,0.25,-25.0,0.0,0.0,0.75,-75.0,0.0,0.0,0.0,0.0,,0.0,0.0,0.0,,0.0,0.0,0.0,,0.5,0.25,25.0,2.0,0.0,0.0,0.0,,1.0,0.0,100.0,
2024,Hors agglomération,vma_multiple,2,0,0,0,0,0,0,0,2,31,0,1,1,0,1,1,0,25,0.0,0.0,0.0,,0.0,0.03225806451612903,-3.225806451612903,0.0,0.0,0.03225806451612903,-3.225806451612903,0.0,0.0,0.0,0.0,,0.0,0.03225806451612903,-3.225806451612903,0.0,0.0,0.03225806451612903,-3.225806451612903,0.0,0.0,0.0,0.0,,1.0,0.8064516129032258,19.354838709677423,1.24
2024,Hors agglomération,vma_non_renseignee_ou_invalide,7,0,2,0,0,0,0,0,5,38,2,13,2,0,0,2,0,19,0.0,0.05263157894736842,-5.263157894736842,0.0,0.2857142857142857,0.34210526315789475,-5.639097744360905,0.8351648351648351,0.0,0.05263157894736842,-5.263157894736842,0.0,0.0,0.0,0.0,,0.0,0.0,0.0,,0.0,0.05263157894736842,-5.263157894736842,0.0,0.0,0.0,0.0,,0.7142857142857143,0.5,21.42857142857143,1.4285714285714286
