zone,vma_classe,accidents_mode_edpm,support_compatible_edpm,sans_collision_baac_edpm,obs_fixe_edpm,obs_bordure_edpm,sortie_chaussee_edpm,surface_adverse_edpm,manoeuvre_evitement_edpm,obs_mobile_vehicule_edpm,accidents_mode_velo,support_compatible_velo,sans_collision_baac_velo,obs_fixe_velo,obs_bordure_velo,sortie_chaussee_velo,surface_adverse_velo,manoeuvre_evitement_velo,obs_mobile_vehicule_velo,part_support_compatible_edpm,part_support_compatible_velo,difference_points_support_compatible,rr_support_compatible,part_sans_collision_baac_edpm,part_sans_collision_baac_velo,difference_points_sans_collision_baac,rr_sans_collision_baac,part_obs_fixe_edpm,part_obs_fixe_velo,difference_points_obs_fixe,rr_obs_fixe,part_obs_bordure_edpm,part_obs_bordure_velo,difference_points_obs_bordure,rr_obs_bordure,part_sortie_chaussee_edpm,part_sortie_chaussee_velo,difference_points_sortie_chaussee,rr_sortie_chaussee,part_surface_adverse_edpm,part_surface_adverse_velo,difference_points_surface_adverse,rr_surface_adverse,part_manoeuvre_evitement_edpm,part_manoeuvre_evitement_velo,difference_points_manoeuvre_evitement,rr_manoeuvre_evitement,part_obs_mobile_vehicule_edpm,part_obs_mobile_vehicule_velo,difference_points_obs_mobile_vehicule,rr_obs_mobile_vehicule
En agglomération,21_30,3178,432,381,311,77,8,502,66,2070,8210,1058,710,825,183,19,1364,210,5776,0.13593455003146634,0.12886723507917175,0.7067314952294595,1.0548418296392614,0.11988672120830711,0.08647990255785627,3.3406818650450836,1.3862957480566216,0.09786028949024543,0.10048721071863581,-0.26269212283903803,0.9738581535938363,0.024229074889867842,0.022289890377588308,0.19391845122795348,1.086998387135601,0.0025173064820641915,0.0023142509135200976,0.020305556854409393,1.0877413798814217,0.157960981749528,0.1661388550548112,-0.8177873305283218,0.9507768769528041,0.02076777847702958,0.025578562728380026,-0.4810784251350446,0.8119212442686325,0.6513530522341096,0.7035322777101096,-5.217922547600007,0.9258325067247298
En agglomération,31_40,14,2,0,1,0,0,2,1,10,47,1,2,1,0,0,8,0,39,0.14285714285714285,0.02127659574468085,12.1580547112462,6.714285714285714,0.0,0.0425531914893617,-4.25531914893617,0.0,0.07142857142857142,0.02127659574468085,5.015197568389057,3.357142857142857,0.0,0.0,0.0,,0.0,0.0,0.0,,0.14285714285714285,0.1702127659574468,-2.7355623100303954,0.8392857142857143,0.07142857142857142,0.0,7.142857142857142,,0.7142857142857143,0.8297872340425532,-11.550151975683887,0.8608058608058609
En agglomération,41_50,6138,590,557,458,123,11,1007,62,4698,17804,1596,1181,1375,242,33,2455,239,14066,0.09612251547735419,0.0896427769040665,0.6479738573287694,1.0722840009767005,0.09074617139133268,0.06633340822287126,2.4412763168461415,1.3680311900518942,0.07461713913326816,0.07722983599191192,-0.2612696858643765,0.9661698510026956,0.020039100684261974,0.0135924511345765,0.6446649549685475,1.474281605713224,0.0017921146953405018,0.0018535160638058863,-0.00614013684653845,0.9668730313891605,0.16405995438253504,0.1378903617164682,2.616959266606683,1.189785510316356,0.010101010101010102,0.01342394967423051,-0.33229395732204076,0.7524618570643676,0.7653958944281525,0.7900471804088969,-2.4651285980744397,0.9687977039953666
En agglomération,51_70,50,2,5,2,1,0,6,1,38,250,14,15,10,1,0,34,1,202,0.04,0.056,-1.6,0.7142857142857143,0.1,0.06,4.000000000000001,1.6666666666666667,0.04,0.04,0.0,1.0,0.02,0.004,1.6,5.0,0.0,0.0,0.0,,0.12,0.136,-1.6000000000000014,0.8823529411764705,0.02,0.004,1.6,5.0,0.76,0.808,-4.800000000000004,0.9405940594059405
En agglomération,71_80,6,0,2,0,0,0,0,0,3,83,6,7,6,2,0,10,0,57,0.0,0.07228915662650602,-7.228915662650602,0.0,0.3333333333333333,0.08433734939759036,24.899598393574294,3.9523809523809526,0.0,0.07228915662650602,-7.228915662650602,0.0,0.0,0.024096385542168676,-2.4096385542168677,0.0,0.0,0.0,0.0,,0.0,0.12048192771084337,-12.048192771084338,0.0,0.0,0.0,0.0,,0.5,0.6867469879518072,-18.67469879518072,0.7280701754385965
En agglomération,81_90,1,0,0,0,0,0,0,0,1,16,0,1,0,0,0,0,1,12,0.0,0.0,0.0,,0.0,0.0625,-6.25,0.0,0.0,0.0,0.0,,0.0,0.0,0.0,,0.0,0.0,0.0,,0.0,0.0,0.0,,0.0,0.0625,-6.25,0.0,1.0,0.75,25.0,1.3333333333333333
En agglomération,91_110,1,0,0,0,0,0,1,0,1,3,0,0,0,0,0,0,0,2,0.0,0.0,0.0,,0.0,0.0,0.0,,0.0,0.0,0.0,,0.0,0.0,0.0,,0.0,0.0,0.0,,1.0,0.0,100.0,,0.0,0.0,0.0,,1.0,0.6666666666666666,33.333333333333336,1.5
En agglomération,<=20,217,53,28,35,7,1,36,2,78,364,58,39,37,7,0,55,10,175,0.24423963133640553,0.15934065934065933,8.489897199574619,1.5328142380422694,0.12903225806451613,0.10714285714285714,2.188940092165899,1.2043010752688172,0.16129032258064516,0.10164835164835165,5.964197093229351,1.5867480383609416,0.03225806451612903,0.019230769230769232,1.30272952853598,1.6774193548387095,0.004608294930875576,0.0,0.4608294930875576,,0.16589861751152074,0.1510989010989011,1.4799716412619652,1.0979472140762465,0.009216589861751152,0.027472527472527472,-1.8255937610776318,0.33548387096774196,0.35944700460829493,0.4807692307692308,-12.132222616093586,0.7476497695852534
En agglomération,>130,4,1,0,1,1,0,0,0,3,6,1,2,0,0,0,1,0,3,0.25,0.16666666666666666,8.333333333333334,1.5,0.0,0.3333333333333333,-33.33333333333333,0.0,0.25,0.0,25.0,,0.25,0.0,25.0,,0.0,0.0,0.0,,0.0,0.16666666666666666,-16.666666666666664,0.0,0.0,0.0,0.0,,0.75,0.5,25.0,1.5
En agglomération,vma_multiple,254,6,12,9,1,0,51,2,229,398,14,18,14,5,0,62,7,359,0.023622047244094488,0.035175879396984924,-1.1553832152890435,0.671541057367829,0.047244094488188976,0.04522613065326633,0.20179638349226425,1.0446194225721783,0.03543307086614173,0.035175879396984924,0.02571914691568075,1.0073115860517434,0.003937007874015748,0.01256281407035176,-0.8625806196336011,0.3133858267716535,0.0,0.0,0.0,,0.20078740157480315,0.15577889447236182,4.5008507102441335,1.2889255778511557,0.007874015748031496,0.017587939698492462,-0.9713923950460966,0.44769403824521936,0.9015748031496063,0.9020100502512562,-0.04352471016499937,0.9995174697870287
En agglomération,vma_non_renseignee_ou_invalide,92,12,17,7,0,0,9,1,52,310,43,44,24,4,0,36,5,179,0.13043478260869565,0.13870967741935483,-0.8274894810659184,0.9403437815975734,0.18478260869565216,0.14193548387096774,4.284712482468442,1.3018774703557312,0.07608695652173914,0.07741935483870968,-0.13323983169705456,0.9827898550724637,0.0,0.012903225806451613,-1.2903225806451613,0.0,0.0,0.0,0.0,,0.09782608695652174,0.11612903225806452,-1.8302945301542777,0.842391304347826,0.010869565217391304,0.016129032258064516,-0.5259467040673211,0.6739130434782609,0.5652173913043478,0.5774193548387097,-1.220196353436187,0.9788681078455186
Hors agglomération,21_30,19,3,5,2,0,0,2,0,8,151,22,31,15,1,0,18,1,97,0.15789473684210525,0.1456953642384106,1.2199372603694663,1.0837320574162679,0.2631578947368421,0.2052980132450331,5.785988149180898,1.2818336162988115,0.10526315789473684,0.09933774834437085,0.5925409550365981,1.0596491228070175,0.0,0.006622516556291391,-0.6622516556291391,0.0,0.0,0.0,0.0,,0.10526315789473684,0.11920529801324503,-1.3942140118508195,0.8830409356725146,0.0,0.006622516556291391,-0.6622516556291391,0.0,0.42105263157894735,0.6423841059602649,-22.13314743813175,0.6554530656538253
Hors agglomération,41_50,122,18,22,11,3,0,24,2,84,826,65,109,51,6,2,101,9,624,0.14754098360655737,0.07869249394673124,6.884848965982614,1.874905422446406,0.18032786885245902,0.13196125907990314,4.836660977255589,1.3665212813956988,0.09016393442622951,0.06174334140435835,2.8420593021871157,1.4603021536483447,0.02459016393442623,0.007263922518159807,1.7326241416266424,3.385245901639344,0.0,0.002421307506053269,-0.24213075060532688,0.0,0.19672131147540983,0.12227602905569007,7.444528241971976,1.6088297354325596,0.01639344262295082,0.010895883777239709,0.5497558845711112,1.504553734061931,0.6885245901639344,0.7554479418886199,-6.692335172468544,0.9114123581336696
Hors agglomération,51_70,47,4,6,2,0,0,12,0,34,721,61,62,49,2,1,73,9,524,0.0851063829787234,0.08460471567267684,0.05016673060465604,1.0059295430763864,0.1276595744680851,0.08599167822468794,4.166789624339716,1.4845573095401507,0.0425531914893617,0.06796116504854369,-2.5407973559181984,0.6261398176291794,0.0,0.0027739251040221915,-0.27739251040221913,0.0,0.0,0.0013869625520110957,-0.13869625520110956,0.0,0.2553191489361702,0.10124826629680998,15.40708826393602,2.5217137860682017,0.0,0.012482662968099861,-1.248266296809986,0.0,0.723404255319149,0.7267683772538142,-0.33641219346651763,0.9953711222998214
Hors agglomération,71_80,96,16,18,8,0,1,19,1,56,2975,312,475,224,6,22,297,38,1897,0.16666666666666666,0.10487394957983193,6.179271708683473,1.5892094017094016,0.1875,0.15966386554621848,2.7836134453781525,1.174342105263158,0.08333333333333333,0.07529411764705882,0.8039215686274512,1.1067708333333333,0.0,0.0020168067226890756,-0.20168067226890757,0.0,0.010416666666666666,0.007394957983193277,0.30217086834733886,1.408617424242424,0.19791666666666666,0.09983193277310924,9.808473389355742,1.9824985970819304,0.010416666666666666,0.012773109243697478,-0.23564425770308123,0.815515350877193,0.5833333333333334,0.6376470588235295,-5.431372549019608,0.9148216482164822
Hors agglomération,81_90,18,1,3,0,0,0,3,0,12,432,45,67,26,0,2,43,3,268,0.05555555555555555,0.10416666666666667,-4.861111111111112,0.5333333333333333,0.16666666666666666,0.1550925925925926,1.157407407407407,1.0746268656716418,0.0,0.06018518518518518,-6.018518518518518,0.0,0.0,0.0,0.0,,0.0,0.004629629629629629,-0.4629629629629629,0.0,0.16666666666666666,0.09953703703703703,6.712962962962962,1.6744186046511627,0.0,0.006944444444444444,-0.6944444444444444,0.0,0.6666666666666666,0.6203703703703703,4.629629629629628,1.0746268656716418
Hors agglomération,91_110,5,0,1,0,0,0,0,0,2,18,3,0,3,0,0,2,0,11,0.0,0.16666666666666666,-16.666666666666664,0.0,0.2,0.0,20.0,,0.0,0.16666666666666666,-16.666666666666664,0.0,0.0,0.0,0.0,,0.0,0.0,0.0,,0.0,0.1111111111111111,-11.11111111111111,0.0,0.0,0.0,0.0,,0.4,0.6111111111111112,-21.111111111111114,0.6545454545454545
Hors agglomération,<=20,5,0,0,0,0,0,1,0,4,26,6,10,4,0,0,2,1,6,0.0,0.23076923076923078,-23.076923076923077,0.0,0.0,0.38461538461538464,-38.46153846153847,0.0,0.0,0.15384615384615385,-15.384615384615385,0.0,0.0,0.0,0.0,,0.0,0.0,0.0,,0.2,0.07692307692307693,12.307692307692308,2.6,0.0,0.038461538461538464,-3.8461538461538463,0.0,0.8,0.23076923076923078,56.92307692307692,3.466666666666667
Hors agglomération,vma_multiple,8,0,0,0,0,0,1,0,8,81,2,4,3,0,1,5,1,67,0.0,0.024691358024691357,-2.4691358024691357,0.0,0.0,0.04938271604938271,-4.938271604938271,0.0,0.0,0.037037037037037035,-3.7037037037037033,0.0,0.0,0.0,0.0,,0.0,0.012345679012345678,-1.2345679012345678,0.0,0.125,0.06172839506172839,6.327160493827161,2.025,0.0,0.012345679012345678,-1.2345679012345678,0.0,1.0,0.8271604938271605,17.28395061728395,1.208955223880597
Hors agglomération,vma_non_renseignee_ou_invalide,22,1,6,1,0,1,3,0,14,235,25,69,23,2,3,26,2,119,0.045454545454545456,0.10638297872340426,-6.09284332688588,0.4272727272727273,0.2727272727272727,0.2936170212765957,-2.0889748549323017,0.9288537549407114,0.045454545454545456,0.09787234042553192,-5.241779497098646,0.4644268774703557,0.0,0.00851063829787234,-0.851063829787234,0.0,0.045454545454545456,0.01276595744680851,3.2688588007736947,3.560606060606061,0.13636363636363635,0.11063829787234042,2.5725338491295933,1.2325174825174825,0.0,0.00851063829787234,-0.851063829787234,0.0,0.6363636363636364,0.5063829787234042,12.998065764023215,1.2566844919786098
