annee,zone,accidents_mode_edpm,support_compatible_edpm,sans_collision_baac_edpm,obs_fixe_edpm,obs_bordure_edpm,sortie_chaussee_edpm,surface_adverse_edpm,manoeuvre_evitement_edpm,obs_mobile_vehicule_edpm,accidents_mode_velo,support_compatible_velo,sans_collision_baac_velo,obs_fixe_velo,obs_bordure_velo,sortie_chaussee_velo,surface_adverse_velo,manoeuvre_evitement_velo,obs_mobile_vehicule_velo,part_support_compatible_edpm,part_support_compatible_velo,difference_points_support_compatible,rr_support_compatible,part_sans_collision_baac_edpm,part_sans_collision_baac_velo,difference_points_sans_collision_baac,rr_sans_collision_baac,part_obs_fixe_edpm,part_obs_fixe_velo,difference_points_obs_fixe,rr_obs_fixe,part_obs_bordure_edpm,part_obs_bordure_velo,difference_points_obs_bordure,rr_obs_bordure,part_sortie_chaussee_edpm,part_sortie_chaussee_velo,difference_points_sortie_chaussee,rr_sortie_chaussee,part_surface_adverse_edpm,part_surface_adverse_velo,difference_points_surface_adverse,rr_surface_adverse,part_manoeuvre_evitement_edpm,part_manoeuvre_evitement_velo,difference_points_manoeuvre_evitement,rr_manoeuvre_evitement,part_obs_mobile_vehicule_edpm,part_obs_mobile_vehicule_velo,difference_points_obs_mobile_vehicule,rr_obs_mobile_vehicule
2019,En agglomération,623,79,66,49,15,0,97,9,437,4252,360,241,295,48,9,570,56,3329,0.12680577849117175,0.08466603951081844,4.213973898035331,1.497717139290173,0.10593900481540931,0.05667920978363123,4.925979503177809,1.8690981264527817,0.07865168539325842,0.069379115710254,0.9272569683004426,1.1336507331936774,0.024077046548956663,0.011288805268109126,1.2788241280847537,2.132825040128411,0.0,0.0021166509877704608,-0.2116650987770461,0.0,0.15569823434991975,0.13405456255879586,2.1643671791123893,1.1614541972909804,0.014446227929373997,0.01317027281279398,0.1275955116580017,1.096881449208897,0.7014446227929374,0.782925682031985,-8.148105923904758,0.8959274665411744
2019,Hors agglomération,9,2,1,0,0,0,4,0,6,826,86,92,64,2,9,99,11,569,0.2222222222222222,0.10411622276029056,11.810599946193165,2.134366925064599,0.1111111111111111,0.11138014527845036,-0.02690341673392549,0.9975845410628019,0.0,0.0774818401937046,-7.74818401937046,0.0,0.0,0.002421307506053269,-0.24213075060532688,0.0,0.0,0.010895883777239709,-1.0895883777239708,0.0,0.4444444444444444,0.1198547215496368,32.458972289480755,3.7081930415263744,0.0,0.013317191283292978,-1.331719128329298,0.0,0.6666666666666666,0.6888619854721549,-2.2195318805488307,0.9677797305213826
2020,En agglomération,862,112,88,79,25,1,140,14,607,4265,439,323,332,61,6,644,68,3248,0.12993039443155452,0.10293083235638921,2.699956207516531,1.262307818338451,0.10208816705336426,0.07573270808909731,2.6355458964266956,1.348006292515785,0.09164733178654293,0.07784290738569753,1.3804424400845394,1.1773369580409807,0.029002320185614848,0.014302461899179367,1.469985828643548,2.027785173633563,0.001160092807424594,0.001406799531066823,-0.0246706723642229,0.8246326372776489,0.16241299303944315,0.15099648300117233,1.1416510038270822,1.0756077877534551,0.016241299303944315,0.015943728018757326,0.029757128518698855,1.0186638460488604,0.7041763341067285,0.7615474794841735,-5.7371145377444925,0.924665044632142
2020,Hors agglomération,17,0,3,0,0,0,2,0,13,848,82,116,54,2,2,85,13,546,0.0,0.09669811320754718,-9.669811320754718,0.0,0.17647058823529413,0.13679245283018868,3.9678135405105452,1.2900608519269778,0.0,0.06367924528301887,-6.367924528301887,0.0,0.0,0.0023584905660377358,-0.2358490566037736,0.0,0.0,0.0023584905660377358,-0.2358490566037736,0.0,0.11764705882352941,0.10023584905660378,1.741120976692563,1.1737024221453287,0.0,0.015330188679245283,-1.5330188679245282,0.0,0.7647058823529411,0.6438679245283019,12.083795782463923,1.1876750700280112
2021,En agglomération,1460,144,134,108,28,0,219,19,1081,4866,473,383,371,75,8,671,82,3739,0.09863013698630137,0.09720509658857378,0.14250403977275894,1.0146601407512525,0.09178082191780822,0.07870941224825319,1.3071409669555027,1.166071747916592,0.07397260273972603,0.0762433210028771,-0.22707182631510753,0.970217479599749,0.019178082191780823,0.015413070283600493,0.376501190818033,1.2442739726027399,0.0,0.0016440608302507192,-0.16440608302507193,0.0,0.15,0.13789560213727908,1.210439786272091,1.0877794336810729,0.013013698630136987,0.01685162351006987,-0.38379248799328847,0.7722519211493486,0.7404109589041096,0.7683929305384299,-2.798197163432037,0.9635837726738158
2021,Hors agglomération,36,4,7,1,0,0,8,0,26,985,90,161,60,5,6,93,11,655,0.1111111111111111,0.09137055837563451,1.974055273547659,1.2160493827160495,0.19444444444444445,0.1634517766497462,3.099266779469825,1.1896135265700483,0.027777777777777776,0.06091370558375635,-3.3135927805978573,0.4560185185185185,0.0,0.005076142131979695,-0.5076142131979695,0.0,0.0,0.006091370558375634,-0.6091370558375634,0.0,0.2222222222222222,0.09441624365482233,12.78059785673999,2.3536439665471924,0.0,0.01116751269035533,-1.116751269035533,0.0,0.7222222222222222,0.6649746192893401,5.724760293288211,1.0860899067005938
2022,En agglomération,1998,199,213,147,31,7,272,24,1457,4800,440,344,394,81,6,575,81,3679,0.0995995995995996,0.09166666666666666,0.7932932932932943,1.0865410865410867,0.1066066066066066,0.07166666666666667,3.4939939939939935,1.4875340456735804,0.07357357357357357,0.08208333333333333,-0.8509759759759761,0.8963277998810993,0.015515515515515516,0.016875,-0.1359484484484485,0.9194379564749935,0.0035035035035035035,0.00125,0.22535035035035034,2.8028028028028027,0.13613613613613615,0.11979166666666667,1.6344469469469478,1.1364407886147017,0.012012012012012012,0.016875,-0.4862987987987989,0.7118229340451562,0.7292292292292293,0.7664583333333334,-3.722910410410407,0.9514270998369939
2022,Hors agglomération,78,13,16,9,1,2,17,0,42,980,82,147,64,5,4,85,10,674,0.16666666666666666,0.0836734693877551,8.299319727891156,1.9918699186991868,0.20512820512820512,0.15,5.512820512820513,1.3675213675213675,0.11538461538461539,0.0653061224489796,5.007849293563579,1.766826923076923,0.01282051282051282,0.00510204081632653,0.771847200418629,2.5128205128205128,0.02564102564102564,0.004081632653061225,2.1559392987964414,6.282051282051281,0.21794871794871795,0.08673469387755102,13.121402407116694,2.5128205128205128,0.0,0.01020408163265306,-1.0204081632653061,0.0,0.5384615384615384,0.6877551020408164,-14.929356357927793,0.7829262725405158
2023,En agglomération,2290,234,220,185,44,5,392,36,1641,4698,516,340,442,88,10,771,98,3510,0.10218340611353711,0.10983397190293742,-0.7650565789400308,0.9303442672895298,0.09606986899563319,0.07237122179650915,2.369864719912404,1.3274595427690727,0.08078602620087336,0.0940825883354619,-1.3296562134588545,0.8586713825604141,0.01921397379912664,0.018731375053214133,0.04825987459125061,1.025764192139738,0.002183406113537118,0.0021285653469561515,0.005484076658096625,1.025764192139738,0.17117903930131004,0.1641123882503193,0.7066651050990747,1.0430598270266596,0.01572052401746725,0.020859940400170286,-0.5139416382703037,0.7536226717761341,0.7165938864628821,0.7471264367816092,-3.0532550318727036,0.9591333557272422
2023,Hors agglomération,83,6,10,4,1,0,16,0,61,920,100,144,85,2,5,101,11,594,0.07228915662650602,0.10869565217391304,-3.640649554740702,0.6650602409638554,0.12048192771084337,0.1565217391304348,-3.6039811419591423,0.7697456492637215,0.04819277108433735,0.09239130434782608,-4.419853326348873,0.521615875265769,0.012048192771084338,0.002173913043478261,0.9874279727606078,5.542168674698796,0.0,0.005434782608695652,-0.5434782608695652,0.0,0.1927710843373494,0.10978260869565218,8.298847564169723,1.755934629607539,0.0,0.011956521739130435,-1.1956521739130435,0.0,0.7349397590361446,0.6456521739130435,8.92875851231011,1.1382905358808972
2024,En agglomération,2722,330,281,256,67,7,494,33,1960,4611,563,388,458,91,13,794,88,3366,0.12123438648052902,0.12209932769464324,-0.08649412141142204,0.9929160853671747,0.1032329169728141,0.08414660594231187,1.9086311030502234,1.2268221138186748,0.0940484937545922,0.09932769464324441,-0.5279200888652205,0.9468506652891369,0.02461425422483468,0.01973541531121232,0.4878838913622362,1.247212376161678,0.002571638501102131,0.0028193450444589027,-0.024770654335677177,0.9121403945063019,0.18148420279206465,0.17219692040772067,0.9287282384343981,1.0539340794385517,0.012123438648052902,0.019084797224029493,-0.6961358575976592,0.6352406318883174,0.7200587803085966,0.7299934938191281,-0.9934713510531545,0.9863906821161436
2024,Hors agglomération,120,18,24,11,1,0,18,3,75,912,102,169,72,1,5,104,8,577,0.15,0.1118421052631579,3.8157894736842097,1.3411764705882352,0.2,0.18530701754385964,1.4692982456140369,1.0792899408284025,0.09166666666666666,0.07894736842105263,1.2719298245614032,1.161111111111111,0.008333333333333333,0.0010964912280701754,0.7236842105263158,7.6000000000000005,0.0,0.005482456140350877,-0.5482456140350876,0.0,0.15,0.11403508771929824,3.5964912280701755,1.3153846153846154,0.025,0.008771929824561403,1.6228070175438598,2.8500000000000005,0.625,0.6326754385964912,-0.7675438596491224,0.9878682842287695
