annee,zone,mode,accidents_mode,vehicules_mode,mortel,hospitalisation_sans_deces,blesse_leger_seulement,indemne_seulement,inconnue_seulement,non_documentee,obs_fixe,obs_bordure,obs_mobile_vehicule,choc_avant,manoeuvre_evitement,surface_adverse,sortie_chaussee,sans_collision_baac,support_compatible,vma_ambigue,surf_ambigue,situ_ambigue,vehicules_obs_bordure,vehicules_obs_chaussee,vehicules_obs_trottoir_accotement,vehicules_sortie_chaussee,part_support_compatible,part_sans_collision_baac,part_obs_fixe,part_obs_bordure,part_sortie_chaussee,part_surface_adverse,part_manoeuvre_evitement,part_obs_mobile_vehicule
2019,En agglomération,edpm,623,627,9,79,446,70,0,19,49,15,437,349,9,97,0,66,79,0,0,0,15,5,4,0,0.12680577849117175,0.10593900481540931,0.07865168539325842,0.024077046548956663,0.0,0.15569823434991975,0.014446227929373997,0.7014446227929374
2019,En agglomération,velo,4252,4363,96,866,3002,226,0,62,295,48,3329,2345,56,570,9,241,360,0,0,0,48,26,8,10,0.08466603951081844,0.05667920978363123,0.069379115710254,0.011288805268109126,0.0021166509877704608,0.13405456255879586,0.01317027281279398,0.782925682031985
2019,Hors agglomération,edpm,9,9,1,6,2,0,0,0,0,0,6,5,0,4,0,1,2,0,0,0,0,0,0,0,0.2222222222222222,0.1111111111111111,0.0,0.0,0.0,0.4444444444444444,0.0,0.6666666666666666
2019,Hors agglomération,velo,826,890,104,465,246,7,0,4,64,2,569,315,11,99,9,92,86,0,0,0,2,9,0,10,0.10411622276029056,0.11138014527845036,0.0774818401937046,0.002421307506053269,0.010895883777239709,0.1198547215496368,0.013317191283292978,0.6888619854721549
2020,En agglomération,edpm,862,866,5,101,652,79,0,25,79,25,607,521,14,140,1,88,112,0,0,0,25,13,3,1,0.12993039443155452,0.10208816705336426,0.09164733178654293,0.029002320185614848,0.001160092807424594,0.16241299303944315,0.016241299303944315,0.7041763341067285
2020,En agglomération,velo,4265,4418,84,814,3097,214,0,56,332,61,3248,2363,68,644,6,323,439,0,0,0,61,44,16,6,0.10293083235638921,0.07573270808909731,0.07784290738569753,0.014302461899179367,0.001406799531066823,0.15099648300117233,0.015943728018757326,0.7615474794841735
2020,Hors agglomération,edpm,17,17,2,6,8,1,0,0,0,0,13,9,0,2,0,3,0,0,0,0,0,0,0,0,0.0,0.17647058823529413,0.0,0.0,0.0,0.11764705882352941,0.0,0.7647058823529411
2020,Hors agglomération,velo,848,926,101,446,293,6,0,2,54,2,546,326,13,85,2,116,82,0,0,0,2,4,1,2,0.09669811320754718,0.13679245283018868,0.06367924528301887,0.0023584905660377358,0.0023584905660377358,0.10023584905660378,0.015330188679245283,0.6438679245283019
2021,En agglomération,edpm,1460,1474,22,205,1093,140,0,0,108,28,1081,860,19,219,0,134,144,0,0,0,28,15,8,0,0.09863013698630137,0.09178082191780822,0.07397260273972603,0.019178082191780823,0.0,0.15,0.013013698630136987,0.7404109589041096
2021,En agglomération,velo,4866,5044,103,925,3511,326,1,0,371,75,3739,2639,82,671,8,383,473,0,0,0,76,30,11,8,0.09720509658857378,0.07870941224825319,0.0762433210028771,0.015413070283600493,0.0016440608302507192,0.13789560213727908,0.01685162351006987,0.7683929305384299
2021,Hors agglomération,edpm,36,36,3,13,16,4,0,0,1,0,26,15,0,8,0,7,4,0,0,0,0,0,0,0,0.1111111111111111,0.19444444444444445,0.027777777777777776,0.0,0.0,0.2222222222222222,0.0,0.7222222222222222
2021,Hors agglomération,velo,985,1108,136,502,343,4,0,0,60,5,655,405,11,93,6,161,90,0,0,0,6,9,0,6,0.09137055837563451,0.1634517766497462,0.06091370558375635,0.005076142131979695,0.006091370558375634,0.09441624365482233,0.01116751269035533,0.6649746192893401
2022,En agglomération,edpm,1998,2009,25,290,1486,196,1,0,147,31,1457,1159,24,272,7,213,199,0,0,0,31,11,5,7,0.0995995995995996,0.1066066066066066,0.07357357357357357,0.015515515515515516,0.0035035035035035035,0.13613613613613615,0.012012012012012012,0.7292292292292293
2022,En agglomération,velo,4800,4958,115,912,3430,338,5,0,394,81,3679,2611,81,575,6,344,440,0,0,0,81,36,14,6,0.09166666666666666,0.07166666666666667,0.08208333333333333,0.016875,0.00125,0.11979166666666667,0.016875,0.7664583333333334
2022,Hors agglomération,edpm,78,78,9,32,37,0,0,0,9,1,42,28,0,17,2,16,13,0,0,0,1,1,0,2,0.16666666666666666,0.20512820512820512,0.11538461538461539,0.01282051282051282,0.02564102564102564,0.21794871794871795,0.0,0.5384615384615384
2022,Hors agglomération,velo,980,1042,142,515,318,5,0,0,64,5,674,385,10,85,4,147,82,0,0,0,5,7,4,4,0.0836734693877551,0.15,0.0653061224489796,0.00510204081632653,0.004081632653061225,0.08673469387755102,0.01020408163265306,0.6877551020408164
2023,En agglomération,edpm,2290,2311,33,375,1625,253,3,1,185,44,1641,1367,36,392,5,220,234,108,5,89,44,22,8,5,0.10218340611353711,0.09606986899563319,0.08078602620087336,0.01921397379912664,0.002183406113537118,0.17117903930131004,0.01572052401746725,0.7165938864628821
2023,En agglomération,velo,4698,4891,104,864,3390,336,4,0,442,88,3510,2534,98,771,10,340,516,178,17,203,89,46,9,10,0.10983397190293742,0.07237122179650915,0.0940825883354619,0.018731375053214133,0.0021285653469561515,0.1641123882503193,0.020859940400170286,0.7471264367816092
2023,Hors agglomération,edpm,83,84,12,32,36,2,0,1,4,1,61,28,0,16,0,10,6,6,0,2,1,0,0,0,0.07228915662650602,0.12048192771084337,0.04819277108433735,0.012048192771084338,0.0,0.1927710843373494,0.0,0.7349397590361446
2023,Hors agglomération,velo,920,987,132,498,283,7,0,0,85,2,594,354,11,101,5,144,100,50,6,19,2,9,4,5,0.10869565217391304,0.1565217391304348,0.09239130434782608,0.002173913043478261,0.005434782608695652,0.10978260869565218,0.011956521739130435,0.6456521739130435
2024,En agglomération,edpm,2722,2746,31,479,1937,275,0,0,256,67,1960,1662,33,494,7,281,330,146,9,114,67,29,10,7,0.12123438648052902,0.1032329169728141,0.0940484937545922,0.02461425422483468,0.002571638501102131,0.18148420279206465,0.012123438648052902,0.7200587803085966
2024,En agglomération,velo,4611,4826,110,856,3328,317,0,0,458,91,3366,2525,88,794,13,388,563,220,18,252,92,46,10,13,0.12209932769464324,0.08414660594231187,0.09932769464324441,0.01973541531121232,0.0028193450444589027,0.17219692040772067,0.019084797224029493,0.7299934938191281
2024,Hors agglomération,edpm,120,121,15,49,50,6,0,0,11,1,75,46,3,18,0,24,18,2,0,2,1,4,0,0,0.15,0.2,0.09166666666666666,0.008333333333333333,0.0,0.15,0.025,0.625
2024,Hors agglomération,velo,912,1000,122,485,300,5,0,0,72,1,577,353,8,104,5,169,102,31,5,19,1,5,3,7,0.1118421052631579,0.18530701754385964,0.07894736842105263,0.0010964912280701754,0.005482456140350877,0.11403508771929824,0.008771929824561403,0.6326754385964912
