annee,zone,highway,mode,population,baac_intersection,osm_croisement,accidents,part_population_pct
2019,En agglomération,cycleway,VELO,h2_tiers_motorise,intersection,croisement_proche,43,34.96
2019,En agglomération,cycleway,VELO,h2_tiers_motorise,intersection,pas_de_croisement_proche,15,12.2
2019,En agglomération,cycleway,VELO,h2_tiers_motorise,intersection,non_evalue,0,0.0
2019,En agglomération,cycleway,VELO,h2_tiers_motorise,hors_intersection,croisement_proche,23,18.7
2019,En agglomération,cycleway,VELO,h2_tiers_motorise,hors_intersection,pas_de_croisement_proche,42,34.15
2019,En agglomération,cycleway,VELO,h2_tiers_motorise,hors_intersection,non_evalue,0,0.0
2019,En agglomération,cycleway,VELO,h2_tiers_motorise,inconnue,croisement_proche,0,0.0
2019,En agglomération,cycleway,VELO,h2_tiers_motorise,inconnue,pas_de_croisement_proche,0,0.0
2019,En agglomération,cycleway,VELO,h2_tiers_motorise,inconnue,non_evalue,0,0.0
2019,Hors agglomération,cycleway,VELO,h2_tiers_motorise,intersection,croisement_proche,5,50.0
2019,Hors agglomération,cycleway,VELO,h2_tiers_motorise,intersection,pas_de_croisement_proche,2,20.0
2019,Hors agglomération,cycleway,VELO,h2_tiers_motorise,intersection,non_evalue,0,0.0
2019,Hors agglomération,cycleway,VELO,h2_tiers_motorise,hors_intersection,croisement_proche,0,0.0
2019,Hors agglomération,cycleway,VELO,h2_tiers_motorise,hors_intersection,pas_de_croisement_proche,3,30.0
2019,Hors agglomération,cycleway,VELO,h2_tiers_motorise,hors_intersection,non_evalue,0,0.0
2019,Hors agglomération,cycleway,VELO,h2_tiers_motorise,inconnue,croisement_proche,0,0.0
2019,Hors agglomération,cycleway,VELO,h2_tiers_motorise,inconnue,pas_de_croisement_proche,0,0.0
2019,Hors agglomération,cycleway,VELO,h2_tiers_motorise,inconnue,non_evalue,0,0.0
2019,En agglomération,cycleway,VAE,h2_tiers_motorise,intersection,croisement_proche,4,50.0
2019,En agglomération,cycleway,VAE,h2_tiers_motorise,intersection,pas_de_croisement_proche,2,25.0
2019,En agglomération,cycleway,VAE,h2_tiers_motorise,intersection,non_evalue,0,0.0
2019,En agglomération,cycleway,VAE,h2_tiers_motorise,hors_intersection,croisement_proche,1,12.5
2019,En agglomération,cycleway,VAE,h2_tiers_motorise,hors_intersection,pas_de_croisement_proche,1,12.5
2019,En agglomération,cycleway,VAE,h2_tiers_motorise,hors_intersection,non_evalue,0,0.0
2019,En agglomération,cycleway,VAE,h2_tiers_motorise,inconnue,croisement_proche,0,0.0
2019,En agglomération,cycleway,VAE,h2_tiers_motorise,inconnue,pas_de_croisement_proche,0,0.0
2019,En agglomération,cycleway,VAE,h2_tiers_motorise,inconnue,non_evalue,0,0.0
2019,En agglomération,cycleway,EDPM,h2_tiers_motorise,intersection,croisement_proche,6,50.0
2019,En agglomération,cycleway,EDPM,h2_tiers_motorise,intersection,pas_de_croisement_proche,1,8.33
2019,En agglomération,cycleway,EDPM,h2_tiers_motorise,intersection,non_evalue,0,0.0
2019,En agglomération,cycleway,EDPM,h2_tiers_motorise,hors_intersection,croisement_proche,2,16.67
2019,En agglomération,cycleway,EDPM,h2_tiers_motorise,hors_intersection,pas_de_croisement_proche,3,25.0
2019,En agglomération,cycleway,EDPM,h2_tiers_motorise,hors_intersection,non_evalue,0,0.0
2019,En agglomération,cycleway,EDPM,h2_tiers_motorise,inconnue,croisement_proche,0,0.0
2019,En agglomération,cycleway,EDPM,h2_tiers_motorise,inconnue,pas_de_croisement_proche,0,0.0
2019,En agglomération,cycleway,EDPM,h2_tiers_motorise,inconnue,non_evalue,0,0.0
2020,En agglomération,cycleway,VELO,h2_tiers_motorise,intersection,croisement_proche,34,36.17
2020,En agglomération,cycleway,VELO,h2_tiers_motorise,intersection,pas_de_croisement_proche,15,15.96
2020,En agglomération,cycleway,VELO,h2_tiers_motorise,intersection,non_evalue,0,0.0
2020,En agglomération,cycleway,VELO,h2_tiers_motorise,hors_intersection,croisement_proche,16,17.02
2020,En agglomération,cycleway,VELO,h2_tiers_motorise,hors_intersection,pas_de_croisement_proche,29,30.85
2020,En agglomération,cycleway,VELO,h2_tiers_motorise,hors_intersection,non_evalue,0,0.0
2020,En agglomération,cycleway,VELO,h2_tiers_motorise,inconnue,croisement_proche,0,0.0
2020,En agglomération,cycleway,VELO,h2_tiers_motorise,inconnue,pas_de_croisement_proche,0,0.0
2020,En agglomération,cycleway,VELO,h2_tiers_motorise,inconnue,non_evalue,0,0.0
2020,Hors agglomération,cycleway,VELO,h2_tiers_motorise,intersection,croisement_proche,3,30.0
2020,Hors agglomération,cycleway,VELO,h2_tiers_motorise,intersection,pas_de_croisement_proche,2,20.0
2020,Hors agglomération,cycleway,VELO,h2_tiers_motorise,intersection,non_evalue,0,0.0
2020,Hors agglomération,cycleway,VELO,h2_tiers_motorise,hors_intersection,croisement_proche,1,10.0
2020,Hors agglomération,cycleway,VELO,h2_tiers_motorise,hors_intersection,pas_de_croisement_proche,4,40.0
2020,Hors agglomération,cycleway,VELO,h2_tiers_motorise,hors_intersection,non_evalue,0,0.0
2020,Hors agglomération,cycleway,VELO,h2_tiers_motorise,inconnue,croisement_proche,0,0.0
2020,Hors agglomération,cycleway,VELO,h2_tiers_motorise,inconnue,pas_de_croisement_proche,0,0.0
2020,Hors agglomération,cycleway,VELO,h2_tiers_motorise,inconnue,non_evalue,0,0.0
2020,En agglomération,cycleway,VAE,h2_tiers_motorise,intersection,croisement_proche,4,80.0
2020,En agglomération,cycleway,VAE,h2_tiers_motorise,intersection,pas_de_croisement_proche,0,0.0
2020,En agglomération,cycleway,VAE,h2_tiers_motorise,intersection,non_evalue,0,0.0
2020,En agglomération,cycleway,VAE,h2_tiers_motorise,hors_intersection,croisement_proche,1,20.0
2020,En agglomération,cycleway,VAE,h2_tiers_motorise,hors_intersection,pas_de_croisement_proche,0,0.0
2020,En agglomération,cycleway,VAE,h2_tiers_motorise,hors_intersection,non_evalue,0,0.0
2020,En agglomération,cycleway,VAE,h2_tiers_motorise,inconnue,croisement_proche,0,0.0
2020,En agglomération,cycleway,VAE,h2_tiers_motorise,inconnue,pas_de_croisement_proche,0,0.0
2020,En agglomération,cycleway,VAE,h2_tiers_motorise,inconnue,non_evalue,0,0.0
2020,Hors agglomération,cycleway,VAE,h2_tiers_motorise,intersection,croisement_proche,1,50.0
2020,Hors agglomération,cycleway,VAE,h2_tiers_motorise,intersection,pas_de_croisement_proche,0,0.0
2020,Hors agglomération,cycleway,VAE,h2_tiers_motorise,intersection,non_evalue,0,0.0
2020,Hors agglomération,cycleway,VAE,h2_tiers_motorise,hors_intersection,croisement_proche,1,50.0
2020,Hors agglomération,cycleway,VAE,h2_tiers_motorise,hors_intersection,pas_de_croisement_proche,0,0.0
2020,Hors agglomération,cycleway,VAE,h2_tiers_motorise,hors_intersection,non_evalue,0,0.0
2020,Hors agglomération,cycleway,VAE,h2_tiers_motorise,inconnue,croisement_proche,0,0.0
2020,Hors agglomération,cycleway,VAE,h2_tiers_motorise,inconnue,pas_de_croisement_proche,0,0.0
2020,Hors agglomération,cycleway,VAE,h2_tiers_motorise,inconnue,non_evalue,0,0.0
2020,En agglomération,cycleway,EDPM,h2_tiers_motorise,intersection,croisement_proche,5,41.67
2020,En agglomération,cycleway,EDPM,h2_tiers_motorise,intersection,pas_de_croisement_proche,2,16.67
2020,En agglomération,cycleway,EDPM,h2_tiers_motorise,intersection,non_evalue,0,0.0
2020,En agglomération,cycleway,EDPM,h2_tiers_motorise,hors_intersection,croisement_proche,1,8.33
2020,En agglomération,cycleway,EDPM,h2_tiers_motorise,hors_intersection,pas_de_croisement_proche,4,33.33
2020,En agglomération,cycleway,EDPM,h2_tiers_motorise,hors_intersection,non_evalue,0,0.0
2020,En agglomération,cycleway,EDPM,h2_tiers_motorise,inconnue,croisement_proche,0,0.0
2020,En agglomération,cycleway,EDPM,h2_tiers_motorise,inconnue,pas_de_croisement_proche,0,0.0
2020,En agglomération,cycleway,EDPM,h2_tiers_motorise,inconnue,non_evalue,0,0.0
2021,En agglomération,cycleway,VELO,h2_tiers_motorise,intersection,croisement_proche,55,44.72
2021,En agglomération,cycleway,VELO,h2_tiers_motorise,intersection,pas_de_croisement_proche,25,20.33
2021,En agglomération,cycleway,VELO,h2_tiers_motorise,intersection,non_evalue,0,0.0
2021,En agglomération,cycleway,VELO,h2_tiers_motorise,hors_intersection,croisement_proche,17,13.82
2021,En agglomération,cycleway,VELO,h2_tiers_motorise,hors_intersection,pas_de_croisement_proche,26,21.14
2021,En agglomération,cycleway,VELO,h2_tiers_motorise,hors_intersection,non_evalue,0,0.0
2021,En agglomération,cycleway,VELO,h2_tiers_motorise,inconnue,croisement_proche,0,0.0
2021,En agglomération,cycleway,VELO,h2_tiers_motorise,inconnue,pas_de_croisement_proche,0,0.0
2021,En agglomération,cycleway,VELO,h2_tiers_motorise,inconnue,non_evalue,0,0.0
2021,Hors agglomération,cycleway,VELO,h2_tiers_motorise,intersection,croisement_proche,6,42.86
2021,Hors agglomération,cycleway,VELO,h2_tiers_motorise,intersection,pas_de_croisement_proche,3,21.43
2021,Hors agglomération,cycleway,VELO,h2_tiers_motorise,intersection,non_evalue,0,0.0
2021,Hors agglomération,cycleway,VELO,h2_tiers_motorise,hors_intersection,croisement_proche,2,14.29
2021,Hors agglomération,cycleway,VELO,h2_tiers_motorise,hors_intersection,pas_de_croisement_proche,3,21.43
2021,Hors agglomération,cycleway,VELO,h2_tiers_motorise,hors_intersection,non_evalue,0,0.0
2021,Hors agglomération,cycleway,VELO,h2_tiers_motorise,inconnue,croisement_proche,0,0.0
2021,Hors agglomération,cycleway,VELO,h2_tiers_motorise,inconnue,pas_de_croisement_proche,0,0.0
2021,Hors agglomération,cycleway,VELO,h2_tiers_motorise,inconnue,non_evalue,0,0.0
2021,En agglomération,cycleway,VAE,h2_tiers_motorise,intersection,croisement_proche,3,50.0
2021,En agglomération,cycleway,VAE,h2_tiers_motorise,intersection,pas_de_croisement_proche,2,33.33
2021,En agglomération,cycleway,VAE,h2_tiers_motorise,intersection,non_evalue,0,0.0
2021,En agglomération,cycleway,VAE,h2_tiers_motorise,hors_intersection,croisement_proche,0,0.0
2021,En agglomération,cycleway,VAE,h2_tiers_motorise,hors_intersection,pas_de_croisement_proche,1,16.67
2021,En agglomération,cycleway,VAE,h2_tiers_motorise,hors_intersection,non_evalue,0,0.0
2021,En agglomération,cycleway,VAE,h2_tiers_motorise,inconnue,croisement_proche,0,0.0
2021,En agglomération,cycleway,VAE,h2_tiers_motorise,inconnue,pas_de_croisement_proche,0,0.0
2021,En agglomération,cycleway,VAE,h2_tiers_motorise,inconnue,non_evalue,0,0.0
2021,En agglomération,cycleway,EDPM,h2_tiers_motorise,intersection,croisement_proche,18,62.07
2021,En agglomération,cycleway,EDPM,h2_tiers_motorise,intersection,pas_de_croisement_proche,1,3.45
2021,En agglomération,cycleway,EDPM,h2_tiers_motorise,intersection,non_evalue,0,0.0
2021,En agglomération,cycleway,EDPM,h2_tiers_motorise,hors_intersection,croisement_proche,2,6.9
2021,En agglomération,cycleway,EDPM,h2_tiers_motorise,hors_intersection,pas_de_croisement_proche,8,27.59
2021,En agglomération,cycleway,EDPM,h2_tiers_motorise,hors_intersection,non_evalue,0,0.0
2021,En agglomération,cycleway,EDPM,h2_tiers_motorise,inconnue,croisement_proche,0,0.0
2021,En agglomération,cycleway,EDPM,h2_tiers_motorise,inconnue,pas_de_croisement_proche,0,0.0
2021,En agglomération,cycleway,EDPM,h2_tiers_motorise,inconnue,non_evalue,0,0.0
2022,En agglomération,cycleway,VELO,h2_tiers_motorise,intersection,croisement_proche,44,41.51
2022,En agglomération,cycleway,VELO,h2_tiers_motorise,intersection,pas_de_croisement_proche,16,15.09
2022,En agglomération,cycleway,VELO,h2_tiers_motorise,intersection,non_evalue,0,0.0
2022,En agglomération,cycleway,VELO,h2_tiers_motorise,hors_intersection,croisement_proche,14,13.21
2022,En agglomération,cycleway,VELO,h2_tiers_motorise,hors_intersection,pas_de_croisement_proche,32,30.19
2022,En agglomération,cycleway,VELO,h2_tiers_motorise,hors_intersection,non_evalue,0,0.0
2022,En agglomération,cycleway,VELO,h2_tiers_motorise,inconnue,croisement_proche,0,0.0
2022,En agglomération,cycleway,VELO,h2_tiers_motorise,inconnue,pas_de_croisement_proche,0,0.0
2022,En agglomération,cycleway,VELO,h2_tiers_motorise,inconnue,non_evalue,0,0.0
2022,Hors agglomération,cycleway,VELO,h2_tiers_motorise,intersection,croisement_proche,2,28.57
2022,Hors agglomération,cycleway,VELO,h2_tiers_motorise,intersection,pas_de_croisement_proche,0,0.0
2022,Hors agglomération,cycleway,VELO,h2_tiers_motorise,intersection,non_evalue,0,0.0
2022,Hors agglomération,cycleway,VELO,h2_tiers_motorise,hors_intersection,croisement_proche,1,14.29
2022,Hors agglomération,cycleway,VELO,h2_tiers_motorise,hors_intersection,pas_de_croisement_proche,4,57.14
2022,Hors agglomération,cycleway,VELO,h2_tiers_motorise,hors_intersection,non_evalue,0,0.0
2022,Hors agglomération,cycleway,VELO,h2_tiers_motorise,inconnue,croisement_proche,0,0.0
2022,Hors agglomération,cycleway,VELO,h2_tiers_motorise,inconnue,pas_de_croisement_proche,0,0.0
2022,Hors agglomération,cycleway,VELO,h2_tiers_motorise,inconnue,non_evalue,0,0.0
2022,En agglomération,cycleway,VAE,h2_tiers_motorise,intersection,croisement_proche,3,23.08
2022,En agglomération,cycleway,VAE,h2_tiers_motorise,intersection,pas_de_croisement_proche,1,7.69
2022,En agglomération,cycleway,VAE,h2_tiers_motorise,intersection,non_evalue,0,0.0
2022,En agglomération,cycleway,VAE,h2_tiers_motorise,hors_intersection,croisement_proche,1,7.69
2022,En agglomération,cycleway,VAE,h2_tiers_motorise,hors_intersection,pas_de_croisement_proche,8,61.54
2022,En agglomération,cycleway,VAE,h2_tiers_motorise,hors_intersection,non_evalue,0,0.0
2022,En agglomération,cycleway,VAE,h2_tiers_motorise,inconnue,croisement_proche,0,0.0
2022,En agglomération,cycleway,VAE,h2_tiers_motorise,inconnue,pas_de_croisement_proche,0,0.0
2022,En agglomération,cycleway,VAE,h2_tiers_motorise,inconnue,non_evalue,0,0.0
2022,Hors agglomération,cycleway,VAE,h2_tiers_motorise,intersection,croisement_proche,1,100.0
2022,Hors agglomération,cycleway,VAE,h2_tiers_motorise,intersection,pas_de_croisement_proche,0,0.0
2022,Hors agglomération,cycleway,VAE,h2_tiers_motorise,intersection,non_evalue,0,0.0
2022,Hors agglomération,cycleway,VAE,h2_tiers_motorise,hors_intersection,croisement_proche,0,0.0
2022,Hors agglomération,cycleway,VAE,h2_tiers_motorise,hors_intersection,pas_de_croisement_proche,0,0.0
2022,Hors agglomération,cycleway,VAE,h2_tiers_motorise,hors_intersection,non_evalue,0,0.0
2022,Hors agglomération,cycleway,VAE,h2_tiers_motorise,inconnue,croisement_proche,0,0.0
2022,Hors agglomération,cycleway,VAE,h2_tiers_motorise,inconnue,pas_de_croisement_proche,0,0.0
2022,Hors agglomération,cycleway,VAE,h2_tiers_motorise,inconnue,non_evalue,0,0.0
2022,En agglomération,cycleway,EDPM,h2_tiers_motorise,intersection,croisement_proche,15,33.33
2022,En agglomération,cycleway,EDPM,h2_tiers_motorise,intersection,pas_de_croisement_proche,11,24.44
2022,En agglomération,cycleway,EDPM,h2_tiers_motorise,intersection,non_evalue,0,0.0
2022,En agglomération,cycleway,EDPM,h2_tiers_motorise,hors_intersection,croisement_proche,6,13.33
2022,En agglomération,cycleway,EDPM,h2_tiers_motorise,hors_intersection,pas_de_croisement_proche,13,28.89
2022,En agglomération,cycleway,EDPM,h2_tiers_motorise,hors_intersection,non_evalue,0,0.0
2022,En agglomération,cycleway,EDPM,h2_tiers_motorise,inconnue,croisement_proche,0,0.0
2022,En agglomération,cycleway,EDPM,h2_tiers_motorise,inconnue,pas_de_croisement_proche,0,0.0
2022,En agglomération,cycleway,EDPM,h2_tiers_motorise,inconnue,non_evalue,0,0.0
2022,Hors agglomération,cycleway,EDPM,h2_tiers_motorise,intersection,croisement_proche,0,0.0
2022,Hors agglomération,cycleway,EDPM,h2_tiers_motorise,intersection,pas_de_croisement_proche,0,0.0
2022,Hors agglomération,cycleway,EDPM,h2_tiers_motorise,intersection,non_evalue,0,0.0
2022,Hors agglomération,cycleway,EDPM,h2_tiers_motorise,hors_intersection,croisement_proche,0,0.0
2022,Hors agglomération,cycleway,EDPM,h2_tiers_motorise,hors_intersection,pas_de_croisement_proche,1,100.0
2022,Hors agglomération,cycleway,EDPM,h2_tiers_motorise,hors_intersection,non_evalue,0,0.0
2022,Hors agglomération,cycleway,EDPM,h2_tiers_motorise,inconnue,croisement_proche,0,0.0
2022,Hors agglomération,cycleway,EDPM,h2_tiers_motorise,inconnue,pas_de_croisement_proche,0,0.0
2022,Hors agglomération,cycleway,EDPM,h2_tiers_motorise,inconnue,non_evalue,0,0.0
2023,En agglomération,cycleway,VELO,h2_tiers_motorise,intersection,croisement_proche,59,47.97
2023,En agglomération,cycleway,VELO,h2_tiers_motorise,intersection,pas_de_croisement_proche,24,19.51
2023,En agglomération,cycleway,VELO,h2_tiers_motorise,intersection,non_evalue,0,0.0
2023,En agglomération,cycleway,VELO,h2_tiers_motorise,hors_intersection,croisement_proche,14,11.38
2023,En agglomération,cycleway,VELO,h2_tiers_motorise,hors_intersection,pas_de_croisement_proche,26,21.14
2023,En agglomération,cycleway,VELO,h2_tiers_motorise,hors_intersection,non_evalue,0,0.0
2023,En agglomération,cycleway,VELO,h2_tiers_motorise,inconnue,croisement_proche,0,0.0
2023,En agglomération,cycleway,VELO,h2_tiers_motorise,inconnue,pas_de_croisement_proche,0,0.0
2023,En agglomération,cycleway,VELO,h2_tiers_motorise,inconnue,non_evalue,0,0.0
2023,Hors agglomération,cycleway,VELO,h2_tiers_motorise,intersection,croisement_proche,3,60.0
2023,Hors agglomération,cycleway,VELO,h2_tiers_motorise,intersection,pas_de_croisement_proche,1,20.0
2023,Hors agglomération,cycleway,VELO,h2_tiers_motorise,intersection,non_evalue,0,0.0
2023,Hors agglomération,cycleway,VELO,h2_tiers_motorise,hors_intersection,croisement_proche,0,0.0
2023,Hors agglomération,cycleway,VELO,h2_tiers_motorise,hors_intersection,pas_de_croisement_proche,1,20.0
2023,Hors agglomération,cycleway,VELO,h2_tiers_motorise,hors_intersection,non_evalue,0,0.0
2023,Hors agglomération,cycleway,VELO,h2_tiers_motorise,inconnue,croisement_proche,0,0.0
2023,Hors agglomération,cycleway,VELO,h2_tiers_motorise,inconnue,pas_de_croisement_proche,0,0.0
2023,Hors agglomération,cycleway,VELO,h2_tiers_motorise,inconnue,non_evalue,0,0.0
2023,En agglomération,cycleway,VAE,h2_tiers_motorise,intersection,croisement_proche,11,50.0
2023,En agglomération,cycleway,VAE,h2_tiers_motorise,intersection,pas_de_croisement_proche,6,27.27
2023,En agglomération,cycleway,VAE,h2_tiers_motorise,intersection,non_evalue,0,0.0
2023,En agglomération,cycleway,VAE,h2_tiers_motorise,hors_intersection,croisement_proche,0,0.0
2023,En agglomération,cycleway,VAE,h2_tiers_motorise,hors_intersection,pas_de_croisement_proche,5,22.73
2023,En agglomération,cycleway,VAE,h2_tiers_motorise,hors_intersection,non_evalue,0,0.0
2023,En agglomération,cycleway,VAE,h2_tiers_motorise,inconnue,croisement_proche,0,0.0
2023,En agglomération,cycleway,VAE,h2_tiers_motorise,inconnue,pas_de_croisement_proche,0,0.0
2023,En agglomération,cycleway,VAE,h2_tiers_motorise,inconnue,non_evalue,0,0.0
2023,Hors agglomération,cycleway,VAE,h2_tiers_motorise,intersection,croisement_proche,2,100.0
2023,Hors agglomération,cycleway,VAE,h2_tiers_motorise,intersection,pas_de_croisement_proche,0,0.0
2023,Hors agglomération,cycleway,VAE,h2_tiers_motorise,intersection,non_evalue,0,0.0
2023,Hors agglomération,cycleway,VAE,h2_tiers_motorise,hors_intersection,croisement_proche,0,0.0
2023,Hors agglomération,cycleway,VAE,h2_tiers_motorise,hors_intersection,pas_de_croisement_proche,0,0.0
2023,Hors agglomération,cycleway,VAE,h2_tiers_motorise,hors_intersection,non_evalue,0,0.0
2023,Hors agglomération,cycleway,VAE,h2_tiers_motorise,inconnue,croisement_proche,0,0.0
2023,Hors agglomération,cycleway,VAE,h2_tiers_motorise,inconnue,pas_de_croisement_proche,0,0.0
2023,Hors agglomération,cycleway,VAE,h2_tiers_motorise,inconnue,non_evalue,0,0.0
2023,En agglomération,cycleway,EDPM,h2_tiers_motorise,intersection,croisement_proche,19,37.25
2023,En agglomération,cycleway,EDPM,h2_tiers_motorise,intersection,pas_de_croisement_proche,12,23.53
2023,En agglomération,cycleway,EDPM,h2_tiers_motorise,intersection,non_evalue,0,0.0
2023,En agglomération,cycleway,EDPM,h2_tiers_motorise,hors_intersection,croisement_proche,10,19.61
2023,En agglomération,cycleway,EDPM,h2_tiers_motorise,hors_intersection,pas_de_croisement_proche,10,19.61
2023,En agglomération,cycleway,EDPM,h2_tiers_motorise,hors_intersection,non_evalue,0,0.0
2023,En agglomération,cycleway,EDPM,h2_tiers_motorise,inconnue,croisement_proche,0,0.0
2023,En agglomération,cycleway,EDPM,h2_tiers_motorise,inconnue,pas_de_croisement_proche,0,0.0
2023,En agglomération,cycleway,EDPM,h2_tiers_motorise,inconnue,non_evalue,0,0.0
2023,Hors agglomération,cycleway,EDPM,h2_tiers_motorise,intersection,croisement_proche,0,0.0
2023,Hors agglomération,cycleway,EDPM,h2_tiers_motorise,intersection,pas_de_croisement_proche,0,0.0
2023,Hors agglomération,cycleway,EDPM,h2_tiers_motorise,intersection,non_evalue,0,0.0
2023,Hors agglomération,cycleway,EDPM,h2_tiers_motorise,hors_intersection,croisement_proche,1,100.0
2023,Hors agglomération,cycleway,EDPM,h2_tiers_motorise,hors_intersection,pas_de_croisement_proche,0,0.0
2023,Hors agglomération,cycleway,EDPM,h2_tiers_motorise,hors_intersection,non_evalue,0,0.0
2023,Hors agglomération,cycleway,EDPM,h2_tiers_motorise,inconnue,croisement_proche,0,0.0
2023,Hors agglomération,cycleway,EDPM,h2_tiers_motorise,inconnue,pas_de_croisement_proche,0,0.0
2023,Hors agglomération,cycleway,EDPM,h2_tiers_motorise,inconnue,non_evalue,0,0.0
2024,En agglomération,cycleway,VELO,h2_tiers_motorise,intersection,croisement_proche,52,46.85
2024,En agglomération,cycleway,VELO,h2_tiers_motorise,intersection,pas_de_croisement_proche,24,21.62
2024,En agglomération,cycleway,VELO,h2_tiers_motorise,intersection,non_evalue,0,0.0
2024,En agglomération,cycleway,VELO,h2_tiers_motorise,hors_intersection,croisement_proche,9,8.11
2024,En agglomération,cycleway,VELO,h2_tiers_motorise,hors_intersection,pas_de_croisement_proche,26,23.42
2024,En agglomération,cycleway,VELO,h2_tiers_motorise,hors_intersection,non_evalue,0,0.0
2024,En agglomération,cycleway,VELO,h2_tiers_motorise,inconnue,croisement_proche,0,0.0
2024,En agglomération,cycleway,VELO,h2_tiers_motorise,inconnue,pas_de_croisement_proche,0,0.0
2024,En agglomération,cycleway,VELO,h2_tiers_motorise,inconnue,non_evalue,0,0.0
2024,Hors agglomération,cycleway,VELO,h2_tiers_motorise,intersection,croisement_proche,3,60.0
2024,Hors agglomération,cycleway,VELO,h2_tiers_motorise,intersection,pas_de_croisement_proche,0,0.0
2024,Hors agglomération,cycleway,VELO,h2_tiers_motorise,intersection,non_evalue,0,0.0
2024,Hors agglomération,cycleway,VELO,h2_tiers_motorise,hors_intersection,croisement_proche,1,20.0
2024,Hors agglomération,cycleway,VELO,h2_tiers_motorise,hors_intersection,pas_de_croisement_proche,1,20.0
2024,Hors agglomération,cycleway,VELO,h2_tiers_motorise,hors_intersection,non_evalue,0,0.0
2024,Hors agglomération,cycleway,VELO,h2_tiers_motorise,inconnue,croisement_proche,0,0.0
2024,Hors agglomération,cycleway,VELO,h2_tiers_motorise,inconnue,pas_de_croisement_proche,0,0.0
2024,Hors agglomération,cycleway,VELO,h2_tiers_motorise,inconnue,non_evalue,0,0.0
2024,En agglomération,cycleway,VAE,h2_tiers_motorise,intersection,croisement_proche,11,50.0
2024,En agglomération,cycleway,VAE,h2_tiers_motorise,intersection,pas_de_croisement_proche,5,22.73
2024,En agglomération,cycleway,VAE,h2_tiers_motorise,intersection,non_evalue,0,0.0
2024,En agglomération,cycleway,VAE,h2_tiers_motorise,hors_intersection,croisement_proche,2,9.09
2024,En agglomération,cycleway,VAE,h2_tiers_motorise,hors_intersection,pas_de_croisement_proche,4,18.18
2024,En agglomération,cycleway,VAE,h2_tiers_motorise,hors_intersection,non_evalue,0,0.0
2024,En agglomération,cycleway,VAE,h2_tiers_motorise,inconnue,croisement_proche,0,0.0
2024,En agglomération,cycleway,VAE,h2_tiers_motorise,inconnue,pas_de_croisement_proche,0,0.0
2024,En agglomération,cycleway,VAE,h2_tiers_motorise,inconnue,non_evalue,0,0.0
2024,Hors agglomération,cycleway,VAE,h2_tiers_motorise,intersection,croisement_proche,0,0.0
2024,Hors agglomération,cycleway,VAE,h2_tiers_motorise,intersection,pas_de_croisement_proche,0,0.0
2024,Hors agglomération,cycleway,VAE,h2_tiers_motorise,intersection,non_evalue,0,0.0
2024,Hors agglomération,cycleway,VAE,h2_tiers_motorise,hors_intersection,croisement_proche,0,0.0
2024,Hors agglomération,cycleway,VAE,h2_tiers_motorise,hors_intersection,pas_de_croisement_proche,1,100.0
2024,Hors agglomération,cycleway,VAE,h2_tiers_motorise,hors_intersection,non_evalue,0,0.0
2024,Hors agglomération,cycleway,VAE,h2_tiers_motorise,inconnue,croisement_proche,0,0.0
2024,Hors agglomération,cycleway,VAE,h2_tiers_motorise,inconnue,pas_de_croisement_proche,0,0.0
2024,Hors agglomération,cycleway,VAE,h2_tiers_motorise,inconnue,non_evalue,0,0.0
2024,En agglomération,cycleway,EDPM,h2_tiers_motorise,intersection,croisement_proche,36,47.37
2024,En agglomération,cycleway,EDPM,h2_tiers_motorise,intersection,pas_de_croisement_proche,13,17.11
2024,En agglomération,cycleway,EDPM,h2_tiers_motorise,intersection,non_evalue,0,0.0
2024,En agglomération,cycleway,EDPM,h2_tiers_motorise,hors_intersection,croisement_proche,10,13.16
2024,En agglomération,cycleway,EDPM,h2_tiers_motorise,hors_intersection,pas_de_croisement_proche,17,22.37
2024,En agglomération,cycleway,EDPM,h2_tiers_motorise,hors_intersection,non_evalue,0,0.0
2024,En agglomération,cycleway,EDPM,h2_tiers_motorise,inconnue,croisement_proche,0,0.0
2024,En agglomération,cycleway,EDPM,h2_tiers_motorise,inconnue,pas_de_croisement_proche,0,0.0
2024,En agglomération,cycleway,EDPM,h2_tiers_motorise,inconnue,non_evalue,0,0.0
2024,Hors agglomération,cycleway,EDPM,h2_tiers_motorise,intersection,croisement_proche,0,0.0
2024,Hors agglomération,cycleway,EDPM,h2_tiers_motorise,intersection,pas_de_croisement_proche,0,0.0
2024,Hors agglomération,cycleway,EDPM,h2_tiers_motorise,intersection,non_evalue,0,0.0
2024,Hors agglomération,cycleway,EDPM,h2_tiers_motorise,hors_intersection,croisement_proche,2,100.0
2024,Hors agglomération,cycleway,EDPM,h2_tiers_motorise,hors_intersection,pas_de_croisement_proche,0,0.0
2024,Hors agglomération,cycleway,EDPM,h2_tiers_motorise,hors_intersection,non_evalue,0,0.0
2024,Hors agglomération,cycleway,EDPM,h2_tiers_motorise,inconnue,croisement_proche,0,0.0
2024,Hors agglomération,cycleway,EDPM,h2_tiers_motorise,inconnue,pas_de_croisement_proche,0,0.0
2024,Hors agglomération,cycleway,EDPM,h2_tiers_motorise,inconnue,non_evalue,0,0.0
2019,En agglomération,cycleway,VELO,h2_avec_vl,intersection,croisement_proche,34,37.36
2019,En agglomération,cycleway,VELO,h2_avec_vl,intersection,pas_de_croisement_proche,12,13.19
2019,En agglomération,cycleway,VELO,h2_avec_vl,intersection,non_evalue,0,0.0
2019,En agglomération,cycleway,VELO,h2_avec_vl,hors_intersection,croisement_proche,16,17.58
2019,En agglomération,cycleway,VELO,h2_avec_vl,hors_intersection,pas_de_croisement_proche,29,31.87
2019,En agglomération,cycleway,VELO,h2_avec_vl,hors_intersection,non_evalue,0,0.0
2019,En agglomération,cycleway,VELO,h2_avec_vl,inconnue,croisement_proche,0,0.0
2019,En agglomération,cycleway,VELO,h2_avec_vl,inconnue,pas_de_croisement_proche,0,0.0
2019,En agglomération,cycleway,VELO,h2_avec_vl,inconnue,non_evalue,0,0.0
2019,Hors agglomération,cycleway,VELO,h2_avec_vl,intersection,croisement_proche,4,50.0
2019,Hors agglomération,cycleway,VELO,h2_avec_vl,intersection,pas_de_croisement_proche,2,25.0
2019,Hors agglomération,cycleway,VELO,h2_avec_vl,intersection,non_evalue,0,0.0
2019,Hors agglomération,cycleway,VELO,h2_avec_vl,hors_intersection,croisement_proche,0,0.0
2019,Hors agglomération,cycleway,VELO,h2_avec_vl,hors_intersection,pas_de_croisement_proche,2,25.0
2019,Hors agglomération,cycleway,VELO,h2_avec_vl,hors_intersection,non_evalue,0,0.0
2019,Hors agglomération,cycleway,VELO,h2_avec_vl,inconnue,croisement_proche,0,0.0
2019,Hors agglomération,cycleway,VELO,h2_avec_vl,inconnue,pas_de_croisement_proche,0,0.0
2019,Hors agglomération,cycleway,VELO,h2_avec_vl,inconnue,non_evalue,0,0.0
2019,En agglomération,cycleway,VAE,h2_avec_vl,intersection,croisement_proche,4,50.0
2019,En agglomération,cycleway,VAE,h2_avec_vl,intersection,pas_de_croisement_proche,2,25.0
2019,En agglomération,cycleway,VAE,h2_avec_vl,intersection,non_evalue,0,0.0
2019,En agglomération,cycleway,VAE,h2_avec_vl,hors_intersection,croisement_proche,1,12.5
2019,En agglomération,cycleway,VAE,h2_avec_vl,hors_intersection,pas_de_croisement_proche,1,12.5
2019,En agglomération,cycleway,VAE,h2_avec_vl,hors_intersection,non_evalue,0,0.0
2019,En agglomération,cycleway,VAE,h2_avec_vl,inconnue,croisement_proche,0,0.0
2019,En agglomération,cycleway,VAE,h2_avec_vl,inconnue,pas_de_croisement_proche,0,0.0
2019,En agglomération,cycleway,VAE,h2_avec_vl,inconnue,non_evalue,0,0.0
2019,En agglomération,cycleway,EDPM,h2_avec_vl,intersection,croisement_proche,3,42.86
2019,En agglomération,cycleway,EDPM,h2_avec_vl,intersection,pas_de_croisement_proche,1,14.29
2019,En agglomération,cycleway,EDPM,h2_avec_vl,intersection,non_evalue,0,0.0
2019,En agglomération,cycleway,EDPM,h2_avec_vl,hors_intersection,croisement_proche,1,14.29
2019,En agglomération,cycleway,EDPM,h2_avec_vl,hors_intersection,pas_de_croisement_proche,2,28.57
2019,En agglomération,cycleway,EDPM,h2_avec_vl,hors_intersection,non_evalue,0,0.0
2019,En agglomération,cycleway,EDPM,h2_avec_vl,inconnue,croisement_proche,0,0.0
2019,En agglomération,cycleway,EDPM,h2_avec_vl,inconnue,pas_de_croisement_proche,0,0.0
2019,En agglomération,cycleway,EDPM,h2_avec_vl,inconnue,non_evalue,0,0.0
2020,En agglomération,cycleway,VELO,h2_avec_vl,intersection,croisement_proche,26,37.68
2020,En agglomération,cycleway,VELO,h2_avec_vl,intersection,pas_de_croisement_proche,10,14.49
2020,En agglomération,cycleway,VELO,h2_avec_vl,intersection,non_evalue,0,0.0
2020,En agglomération,cycleway,VELO,h2_avec_vl,hors_intersection,croisement_proche,14,20.29
2020,En agglomération,cycleway,VELO,h2_avec_vl,hors_intersection,pas_de_croisement_proche,19,27.54
2020,En agglomération,cycleway,VELO,h2_avec_vl,hors_intersection,non_evalue,0,0.0
2020,En agglomération,cycleway,VELO,h2_avec_vl,inconnue,croisement_proche,0,0.0
2020,En agglomération,cycleway,VELO,h2_avec_vl,inconnue,pas_de_croisement_proche,0,0.0
2020,En agglomération,cycleway,VELO,h2_avec_vl,inconnue,non_evalue,0,0.0
2020,Hors agglomération,cycleway,VELO,h2_avec_vl,intersection,croisement_proche,3,37.5
2020,Hors agglomération,cycleway,VELO,h2_avec_vl,intersection,pas_de_croisement_proche,2,25.0
2020,Hors agglomération,cycleway,VELO,h2_avec_vl,intersection,non_evalue,0,0.0
2020,Hors agglomération,cycleway,VELO,h2_avec_vl,hors_intersection,croisement_proche,1,12.5
2020,Hors agglomération,cycleway,VELO,h2_avec_vl,hors_intersection,pas_de_croisement_proche,2,25.0
2020,Hors agglomération,cycleway,VELO,h2_avec_vl,hors_intersection,non_evalue,0,0.0
2020,Hors agglomération,cycleway,VELO,h2_avec_vl,inconnue,croisement_proche,0,0.0
2020,Hors agglomération,cycleway,VELO,h2_avec_vl,inconnue,pas_de_croisement_proche,0,0.0
2020,Hors agglomération,cycleway,VELO,h2_avec_vl,inconnue,non_evalue,0,0.0
2020,En agglomération,cycleway,VAE,h2_avec_vl,intersection,croisement_proche,4,100.0
2020,En agglomération,cycleway,VAE,h2_avec_vl,intersection,pas_de_croisement_proche,0,0.0
2020,En agglomération,cycleway,VAE,h2_avec_vl,intersection,non_evalue,0,0.0
2020,En agglomération,cycleway,VAE,h2_avec_vl,hors_intersection,croisement_proche,0,0.0
2020,En agglomération,cycleway,VAE,h2_avec_vl,hors_intersection,pas_de_croisement_proche,0,0.0
2020,En agglomération,cycleway,VAE,h2_avec_vl,hors_intersection,non_evalue,0,0.0
2020,En agglomération,cycleway,VAE,h2_avec_vl,inconnue,croisement_proche,0,0.0
2020,En agglomération,cycleway,VAE,h2_avec_vl,inconnue,pas_de_croisement_proche,0,0.0
2020,En agglomération,cycleway,VAE,h2_avec_vl,inconnue,non_evalue,0,0.0
2020,Hors agglomération,cycleway,VAE,h2_avec_vl,intersection,croisement_proche,1,50.0
2020,Hors agglomération,cycleway,VAE,h2_avec_vl,intersection,pas_de_croisement_proche,0,0.0
2020,Hors agglomération,cycleway,VAE,h2_avec_vl,intersection,non_evalue,0,0.0
2020,Hors agglomération,cycleway,VAE,h2_avec_vl,hors_intersection,croisement_proche,1,50.0
2020,Hors agglomération,cycleway,VAE,h2_avec_vl,hors_intersection,pas_de_croisement_proche,0,0.0
2020,Hors agglomération,cycleway,VAE,h2_avec_vl,hors_intersection,non_evalue,0,0.0
2020,Hors agglomération,cycleway,VAE,h2_avec_vl,inconnue,croisement_proche,0,0.0
2020,Hors agglomération,cycleway,VAE,h2_avec_vl,inconnue,pas_de_croisement_proche,0,0.0
2020,Hors agglomération,cycleway,VAE,h2_avec_vl,inconnue,non_evalue,0,0.0
2020,En agglomération,cycleway,EDPM,h2_avec_vl,intersection,croisement_proche,4,50.0
2020,En agglomération,cycleway,EDPM,h2_avec_vl,intersection,pas_de_croisement_proche,0,0.0
2020,En agglomération,cycleway,EDPM,h2_avec_vl,intersection,non_evalue,0,0.0
2020,En agglomération,cycleway,EDPM,h2_avec_vl,hors_intersection,croisement_proche,0,0.0
2020,En agglomération,cycleway,EDPM,h2_avec_vl,hors_intersection,pas_de_croisement_proche,4,50.0
2020,En agglomération,cycleway,EDPM,h2_avec_vl,hors_intersection,non_evalue,0,0.0
2020,En agglomération,cycleway,EDPM,h2_avec_vl,inconnue,croisement_proche,0,0.0
2020,En agglomération,cycleway,EDPM,h2_avec_vl,inconnue,pas_de_croisement_proche,0,0.0
2020,En agglomération,cycleway,EDPM,h2_avec_vl,inconnue,non_evalue,0,0.0
2021,En agglomération,cycleway,VELO,h2_avec_vl,intersection,croisement_proche,48,52.17
2021,En agglomération,cycleway,VELO,h2_avec_vl,intersection,pas_de_croisement_proche,18,19.57
2021,En agglomération,cycleway,VELO,h2_avec_vl,intersection,non_evalue,0,0.0
2021,En agglomération,cycleway,VELO,h2_avec_vl,hors_intersection,croisement_proche,12,13.04
2021,En agglomération,cycleway,VELO,h2_avec_vl,hors_intersection,pas_de_croisement_proche,14,15.22
2021,En agglomération,cycleway,VELO,h2_avec_vl,hors_intersection,non_evalue,0,0.0
2021,En agglomération,cycleway,VELO,h2_avec_vl,inconnue,croisement_proche,0,0.0
2021,En agglomération,cycleway,VELO,h2_avec_vl,inconnue,pas_de_croisement_proche,0,0.0
2021,En agglomération,cycleway,VELO,h2_avec_vl,inconnue,non_evalue,0,0.0
2021,Hors agglomération,cycleway,VELO,h2_avec_vl,intersection,croisement_proche,4,40.0
2021,Hors agglomération,cycleway,VELO,h2_avec_vl,intersection,pas_de_croisement_proche,3,30.0
2021,Hors agglomération,cycleway,VELO,h2_avec_vl,intersection,non_evalue,0,0.0
2021,Hors agglomération,cycleway,VELO,h2_avec_vl,hors_intersection,croisement_proche,1,10.0
2021,Hors agglomération,cycleway,VELO,h2_avec_vl,hors_intersection,pas_de_croisement_proche,2,20.0
2021,Hors agglomération,cycleway,VELO,h2_avec_vl,hors_intersection,non_evalue,0,0.0
2021,Hors agglomération,cycleway,VELO,h2_avec_vl,inconnue,croisement_proche,0,0.0
2021,Hors agglomération,cycleway,VELO,h2_avec_vl,inconnue,pas_de_croisement_proche,0,0.0
2021,Hors agglomération,cycleway,VELO,h2_avec_vl,inconnue,non_evalue,0,0.0
2021,En agglomération,cycleway,VAE,h2_avec_vl,intersection,croisement_proche,2,50.0
2021,En agglomération,cycleway,VAE,h2_avec_vl,intersection,pas_de_croisement_proche,1,25.0
2021,En agglomération,cycleway,VAE,h2_avec_vl,intersection,non_evalue,0,0.0
2021,En agglomération,cycleway,VAE,h2_avec_vl,hors_intersection,croisement_proche,0,0.0
2021,En agglomération,cycleway,VAE,h2_avec_vl,hors_intersection,pas_de_croisement_proche,1,25.0
2021,En agglomération,cycleway,VAE,h2_avec_vl,hors_intersection,non_evalue,0,0.0
2021,En agglomération,cycleway,VAE,h2_avec_vl,inconnue,croisement_proche,0,0.0
2021,En agglomération,cycleway,VAE,h2_avec_vl,inconnue,pas_de_croisement_proche,0,0.0
2021,En agglomération,cycleway,VAE,h2_avec_vl,inconnue,non_evalue,0,0.0
2021,En agglomération,cycleway,EDPM,h2_avec_vl,intersection,croisement_proche,13,56.52
2021,En agglomération,cycleway,EDPM,h2_avec_vl,intersection,pas_de_croisement_proche,1,4.35
2021,En agglomération,cycleway,EDPM,h2_avec_vl,intersection,non_evalue,0,0.0
2021,En agglomération,cycleway,EDPM,h2_avec_vl,hors_intersection,croisement_proche,2,8.7
2021,En agglomération,cycleway,EDPM,h2_avec_vl,hors_intersection,pas_de_croisement_proche,7,30.43
2021,En agglomération,cycleway,EDPM,h2_avec_vl,hors_intersection,non_evalue,0,0.0
2021,En agglomération,cycleway,EDPM,h2_avec_vl,inconnue,croisement_proche,0,0.0
2021,En agglomération,cycleway,EDPM,h2_avec_vl,inconnue,pas_de_croisement_proche,0,0.0
2021,En agglomération,cycleway,EDPM,h2_avec_vl,inconnue,non_evalue,0,0.0
2022,En agglomération,cycleway,VELO,h2_avec_vl,intersection,croisement_proche,33,44.0
2022,En agglomération,cycleway,VELO,h2_avec_vl,intersection,pas_de_croisement_proche,12,16.0
2022,En agglomération,cycleway,VELO,h2_avec_vl,intersection,non_evalue,0,0.0
2022,En agglomération,cycleway,VELO,h2_avec_vl,hors_intersection,croisement_proche,10,13.33
2022,En agglomération,cycleway,VELO,h2_avec_vl,hors_intersection,pas_de_croisement_proche,20,26.67
2022,En agglomération,cycleway,VELO,h2_avec_vl,hors_intersection,non_evalue,0,0.0
2022,En agglomération,cycleway,VELO,h2_avec_vl,inconnue,croisement_proche,0,0.0
2022,En agglomération,cycleway,VELO,h2_avec_vl,inconnue,pas_de_croisement_proche,0,0.0
2022,En agglomération,cycleway,VELO,h2_avec_vl,inconnue,non_evalue,0,0.0
2022,Hors agglomération,cycleway,VELO,h2_avec_vl,intersection,croisement_proche,2,33.33
2022,Hors agglomération,cycleway,VELO,h2_avec_vl,intersection,pas_de_croisement_proche,0,0.0
2022,Hors agglomération,cycleway,VELO,h2_avec_vl,intersection,non_evalue,0,0.0
2022,Hors agglomération,cycleway,VELO,h2_avec_vl,hors_intersection,croisement_proche,1,16.67
2022,Hors agglomération,cycleway,VELO,h2_avec_vl,hors_intersection,pas_de_croisement_proche,3,50.0
2022,Hors agglomération,cycleway,VELO,h2_avec_vl,hors_intersection,non_evalue,0,0.0
2022,Hors agglomération,cycleway,VELO,h2_avec_vl,inconnue,croisement_proche,0,0.0
2022,Hors agglomération,cycleway,VELO,h2_avec_vl,inconnue,pas_de_croisement_proche,0,0.0
2022,Hors agglomération,cycleway,VELO,h2_avec_vl,inconnue,non_evalue,0,0.0
2022,En agglomération,cycleway,VAE,h2_avec_vl,intersection,croisement_proche,3,27.27
2022,En agglomération,cycleway,VAE,h2_avec_vl,intersection,pas_de_croisement_proche,1,9.09
2022,En agglomération,cycleway,VAE,h2_avec_vl,intersection,non_evalue,0,0.0
2022,En agglomération,cycleway,VAE,h2_avec_vl,hors_intersection,croisement_proche,1,9.09
2022,En agglomération,cycleway,VAE,h2_avec_vl,hors_intersection,pas_de_croisement_proche,6,54.55
2022,En agglomération,cycleway,VAE,h2_avec_vl,hors_intersection,non_evalue,0,0.0
2022,En agglomération,cycleway,VAE,h2_avec_vl,inconnue,croisement_proche,0,0.0
2022,En agglomération,cycleway,VAE,h2_avec_vl,inconnue,pas_de_croisement_proche,0,0.0
2022,En agglomération,cycleway,VAE,h2_avec_vl,inconnue,non_evalue,0,0.0
2022,Hors agglomération,cycleway,VAE,h2_avec_vl,intersection,croisement_proche,1,100.0
2022,Hors agglomération,cycleway,VAE,h2_avec_vl,intersection,pas_de_croisement_proche,0,0.0
2022,Hors agglomération,cycleway,VAE,h2_avec_vl,intersection,non_evalue,0,0.0
2022,Hors agglomération,cycleway,VAE,h2_avec_vl,hors_intersection,croisement_proche,0,0.0
2022,Hors agglomération,cycleway,VAE,h2_avec_vl,hors_intersection,pas_de_croisement_proche,0,0.0
2022,Hors agglomération,cycleway,VAE,h2_avec_vl,hors_intersection,non_evalue,0,0.0
2022,Hors agglomération,cycleway,VAE,h2_avec_vl,inconnue,croisement_proche,0,0.0
2022,Hors agglomération,cycleway,VAE,h2_avec_vl,inconnue,pas_de_croisement_proche,0,0.0
2022,Hors agglomération,cycleway,VAE,h2_avec_vl,inconnue,non_evalue,0,0.0
2022,En agglomération,cycleway,EDPM,h2_avec_vl,intersection,croisement_proche,12,34.29
2022,En agglomération,cycleway,EDPM,h2_avec_vl,intersection,pas_de_croisement_proche,9,25.71
2022,En agglomération,cycleway,EDPM,h2_avec_vl,intersection,non_evalue,0,0.0
2022,En agglomération,cycleway,EDPM,h2_avec_vl,hors_intersection,croisement_proche,5,14.29
2022,En agglomération,cycleway,EDPM,h2_avec_vl,hors_intersection,pas_de_croisement_proche,9,25.71
2022,En agglomération,cycleway,EDPM,h2_avec_vl,hors_intersection,non_evalue,0,0.0
2022,En agglomération,cycleway,EDPM,h2_avec_vl,inconnue,croisement_proche,0,0.0
2022,En agglomération,cycleway,EDPM,h2_avec_vl,inconnue,pas_de_croisement_proche,0,0.0
2022,En agglomération,cycleway,EDPM,h2_avec_vl,inconnue,non_evalue,0,0.0
2022,Hors agglomération,cycleway,EDPM,h2_avec_vl,intersection,croisement_proche,0,0.0
2022,Hors agglomération,cycleway,EDPM,h2_avec_vl,intersection,pas_de_croisement_proche,0,0.0
2022,Hors agglomération,cycleway,EDPM,h2_avec_vl,intersection,non_evalue,0,0.0
2022,Hors agglomération,cycleway,EDPM,h2_avec_vl,hors_intersection,croisement_proche,0,0.0
2022,Hors agglomération,cycleway,EDPM,h2_avec_vl,hors_intersection,pas_de_croisement_proche,1,100.0
2022,Hors agglomération,cycleway,EDPM,h2_avec_vl,hors_intersection,non_evalue,0,0.0
2022,Hors agglomération,cycleway,EDPM,h2_avec_vl,inconnue,croisement_proche,0,0.0
2022,Hors agglomération,cycleway,EDPM,h2_avec_vl,inconnue,pas_de_croisement_proche,0,0.0
2022,Hors agglomération,cycleway,EDPM,h2_avec_vl,inconnue,non_evalue,0,0.0
2023,En agglomération,cycleway,VELO,h2_avec_vl,intersection,croisement_proche,46,51.11
2023,En agglomération,cycleway,VELO,h2_avec_vl,intersection,pas_de_croisement_proche,18,20.0
2023,En agglomération,cycleway,VELO,h2_avec_vl,intersection,non_evalue,0,0.0
2023,En agglomération,cycleway,VELO,h2_avec_vl,hors_intersection,croisement_proche,8,8.89
2023,En agglomération,cycleway,VELO,h2_avec_vl,hors_intersection,pas_de_croisement_proche,18,20.0
2023,En agglomération,cycleway,VELO,h2_avec_vl,hors_intersection,non_evalue,0,0.0
2023,En agglomération,cycleway,VELO,h2_avec_vl,inconnue,croisement_proche,0,0.0
2023,En agglomération,cycleway,VELO,h2_avec_vl,inconnue,pas_de_croisement_proche,0,0.0
2023,En agglomération,cycleway,VELO,h2_avec_vl,inconnue,non_evalue,0,0.0
2023,Hors agglomération,cycleway,VELO,h2_avec_vl,intersection,croisement_proche,3,75.0
2023,Hors agglomération,cycleway,VELO,h2_avec_vl,intersection,pas_de_croisement_proche,1,25.0
2023,Hors agglomération,cycleway,VELO,h2_avec_vl,intersection,non_evalue,0,0.0
2023,Hors agglomération,cycleway,VELO,h2_avec_vl,hors_intersection,croisement_proche,0,0.0
2023,Hors agglomération,cycleway,VELO,h2_avec_vl,hors_intersection,pas_de_croisement_proche,0,0.0
2023,Hors agglomération,cycleway,VELO,h2_avec_vl,hors_intersection,non_evalue,0,0.0
2023,Hors agglomération,cycleway,VELO,h2_avec_vl,inconnue,croisement_proche,0,0.0
2023,Hors agglomération,cycleway,VELO,h2_avec_vl,inconnue,pas_de_croisement_proche,0,0.0
2023,Hors agglomération,cycleway,VELO,h2_avec_vl,inconnue,non_evalue,0,0.0
2023,En agglomération,cycleway,VAE,h2_avec_vl,intersection,croisement_proche,9,56.25
2023,En agglomération,cycleway,VAE,h2_avec_vl,intersection,pas_de_croisement_proche,3,18.75
2023,En agglomération,cycleway,VAE,h2_avec_vl,intersection,non_evalue,0,0.0
2023,En agglomération,cycleway,VAE,h2_avec_vl,hors_intersection,croisement_proche,0,0.0
2023,En agglomération,cycleway,VAE,h2_avec_vl,hors_intersection,pas_de_croisement_proche,4,25.0
2023,En agglomération,cycleway,VAE,h2_avec_vl,hors_intersection,non_evalue,0,0.0
2023,En agglomération,cycleway,VAE,h2_avec_vl,inconnue,croisement_proche,0,0.0
2023,En agglomération,cycleway,VAE,h2_avec_vl,inconnue,pas_de_croisement_proche,0,0.0
2023,En agglomération,cycleway,VAE,h2_avec_vl,inconnue,non_evalue,0,0.0
2023,Hors agglomération,cycleway,VAE,h2_avec_vl,intersection,croisement_proche,2,100.0
2023,Hors agglomération,cycleway,VAE,h2_avec_vl,intersection,pas_de_croisement_proche,0,0.0
2023,Hors agglomération,cycleway,VAE,h2_avec_vl,intersection,non_evalue,0,0.0
2023,Hors agglomération,cycleway,VAE,h2_avec_vl,hors_intersection,croisement_proche,0,0.0
2023,Hors agglomération,cycleway,VAE,h2_avec_vl,hors_intersection,pas_de_croisement_proche,0,0.0
2023,Hors agglomération,cycleway,VAE,h2_avec_vl,hors_intersection,non_evalue,0,0.0
2023,Hors agglomération,cycleway,VAE,h2_avec_vl,inconnue,croisement_proche,0,0.0
2023,Hors agglomération,cycleway,VAE,h2_avec_vl,inconnue,pas_de_croisement_proche,0,0.0
2023,Hors agglomération,cycleway,VAE,h2_avec_vl,inconnue,non_evalue,0,0.0
2023,En agglomération,cycleway,EDPM,h2_avec_vl,intersection,croisement_proche,17,42.5
2023,En agglomération,cycleway,EDPM,h2_avec_vl,intersection,pas_de_croisement_proche,8,20.0
2023,En agglomération,cycleway,EDPM,h2_avec_vl,intersection,non_evalue,0,0.0
2023,En agglomération,cycleway,EDPM,h2_avec_vl,hors_intersection,croisement_proche,9,22.5
2023,En agglomération,cycleway,EDPM,h2_avec_vl,hors_intersection,pas_de_croisement_proche,6,15.0
2023,En agglomération,cycleway,EDPM,h2_avec_vl,hors_intersection,non_evalue,0,0.0
2023,En agglomération,cycleway,EDPM,h2_avec_vl,inconnue,croisement_proche,0,0.0
2023,En agglomération,cycleway,EDPM,h2_avec_vl,inconnue,pas_de_croisement_proche,0,0.0
2023,En agglomération,cycleway,EDPM,h2_avec_vl,inconnue,non_evalue,0,0.0
2023,Hors agglomération,cycleway,EDPM,h2_avec_vl,intersection,croisement_proche,0,0.0
2023,Hors agglomération,cycleway,EDPM,h2_avec_vl,intersection,pas_de_croisement_proche,0,0.0
2023,Hors agglomération,cycleway,EDPM,h2_avec_vl,intersection,non_evalue,0,0.0
2023,Hors agglomération,cycleway,EDPM,h2_avec_vl,hors_intersection,croisement_proche,1,100.0
2023,Hors agglomération,cycleway,EDPM,h2_avec_vl,hors_intersection,pas_de_croisement_proche,0,0.0
2023,Hors agglomération,cycleway,EDPM,h2_avec_vl,hors_intersection,non_evalue,0,0.0
2023,Hors agglomération,cycleway,EDPM,h2_avec_vl,inconnue,croisement_proche,0,0.0
2023,Hors agglomération,cycleway,EDPM,h2_avec_vl,inconnue,pas_de_croisement_proche,0,0.0
2023,Hors agglomération,cycleway,EDPM,h2_avec_vl,inconnue,non_evalue,0,0.0
2024,En agglomération,cycleway,VELO,h2_avec_vl,intersection,croisement_proche,36,48.0
2024,En agglomération,cycleway,VELO,h2_avec_vl,intersection,pas_de_croisement_proche,16,21.33
2024,En agglomération,cycleway,VELO,h2_avec_vl,intersection,non_evalue,0,0.0
2024,En agglomération,cycleway,VELO,h2_avec_vl,hors_intersection,croisement_proche,7,9.33
2024,En agglomération,cycleway,VELO,h2_avec_vl,hors_intersection,pas_de_croisement_proche,16,21.33
2024,En agglomération,cycleway,VELO,h2_avec_vl,hors_intersection,non_evalue,0,0.0
2024,En agglomération,cycleway,VELO,h2_avec_vl,inconnue,croisement_proche,0,0.0
2024,En agglomération,cycleway,VELO,h2_avec_vl,inconnue,pas_de_croisement_proche,0,0.0
2024,En agglomération,cycleway,VELO,h2_avec_vl,inconnue,non_evalue,0,0.0
2024,Hors agglomération,cycleway,VELO,h2_avec_vl,intersection,croisement_proche,2,50.0
2024,Hors agglomération,cycleway,VELO,h2_avec_vl,intersection,pas_de_croisement_proche,0,0.0
2024,Hors agglomération,cycleway,VELO,h2_avec_vl,intersection,non_evalue,0,0.0
2024,Hors agglomération,cycleway,VELO,h2_avec_vl,hors_intersection,croisement_proche,1,25.0
2024,Hors agglomération,cycleway,VELO,h2_avec_vl,hors_intersection,pas_de_croisement_proche,1,25.0
2024,Hors agglomération,cycleway,VELO,h2_avec_vl,hors_intersection,non_evalue,0,0.0
2024,Hors agglomération,cycleway,VELO,h2_avec_vl,inconnue,croisement_proche,0,0.0
2024,Hors agglomération,cycleway,VELO,h2_avec_vl,inconnue,pas_de_croisement_proche,0,0.0
2024,Hors agglomération,cycleway,VELO,h2_avec_vl,inconnue,non_evalue,0,0.0
2024,En agglomération,cycleway,VAE,h2_avec_vl,intersection,croisement_proche,8,57.14
2024,En agglomération,cycleway,VAE,h2_avec_vl,intersection,pas_de_croisement_proche,3,21.43
2024,En agglomération,cycleway,VAE,h2_avec_vl,intersection,non_evalue,0,0.0
2024,En agglomération,cycleway,VAE,h2_avec_vl,hors_intersection,croisement_proche,2,14.29
2024,En agglomération,cycleway,VAE,h2_avec_vl,hors_intersection,pas_de_croisement_proche,1,7.14
2024,En agglomération,cycleway,VAE,h2_avec_vl,hors_intersection,non_evalue,0,0.0
2024,En agglomération,cycleway,VAE,h2_avec_vl,inconnue,croisement_proche,0,0.0
2024,En agglomération,cycleway,VAE,h2_avec_vl,inconnue,pas_de_croisement_proche,0,0.0
2024,En agglomération,cycleway,VAE,h2_avec_vl,inconnue,non_evalue,0,0.0
2024,Hors agglomération,cycleway,VAE,h2_avec_vl,intersection,croisement_proche,0,0.0
2024,Hors agglomération,cycleway,VAE,h2_avec_vl,intersection,pas_de_croisement_proche,0,0.0
2024,Hors agglomération,cycleway,VAE,h2_avec_vl,intersection,non_evalue,0,0.0
2024,Hors agglomération,cycleway,VAE,h2_avec_vl,hors_intersection,croisement_proche,0,0.0
2024,Hors agglomération,cycleway,VAE,h2_avec_vl,hors_intersection,pas_de_croisement_proche,1,100.0
2024,Hors agglomération,cycleway,VAE,h2_avec_vl,hors_intersection,non_evalue,0,0.0
2024,Hors agglomération,cycleway,VAE,h2_avec_vl,inconnue,croisement_proche,0,0.0
2024,Hors agglomération,cycleway,VAE,h2_avec_vl,inconnue,pas_de_croisement_proche,0,0.0
2024,Hors agglomération,cycleway,VAE,h2_avec_vl,inconnue,non_evalue,0,0.0
2024,En agglomération,cycleway,EDPM,h2_avec_vl,intersection,croisement_proche,29,46.03
2024,En agglomération,cycleway,EDPM,h2_avec_vl,intersection,pas_de_croisement_proche,11,17.46
2024,En agglomération,cycleway,EDPM,h2_avec_vl,intersection,non_evalue,0,0.0
2024,En agglomération,cycleway,EDPM,h2_avec_vl,hors_intersection,croisement_proche,9,14.29
2024,En agglomération,cycleway,EDPM,h2_avec_vl,hors_intersection,pas_de_croisement_proche,14,22.22
2024,En agglomération,cycleway,EDPM,h2_avec_vl,hors_intersection,non_evalue,0,0.0
2024,En agglomération,cycleway,EDPM,h2_avec_vl,inconnue,croisement_proche,0,0.0
2024,En agglomération,cycleway,EDPM,h2_avec_vl,inconnue,pas_de_croisement_proche,0,0.0
2024,En agglomération,cycleway,EDPM,h2_avec_vl,inconnue,non_evalue,0,0.0
2024,Hors agglomération,cycleway,EDPM,h2_avec_vl,intersection,croisement_proche,0,0.0
2024,Hors agglomération,cycleway,EDPM,h2_avec_vl,intersection,pas_de_croisement_proche,0,0.0
2024,Hors agglomération,cycleway,EDPM,h2_avec_vl,intersection,non_evalue,0,0.0
2024,Hors agglomération,cycleway,EDPM,h2_avec_vl,hors_intersection,croisement_proche,2,100.0
2024,Hors agglomération,cycleway,EDPM,h2_avec_vl,hors_intersection,pas_de_croisement_proche,0,0.0
2024,Hors agglomération,cycleway,EDPM,h2_avec_vl,hors_intersection,non_evalue,0,0.0
2024,Hors agglomération,cycleway,EDPM,h2_avec_vl,inconnue,croisement_proche,0,0.0
2024,Hors agglomération,cycleway,EDPM,h2_avec_vl,inconnue,pas_de_croisement_proche,0,0.0
2024,Hors agglomération,cycleway,EDPM,h2_avec_vl,inconnue,non_evalue,0,0.0
