annee,zone,highway,mode,accidents,voies_osm_retrouvees,classe_osm_divergente,tiers_motorise,tiers_vl,cible_h2,cible_h5_edpm,cible_h5_cyclo,intersection_baac,intersection_baac_renseignee,h2_intersection,h2_hors_intersection,h2_intersection_inconnue,h2_vl,h2_vl_intersection,h2_vl_hors_intersection,h2_vl_intersection_inconnue,h2_bande_ou_piste_tag_osm,h2_croisement_osm_proche,h2_voies_motorisees_voisines,h2_contexte_non_evalue,part_h2_intersection_parmi_renseignes_pct,part_h2_vl_intersection_parmi_renseignes_pct
2019,En agglomération,cycleway,CYCLO,27,27,0,23,18,0,0,27,7,27,0,0,0,0,0,0,0,0,0,0,0,,
2019,En agglomération,cycleway,EDPM,21,21,0,12,7,12,0,0,13,21,7,5,0,7,4,3,0,1,8,12,0,58.33,57.14
2019,En agglomération,cycleway,VAE,12,12,0,8,8,8,0,0,7,12,6,2,0,8,6,2,0,0,5,8,0,75.0,75.0
2019,En agglomération,cycleway,VELO,162,162,0,123,91,123,0,0,65,162,58,65,0,91,46,45,0,19,66,121,0,47.15,50.55
2019,En agglomération,living_street,CYCLO,9,9,0,5,5,0,0,0,5,9,0,0,0,0,0,0,0,0,0,0,0,,
2019,En agglomération,living_street,EDPM,8,8,0,6,5,0,0,0,7,8,0,0,0,0,0,0,0,0,0,0,0,,
2019,En agglomération,living_street,VAE,2,2,0,2,2,0,0,0,2,2,0,0,0,0,0,0,0,0,0,0,0,,
2019,En agglomération,living_street,VELO,32,32,0,19,16,0,0,0,17,32,0,0,0,0,0,0,0,0,0,0,0,,
2019,En agglomération,motorway,CYCLO,2,2,0,1,0,0,0,0,0,2,0,0,0,0,0,0,0,0,0,0,0,,
2019,En agglomération,motorway,VELO,2,2,0,1,1,0,0,0,1,2,0,0,0,0,0,0,0,0,0,0,0,,
2019,En agglomération,primary,CYCLO,522,522,0,443,375,0,0,0,238,522,0,0,0,0,0,0,0,0,0,0,0,,
2019,En agglomération,primary,EDPM,128,128,0,82,62,0,0,0,72,128,0,0,0,0,0,0,0,0,0,0,0,,
2019,En agglomération,primary,VAE,51,51,0,40,28,0,0,0,30,51,0,0,0,0,0,0,0,0,0,0,0,,
2019,En agglomération,primary,VELO,707,707,0,596,437,0,0,0,358,707,0,0,0,0,0,0,0,0,0,0,0,,
2019,En agglomération,residential,CYCLO,745,745,0,575,501,0,0,0,428,745,0,0,0,0,0,0,0,0,0,0,0,,
2019,En agglomération,residential,EDPM,189,189,0,130,103,0,0,0,126,189,0,0,0,0,0,0,0,0,0,0,0,,
2019,En agglomération,residential,VAE,53,53,0,41,30,0,0,0,30,53,0,0,0,0,0,0,0,0,0,0,0,,
2019,En agglomération,residential,VELO,1129,1129,0,910,713,0,0,0,660,1129,0,0,0,0,0,0,0,0,0,0,0,,
2019,En agglomération,secondary,CYCLO,682,682,0,546,466,0,0,0,304,682,0,0,0,0,0,0,0,0,0,0,0,,
2019,En agglomération,secondary,EDPM,125,125,0,94,68,0,0,0,67,125,0,0,0,0,0,0,0,0,0,0,0,,
2019,En agglomération,secondary,VAE,38,38,0,30,22,0,0,0,21,38,0,0,0,0,0,0,0,0,0,0,0,,
2019,En agglomération,secondary,VELO,910,910,0,777,591,0,0,0,437,910,0,0,0,0,0,0,0,0,0,0,0,,
2019,En agglomération,service,CYCLO,97,97,0,71,58,0,0,0,33,97,0,0,0,0,0,0,0,0,0,0,0,,
2019,En agglomération,service,EDPM,28,28,0,16,12,0,0,0,14,28,0,0,0,0,0,0,0,0,0,0,0,,
2019,En agglomération,service,VAE,7,7,0,5,3,0,0,0,2,7,0,0,0,0,0,0,0,0,0,0,0,,
2019,En agglomération,service,VELO,164,164,0,135,111,0,0,0,69,164,0,0,0,0,0,0,0,0,0,0,0,,
2019,En agglomération,tertiary,CYCLO,505,505,0,390,334,0,0,0,245,505,0,0,0,0,0,0,0,0,0,0,0,,
2019,En agglomération,tertiary,EDPM,88,88,0,64,49,0,0,0,54,88,0,0,0,0,0,0,0,0,0,0,0,,
2019,En agglomération,tertiary,VAE,34,34,0,23,16,0,0,0,22,34,0,0,0,0,0,0,0,0,0,0,0,,
2019,En agglomération,tertiary,VELO,654,654,0,553,451,0,0,0,341,654,0,0,0,0,0,0,0,0,0,0,0,,
2019,En agglomération,track,CYCLO,6,6,0,3,3,0,0,0,2,6,0,0,0,0,0,0,0,0,0,0,0,,
2019,En agglomération,track,VELO,9,9,0,6,5,0,0,0,5,9,0,0,0,0,0,0,0,0,0,0,0,,
2019,En agglomération,trunk,CYCLO,8,8,0,8,8,0,0,0,1,8,0,0,0,0,0,0,0,0,0,0,0,,
2019,En agglomération,trunk,EDPM,1,1,0,1,1,0,0,0,1,1,0,0,0,0,0,0,0,0,0,0,0,,
2019,En agglomération,trunk,VELO,6,6,0,6,6,0,0,0,4,6,0,0,0,0,0,0,0,0,0,0,0,,
2019,En agglomération,unclassified,CYCLO,177,177,0,136,113,0,0,0,92,177,0,0,0,0,0,0,0,0,0,0,0,,
2019,En agglomération,unclassified,EDPM,35,35,0,23,19,0,0,0,17,35,0,0,0,0,0,0,0,0,0,0,0,,
2019,En agglomération,unclassified,VAE,20,20,0,19,19,0,0,0,12,20,0,0,0,0,0,0,0,0,0,0,0,,
2019,En agglomération,unclassified,VELO,252,252,0,202,165,0,0,0,137,252,0,0,0,0,0,0,0,0,0,0,0,,
2019,En agglomération,,CYCLO,5,0,0,4,3,0,0,0,0,5,0,0,0,0,0,0,0,0,0,0,0,,
2019,En agglomération,,VELO,6,0,0,5,5,0,0,0,3,6,0,0,0,0,0,0,0,0,0,0,0,,
2019,Hors agglomération,cycleway,CYCLO,7,7,0,6,5,0,0,7,3,7,0,0,0,0,0,0,0,0,0,0,0,,
2019,Hors agglomération,cycleway,EDPM,2,2,0,0,0,0,0,0,0,2,0,0,0,0,0,0,0,0,0,0,0,,
2019,Hors agglomération,cycleway,VAE,1,1,0,0,0,0,0,0,1,1,0,0,0,0,0,0,0,0,0,0,0,,
2019,Hors agglomération,cycleway,VELO,17,17,0,10,8,10,0,0,8,17,7,3,0,8,6,2,0,1,5,9,0,70.0,75.0
2019,Hors agglomération,living_street,CYCLO,1,1,0,0,0,0,0,0,1,1,0,0,0,0,0,0,0,0,0,0,0,,
2019,Hors agglomération,motorway,CYCLO,13,13,0,6,4,0,0,0,0,13,0,0,0,0,0,0,0,0,0,0,0,,
2019,Hors agglomération,motorway,VELO,1,1,0,1,1,0,0,0,0,1,0,0,0,0,0,0,0,0,0,0,0,,
2019,Hors agglomération,primary,CYCLO,182,182,0,133,116,0,0,0,56,182,0,0,0,0,0,0,0,0,0,0,0,,
2019,Hors agglomération,primary,EDPM,1,1,0,1,0,0,1,0,1,1,0,0,0,0,0,0,0,0,0,0,0,,
2019,Hors agglomération,primary,VAE,9,9,0,9,5,0,0,0,2,9,0,0,0,0,0,0,0,0,0,0,0,,
2019,Hors agglomération,primary,VELO,162,162,0,148,105,0,0,0,49,162,0,0,0,0,0,0,0,0,0,0,0,,
2019,Hors agglomération,residential,CYCLO,58,58,0,39,39,0,0,0,25,58,0,0,0,0,0,0,0,0,0,0,0,,
2019,Hors agglomération,residential,VAE,3,3,0,2,2,0,0,0,1,3,0,0,0,0,0,0,0,0,0,0,0,,
2019,Hors agglomération,residential,VELO,41,41,0,32,25,0,0,0,15,41,0,0,0,0,0,0,0,0,0,0,0,,
2019,Hors agglomération,secondary,CYCLO,191,191,0,123,102,0,0,0,69,191,0,0,0,0,0,0,0,0,0,0,0,,
2019,Hors agglomération,secondary,EDPM,1,1,0,0,0,0,1,0,1,1,0,0,0,0,0,0,0,0,0,0,0,,
2019,Hors agglomération,secondary,VAE,9,9,0,6,4,0,0,0,0,9,0,0,0,0,0,0,0,0,0,0,0,,
2019,Hors agglomération,secondary,VELO,257,257,0,211,165,0,0,0,61,257,0,0,0,0,0,0,0,0,0,0,0,,
2019,Hors agglomération,service,CYCLO,10,10,0,9,9,0,0,0,2,10,0,0,0,0,0,0,0,0,0,0,0,,
2019,Hors agglomération,service,VAE,1,1,0,0,0,0,0,0,0,1,0,0,0,0,0,0,0,0,0,0,0,,
2019,Hors agglomération,service,VELO,16,16,0,13,13,0,0,0,6,16,0,0,0,0,0,0,0,0,0,0,0,,
2019,Hors agglomération,tertiary,CYCLO,210,210,0,119,93,0,0,0,60,210,0,0,0,0,0,0,0,0,0,0,0,,
2019,Hors agglomération,tertiary,EDPM,2,2,0,1,1,0,2,0,1,2,0,0,0,0,0,0,0,0,0,0,0,,
2019,Hors agglomération,tertiary,VAE,5,5,0,2,2,0,0,0,1,5,0,0,0,0,0,0,0,0,0,0,0,,
2019,Hors agglomération,tertiary,VELO,189,189,0,146,120,0,0,0,64,189,0,0,0,0,0,0,0,0,0,0,0,,
2019,Hors agglomération,track,CYCLO,13,13,0,7,5,0,0,0,3,13,0,0,0,0,0,0,0,0,0,0,0,,
2019,Hors agglomération,track,VAE,1,1,0,0,0,0,0,0,0,1,0,0,0,0,0,0,0,0,0,0,0,,
2019,Hors agglomération,track,VELO,14,14,0,10,8,0,0,0,5,14,0,0,0,0,0,0,0,0,0,0,0,,
2019,Hors agglomération,trunk,CYCLO,22,22,0,19,18,0,0,0,1,22,0,0,0,0,0,0,0,0,0,0,0,,
2019,Hors agglomération,trunk,EDPM,1,1,0,1,0,0,1,0,0,1,0,0,0,0,0,0,0,0,0,0,0,,
2019,Hors agglomération,trunk,VELO,9,9,0,9,4,0,0,0,0,9,0,0,0,0,0,0,0,0,0,0,0,,
2019,Hors agglomération,unclassified,CYCLO,119,119,0,74,61,0,0,0,37,119,0,0,0,0,0,0,0,0,0,0,0,,
2019,Hors agglomération,unclassified,EDPM,1,1,0,1,1,0,1,0,1,1,0,0,0,0,0,0,0,0,0,0,0,,
2019,Hors agglomération,unclassified,VAE,5,5,0,2,2,0,0,0,3,5,0,0,0,0,0,0,0,0,0,0,0,,
2019,Hors agglomération,unclassified,VELO,77,77,0,62,49,0,0,0,36,77,0,0,0,0,0,0,0,0,0,0,0,,
2019,Hors agglomération,,CYCLO,5,0,0,5,4,0,0,0,0,5,0,0,0,0,0,0,0,0,0,0,0,,
2019,Hors agglomération,,EDPM,1,0,0,1,1,0,0,0,0,1,0,0,0,0,0,0,0,0,0,0,0,,
2019,Hors agglomération,,VELO,3,0,0,1,1,0,0,0,0,3,0,0,0,0,0,0,0,0,0,0,0,,
2020,En agglomération,cycleway,CYCLO,23,23,0,11,9,0,0,23,6,23,0,0,0,0,0,0,0,0,0,0,0,,
2020,En agglomération,cycleway,EDPM,22,22,0,12,8,12,0,0,10,22,7,5,0,8,4,4,0,4,6,12,0,58.33,50.0
2020,En agglomération,cycleway,VAE,14,14,0,5,4,5,0,0,8,14,4,1,0,4,4,0,0,0,5,5,0,80.0,100.0
2020,En agglomération,cycleway,VELO,148,148,0,94,69,94,0,0,70,148,49,45,0,69,36,33,0,19,50,94,0,52.13,52.17
2020,En agglomération,living_street,CYCLO,8,8,0,4,3,0,0,0,6,8,0,0,0,0,0,0,0,0,0,0,0,,
2020,En agglomération,living_street,EDPM,8,8,0,3,2,0,0,0,5,8,0,0,0,0,0,0,0,0,0,0,0,,
2020,En agglomération,living_street,VAE,1,1,0,1,0,0,0,0,1,1,0,0,0,0,0,0,0,0,0,0,0,,
2020,En agglomération,living_street,VELO,32,32,0,25,20,0,0,0,18,32,0,0,0,0,0,0,0,0,0,0,0,,
2020,En agglomération,motorway,CYCLO,2,2,0,1,1,0,0,0,1,2,0,0,0,0,0,0,0,0,0,0,0,,
2020,En agglomération,motorway,VELO,2,2,0,1,0,0,0,0,0,2,0,0,0,0,0,0,0,0,0,0,0,,
2020,En agglomération,primary,CYCLO,414,414,0,338,291,0,0,0,174,414,0,0,0,0,0,0,0,0,0,0,0,,
2020,En agglomération,primary,EDPM,198,198,0,122,87,0,0,0,112,198,0,0,0,0,0,0,0,0,0,0,0,,
2020,En agglomération,primary,VAE,54,54,0,32,26,0,0,0,29,54,0,0,0,0,0,0,0,0,0,0,0,,
2020,En agglomération,primary,VELO,800,800,0,612,432,0,0,0,457,800,0,0,0,0,0,0,0,0,0,0,0,,
2020,En agglomération,residential,CYCLO,609,609,0,450,391,0,0,0,343,609,0,0,0,0,0,0,0,0,0,0,0,,
2020,En agglomération,residential,EDPM,236,236,0,175,130,0,0,0,159,236,0,0,0,0,0,0,0,0,0,0,0,,
2020,En agglomération,residential,VAE,63,63,0,46,39,0,0,0,31,63,0,0,0,0,0,0,0,0,0,0,0,,
2020,En agglomération,residential,VELO,1058,1058,0,851,667,0,0,0,620,1058,0,0,0,0,0,0,0,0,0,0,0,,
2020,En agglomération,secondary,CYCLO,634,634,0,490,434,0,0,0,260,634,0,0,0,0,0,0,0,0,0,0,0,,
2020,En agglomération,secondary,EDPM,192,192,0,144,119,0,0,0,115,192,0,0,0,0,0,0,0,0,0,0,0,,
2020,En agglomération,secondary,VAE,70,70,0,44,36,0,0,0,35,70,0,0,0,0,0,0,0,0,0,0,0,,
2020,En agglomération,secondary,VELO,943,943,0,786,618,0,0,0,519,943,0,0,0,0,0,0,0,0,0,0,0,,
2020,En agglomération,service,CYCLO,67,67,0,52,45,0,0,0,22,67,0,0,0,0,0,0,0,0,0,0,0,,
2020,En agglomération,service,EDPM,41,41,0,28,21,0,0,0,16,41,0,0,0,0,0,0,0,0,0,0,0,,
2020,En agglomération,service,VAE,15,15,0,8,8,0,0,0,7,15,0,0,0,0,0,0,0,0,0,0,0,,
2020,En agglomération,service,VELO,162,162,0,112,92,0,0,0,66,162,0,0,0,0,0,0,0,0,0,0,0,,
2020,En agglomération,tertiary,CYCLO,462,462,0,359,299,0,0,0,220,462,0,0,0,0,0,0,0,0,0,0,0,,
2020,En agglomération,tertiary,EDPM,119,119,0,86,65,0,0,0,67,119,0,0,0,0,0,0,0,0,0,0,0,,
2020,En agglomération,tertiary,VAE,40,40,0,28,20,0,0,0,23,40,0,0,0,0,0,0,0,0,0,0,0,,
2020,En agglomération,tertiary,VELO,621,621,0,504,399,0,0,0,333,621,0,0,0,0,0,0,0,0,0,0,0,,
2020,En agglomération,track,CYCLO,12,12,0,8,6,0,0,0,4,12,0,0,0,0,0,0,0,0,0,0,0,,
2020,En agglomération,track,VELO,8,8,0,4,4,0,0,0,3,8,0,0,0,0,0,0,0,0,0,0,0,,
2020,En agglomération,trunk,CYCLO,10,10,0,9,7,0,0,0,4,10,0,0,0,0,0,0,0,0,0,0,0,,
2020,En agglomération,trunk,VELO,7,7,0,6,3,0,0,0,3,7,0,0,0,0,0,0,0,0,0,0,0,,
2020,En agglomération,unclassified,CYCLO,150,150,0,101,84,0,0,0,64,150,0,0,0,0,0,0,0,0,0,0,0,,
2020,En agglomération,unclassified,EDPM,46,46,0,24,15,0,0,0,27,46,0,0,0,0,0,0,0,0,0,0,0,,
2020,En agglomération,unclassified,VAE,14,14,0,9,8,0,0,0,7,14,0,0,0,0,0,0,0,0,0,0,0,,
2020,En agglomération,unclassified,VELO,217,217,0,170,133,0,0,0,135,217,0,0,0,0,0,0,0,0,0,0,0,,
2020,En agglomération,,CYCLO,3,0,0,2,2,0,0,0,2,3,0,0,0,0,0,0,0,0,0,0,0,,
2020,En agglomération,,VELO,3,0,0,2,2,0,0,0,2,3,0,0,0,0,0,0,0,0,0,0,0,,
2020,Hors agglomération,cycleway,CYCLO,6,6,0,3,2,0,0,6,3,6,0,0,0,0,0,0,0,0,0,0,0,,
2020,Hors agglomération,cycleway,VAE,5,5,0,2,2,2,0,0,1,5,1,1,0,2,1,1,0,0,2,2,0,50.0,50.0
2020,Hors agglomération,cycleway,VELO,21,21,0,10,8,10,0,0,5,21,5,5,0,8,5,3,0,0,4,9,0,50.0,62.5
2020,Hors agglomération,motorway,CYCLO,8,8,0,5,4,0,0,0,0,8,0,0,0,0,0,0,0,0,0,0,0,,
2020,Hors agglomération,motorway,VELO,3,3,0,3,2,0,0,0,0,3,0,0,0,0,0,0,0,0,0,0,0,,
2020,Hors agglomération,primary,CYCLO,176,176,0,132,115,0,0,0,61,176,0,0,0,0,0,0,0,0,0,0,0,,
2020,Hors agglomération,primary,EDPM,4,4,0,4,2,0,4,0,2,4,0,0,0,0,0,0,0,0,0,0,0,,
2020,Hors agglomération,primary,VAE,9,9,0,8,7,0,0,0,6,9,0,0,0,0,0,0,0,0,0,0,0,,
2020,Hors agglomération,primary,VELO,148,148,0,132,100,0,0,0,52,148,0,0,0,0,0,0,0,0,0,0,0,,
2020,Hors agglomération,residential,CYCLO,28,28,0,21,20,0,0,0,13,28,0,0,0,0,0,0,0,0,0,0,0,,
2020,Hors agglomération,residential,EDPM,1,1,0,1,1,0,1,0,1,1,0,0,0,0,0,0,0,0,0,0,0,,
2020,Hors agglomération,residential,VAE,1,1,0,1,1,0,0,0,1,1,0,0,0,0,0,0,0,0,0,0,0,,
2020,Hors agglomération,residential,VELO,32,32,0,27,15,0,0,0,14,32,0,0,0,0,0,0,0,0,0,0,0,,
2020,Hors agglomération,secondary,CYCLO,179,179,0,111,93,0,0,0,55,179,0,0,0,0,0,0,0,0,0,0,0,,
2020,Hors agglomération,secondary,EDPM,5,5,0,3,0,0,5,0,0,5,0,0,0,0,0,0,0,0,0,0,0,,
2020,Hors agglomération,secondary,VAE,14,14,0,11,9,0,0,0,4,14,0,0,0,0,0,0,0,0,0,0,0,,
2020,Hors agglomération,secondary,VELO,281,281,0,218,167,0,0,0,74,281,0,0,0,0,0,0,0,0,0,0,0,,
2020,Hors agglomération,service,CYCLO,8,8,0,7,6,0,0,0,1,8,0,0,0,0,0,0,0,0,0,0,0,,
2020,Hors agglomération,service,EDPM,2,2,0,2,1,0,2,0,0,2,0,0,0,0,0,0,0,0,0,0,0,,
2020,Hors agglomération,service,VELO,17,17,0,14,11,0,0,0,8,17,0,0,0,0,0,0,0,0,0,0,0,,
2020,Hors agglomération,tertiary,CYCLO,175,175,0,102,82,0,0,0,58,175,0,0,0,0,0,0,0,0,0,0,0,,
2020,Hors agglomération,tertiary,EDPM,3,3,0,2,2,0,3,0,0,3,0,0,0,0,0,0,0,0,0,0,0,,
2020,Hors agglomération,tertiary,VAE,17,17,0,8,7,0,0,0,6,17,0,0,0,0,0,0,0,0,0,0,0,,
2020,Hors agglomération,tertiary,VELO,181,181,0,131,99,0,0,0,58,181,0,0,0,0,0,0,0,0,0,0,0,,
2020,Hors agglomération,track,CYCLO,14,14,0,4,4,0,0,0,3,14,0,0,0,0,0,0,0,0,0,0,0,,
2020,Hors agglomération,track,VELO,9,9,0,4,4,0,0,0,1,9,0,0,0,0,0,0,0,0,0,0,0,,
2020,Hors agglomération,trunk,CYCLO,16,16,0,11,11,0,0,0,2,16,0,0,0,0,0,0,0,0,0,0,0,,
2020,Hors agglomération,trunk,VELO,5,5,0,5,4,0,0,0,2,5,0,0,0,0,0,0,0,0,0,0,0,,
2020,Hors agglomération,unclassified,CYCLO,130,130,0,79,67,0,0,0,54,130,0,0,0,0,0,0,0,0,0,0,0,,
2020,Hors agglomération,unclassified,EDPM,2,2,0,1,0,0,2,0,2,2,0,0,0,0,0,0,0,0,0,0,0,,
2020,Hors agglomération,unclassified,VAE,6,6,0,2,2,0,0,0,1,6,0,0,0,0,0,0,0,0,0,0,0,,
2020,Hors agglomération,unclassified,VELO,90,90,0,52,41,0,0,0,33,90,0,0,0,0,0,0,0,0,0,0,0,,
2020,Hors agglomération,,CYCLO,4,0,0,0,0,0,0,0,1,4,0,0,0,0,0,0,0,0,0,0,0,,
2020,Hors agglomération,,VELO,2,0,0,2,2,0,0,0,2,2,0,0,0,0,0,0,0,0,0,0,0,,
2021,En agglomération,cycleway,CYCLO,39,39,0,27,24,0,0,39,16,39,0,0,0,0,0,0,0,0,0,0,0,,
2021,En agglomération,cycleway,EDPM,60,60,0,29,23,29,0,0,37,60,19,10,0,23,14,9,0,10,20,29,0,65.52,60.87
2021,En agglomération,cycleway,VAE,19,19,0,6,4,6,0,0,11,19,5,1,0,4,3,1,0,0,3,5,0,83.33,75.0
2021,En agglomération,cycleway,VELO,192,192,0,123,92,123,0,0,110,192,80,43,0,92,66,26,0,15,72,122,0,65.04,71.74
2021,En agglomération,living_street,CYCLO,15,15,0,12,10,0,0,0,7,15,0,0,0,0,0,0,0,0,0,0,0,,
2021,En agglomération,living_street,EDPM,18,18,0,11,9,0,0,0,12,18,0,0,0,0,0,0,0,0,0,0,0,,
2021,En agglomération,living_street,VAE,4,4,0,2,1,0,0,0,3,4,0,0,0,0,0,0,0,0,0,0,0,,
2021,En agglomération,living_street,VELO,44,44,0,25,18,0,0,0,28,44,0,0,0,0,0,0,0,0,0,0,0,,
2021,En agglomération,motorway,CYCLO,1,1,0,1,1,0,0,0,0,1,0,0,0,0,0,0,0,0,0,0,0,,
2021,En agglomération,motorway,EDPM,2,2,0,0,0,0,0,0,2,2,0,0,0,0,0,0,0,0,0,0,0,,
2021,En agglomération,motorway,VELO,1,1,0,1,1,0,0,0,1,1,0,0,0,0,0,0,0,0,0,0,0,,
2021,En agglomération,primary,CYCLO,551,551,0,442,369,0,0,0,252,551,0,0,0,0,0,0,0,0,0,0,0,,
2021,En agglomération,primary,EDPM,275,275,0,186,136,0,0,0,150,275,0,0,0,0,0,0,0,0,0,0,0,,
2021,En agglomération,primary,VAE,101,101,0,79,52,0,0,0,58,101,0,0,0,0,0,0,0,0,0,0,0,,
2021,En agglomération,primary,VELO,801,801,0,612,423,0,0,0,467,801,0,0,0,0,0,0,0,0,0,0,0,,
2021,En agglomération,residential,CYCLO,719,719,0,552,473,0,0,0,413,719,0,0,0,0,0,0,0,0,0,0,0,,
2021,En agglomération,residential,EDPM,427,427,0,337,269,0,0,0,282,427,0,0,0,0,0,0,0,0,0,0,0,,
2021,En agglomération,residential,VAE,117,117,0,85,76,0,0,0,81,117,0,0,0,0,0,0,0,0,0,0,0,,
2021,En agglomération,residential,VELO,1173,1173,0,939,711,0,0,0,737,1173,0,0,0,0,0,0,0,0,0,0,0,,
2021,En agglomération,secondary,CYCLO,771,771,0,605,528,0,0,0,334,771,0,0,0,0,0,0,0,0,0,0,0,,
2021,En agglomération,secondary,EDPM,299,299,0,225,173,0,0,0,174,299,0,0,0,0,0,0,0,0,0,0,0,,
2021,En agglomération,secondary,VAE,98,98,0,79,54,0,0,0,55,98,0,0,0,0,0,0,0,0,0,0,0,,
2021,En agglomération,secondary,VELO,1005,1005,0,826,648,0,0,0,557,1005,0,0,0,0,0,0,0,0,0,0,0,,
2021,En agglomération,service,CYCLO,114,114,0,85,79,0,0,0,47,114,0,0,0,0,0,0,0,0,0,0,0,,
2021,En agglomération,service,EDPM,82,82,0,58,45,0,0,0,33,82,0,0,0,0,0,0,0,0,0,0,0,,
2021,En agglomération,service,VAE,23,23,0,13,8,0,0,0,10,23,0,0,0,0,0,0,0,0,0,0,0,,
2021,En agglomération,service,VELO,186,186,0,142,105,0,0,0,78,186,0,0,0,0,0,0,0,0,0,0,0,,
2021,En agglomération,tertiary,CYCLO,488,488,0,368,329,0,0,0,230,488,0,0,0,0,0,0,0,0,0,0,0,,
2021,En agglomération,tertiary,EDPM,230,230,0,180,148,0,0,0,123,230,0,0,0,0,0,0,0,0,0,0,0,,
2021,En agglomération,tertiary,VAE,76,76,0,54,41,0,0,0,42,76,0,0,0,0,0,0,0,0,0,0,0,,
2021,En agglomération,tertiary,VELO,764,764,0,626,474,0,0,0,418,764,0,0,0,0,0,0,0,0,0,0,0,,
2021,En agglomération,track,CYCLO,20,20,0,11,9,0,0,0,5,20,0,0,0,0,0,0,0,0,0,0,0,,
2021,En agglomération,track,VAE,2,2,0,1,1,0,0,0,1,2,0,0,0,0,0,0,0,0,0,0,0,,
2021,En agglomération,track,VELO,7,7,0,2,2,0,0,0,2,7,0,0,0,0,0,0,0,0,0,0,0,,
2021,En agglomération,trunk,CYCLO,5,5,0,4,4,0,0,0,3,5,0,0,0,0,0,0,0,0,0,0,0,,
2021,En agglomération,trunk,EDPM,1,1,0,1,1,0,0,0,1,1,0,0,0,0,0,0,0,0,0,0,0,,
2021,En agglomération,trunk,VELO,8,8,0,7,7,0,0,0,5,8,0,0,0,0,0,0,0,0,0,0,0,,
2021,En agglomération,unclassified,CYCLO,198,198,0,138,113,0,0,0,96,198,0,0,0,0,0,0,0,0,0,0,0,,
2021,En agglomération,unclassified,EDPM,66,66,0,55,42,0,0,0,45,66,0,0,0,0,0,0,0,0,0,0,0,,
2021,En agglomération,unclassified,VAE,26,26,0,20,17,0,0,0,15,26,0,0,0,0,0,0,0,0,0,0,0,,
2021,En agglomération,unclassified,VELO,229,229,0,189,144,0,0,0,130,229,0,0,0,0,0,0,0,0,0,0,0,,
2021,En agglomération,,CYCLO,7,0,0,4,3,0,0,0,1,7,0,0,0,0,0,0,0,0,0,0,0,,
2021,En agglomération,,VELO,3,0,0,2,2,0,0,0,0,3,0,0,0,0,0,0,0,0,0,0,0,,
2021,Hors agglomération,cycleway,CYCLO,5,5,0,2,1,0,0,5,1,5,0,0,0,0,0,0,0,0,0,0,0,,
2021,Hors agglomération,cycleway,EDPM,2,2,0,0,0,0,0,0,0,2,0,0,0,0,0,0,0,0,0,0,0,,
2021,Hors agglomération,cycleway,VELO,26,26,0,14,10,14,0,0,10,26,9,5,0,10,7,3,0,0,8,14,0,64.29,70.0
2021,Hors agglomération,living_street,CYCLO,1,1,0,0,0,0,0,0,0,1,0,0,0,0,0,0,0,0,0,0,0,,
2021,Hors agglomération,motorway,CYCLO,11,11,0,9,8,0,0,0,2,11,0,0,0,0,0,0,0,0,0,0,0,,
2021,Hors agglomération,motorway,EDPM,2,2,0,1,0,0,2,0,1,2,0,0,0,0,0,0,0,0,0,0,0,,
2021,Hors agglomération,motorway,VAE,1,1,0,1,1,0,0,0,0,1,0,0,0,0,0,0,0,0,0,0,0,,
2021,Hors agglomération,motorway,VELO,2,2,0,1,0,0,0,0,0,2,0,0,0,0,0,0,0,0,0,0,0,,
2021,Hors agglomération,primary,CYCLO,165,165,0,126,104,0,0,0,60,165,0,0,0,0,0,0,0,0,0,0,0,,
2021,Hors agglomération,primary,EDPM,10,10,0,9,7,0,10,0,5,10,0,0,0,0,0,0,0,0,0,0,0,,
2021,Hors agglomération,primary,VAE,12,12,0,10,6,0,0,0,6,12,0,0,0,0,0,0,0,0,0,0,0,,
2021,Hors agglomération,primary,VELO,191,191,0,164,128,0,0,0,66,191,0,0,0,0,0,0,0,0,0,0,0,,
2021,Hors agglomération,residential,CYCLO,32,32,0,22,19,0,0,0,14,32,0,0,0,0,0,0,0,0,0,0,0,,
2021,Hors agglomération,residential,EDPM,1,1,0,1,1,0,1,0,1,1,0,0,0,0,0,0,0,0,0,0,0,,
2021,Hors agglomération,residential,VAE,3,3,0,3,1,0,0,0,0,3,0,0,0,0,0,0,0,0,0,0,0,,
2021,Hors agglomération,residential,VELO,30,30,0,26,23,0,0,0,14,30,0,0,0,0,0,0,0,0,0,0,0,,
2021,Hors agglomération,secondary,CYCLO,207,207,0,133,103,0,0,0,64,207,0,0,0,0,0,0,0,0,0,0,0,,
2021,Hors agglomération,secondary,EDPM,6,6,0,4,3,0,6,0,2,6,0,0,0,0,0,0,0,0,0,0,0,,
2021,Hors agglomération,secondary,VAE,14,14,0,11,11,0,0,0,6,14,0,0,0,0,0,0,0,0,0,0,0,,
2021,Hors agglomération,secondary,VELO,274,274,0,213,157,0,0,0,82,274,0,0,0,0,0,0,0,0,0,0,0,,
2021,Hors agglomération,service,CYCLO,15,15,0,12,10,0,0,0,5,15,0,0,0,0,0,0,0,0,0,0,0,,
2021,Hors agglomération,service,EDPM,2,2,0,2,2,0,2,0,1,2,0,0,0,0,0,0,0,0,0,0,0,,
2021,Hors agglomération,service,VAE,4,4,0,3,1,0,0,0,0,4,0,0,0,0,0,0,0,0,0,0,0,,
2021,Hors agglomération,service,VELO,17,17,0,16,13,0,0,0,2,17,0,0,0,0,0,0,0,0,0,0,0,,
2021,Hors agglomération,tertiary,CYCLO,211,211,0,116,96,0,0,0,71,211,0,0,0,0,0,0,0,0,0,0,0,,
2021,Hors agglomération,tertiary,EDPM,8,8,0,6,3,0,8,0,3,8,0,0,0,0,0,0,0,0,0,0,0,,
2021,Hors agglomération,tertiary,VAE,15,15,0,9,6,0,0,0,3,15,0,0,0,0,0,0,0,0,0,0,0,,
2021,Hors agglomération,tertiary,VELO,248,248,0,176,141,0,0,0,65,248,0,0,0,0,0,0,0,0,0,0,0,,
2021,Hors agglomération,track,CYCLO,23,23,0,9,8,0,0,0,6,23,0,0,0,0,0,0,0,0,0,0,0,,
2021,Hors agglomération,track,VELO,14,14,0,8,6,0,0,0,2,14,0,0,0,0,0,0,0,0,0,0,0,,
2021,Hors agglomération,trunk,CYCLO,8,8,0,6,6,0,0,0,0,8,0,0,0,0,0,0,0,0,0,0,0,,
2021,Hors agglomération,trunk,VELO,8,8,0,7,5,0,0,0,6,8,0,0,0,0,0,0,0,0,0,0,0,,
2021,Hors agglomération,unclassified,CYCLO,141,141,0,82,63,0,0,0,38,141,0,0,0,0,0,0,0,0,0,0,0,,
2021,Hors agglomération,unclassified,EDPM,5,5,0,4,2,0,5,0,0,5,0,0,0,0,0,0,0,0,0,0,0,,
2021,Hors agglomération,unclassified,VAE,10,10,0,4,2,0,0,0,2,10,0,0,0,0,0,0,0,0,0,0,0,,
2021,Hors agglomération,unclassified,VELO,117,117,0,79,58,0,0,0,36,117,0,0,0,0,0,0,0,0,0,0,0,,
2021,Hors agglomération,,CYCLO,9,0,0,5,4,0,0,0,1,9,0,0,0,0,0,0,0,0,0,0,0,,
2021,Hors agglomération,,VELO,1,0,0,1,1,0,0,0,0,1,0,0,0,0,0,0,0,0,0,0,0,,
2022,En agglomération,cycleway,CYCLO,34,34,0,20,16,0,0,34,15,34,0,0,0,0,0,0,0,0,0,0,0,,
2022,En agglomération,cycleway,EDPM,72,72,0,45,35,45,0,0,38,72,26,19,0,35,21,14,0,3,21,45,0,57.78,60.0
2022,En agglomération,cycleway,VAE,22,22,0,13,11,13,0,0,7,22,4,9,0,11,4,7,0,2,4,13,0,30.77,36.36
2022,En agglomération,cycleway,VELO,166,166,0,106,75,106,0,0,78,166,60,46,0,75,45,30,0,10,58,103,0,56.6,60.0
2022,En agglomération,living_street,CYCLO,14,14,0,9,8,0,0,0,6,14,0,0,0,0,0,0,0,0,0,0,0,,
2022,En agglomération,living_street,EDPM,27,27,0,10,7,0,0,0,19,27,0,0,0,0,0,0,0,0,0,0,0,,
2022,En agglomération,living_street,VAE,10,10,0,6,4,0,0,0,8,10,0,0,0,0,0,0,0,0,0,0,0,,
2022,En agglomération,living_street,VELO,47,47,0,29,21,0,0,0,30,47,0,0,0,0,0,0,0,0,0,0,0,,
2022,En agglomération,motorway,EDPM,1,1,0,1,1,0,0,0,0,1,0,0,0,0,0,0,0,0,0,0,0,,
2022,En agglomération,motorway,VELO,4,4,0,4,4,0,0,0,2,4,0,0,0,0,0,0,0,0,0,0,0,,
2022,En agglomération,primary,CYCLO,439,439,0,355,286,0,0,0,198,439,0,0,0,0,0,0,0,0,0,0,0,,
2022,En agglomération,primary,EDPM,393,393,0,278,208,0,0,0,234,393,0,0,0,0,0,0,0,0,0,0,0,,
2022,En agglomération,primary,VAE,129,129,0,85,59,0,0,0,78,129,0,0,0,0,0,0,0,0,0,0,0,,
2022,En agglomération,primary,VELO,816,816,0,636,458,0,0,0,461,816,0,0,0,0,0,0,0,0,0,0,0,,
2022,En agglomération,residential,CYCLO,625,625,0,481,400,0,0,0,373,624,0,0,0,0,0,0,0,0,0,0,0,,
2022,En agglomération,residential,EDPM,521,521,0,372,307,0,0,0,323,521,0,0,0,0,0,0,0,0,0,0,0,,
2022,En agglomération,residential,VAE,150,150,0,108,79,0,0,0,99,150,0,0,0,0,0,0,0,0,0,0,0,,
2022,En agglomération,residential,VELO,1141,1141,0,913,705,0,0,0,740,1141,0,0,0,0,0,0,0,0,0,0,0,,
2022,En agglomération,secondary,CYCLO,618,618,0,460,398,0,0,0,276,618,0,0,0,0,0,0,0,0,0,0,0,,
2022,En agglomération,secondary,EDPM,463,463,0,333,264,0,0,0,273,463,0,0,0,0,0,0,0,0,0,0,0,,
2022,En agglomération,secondary,VAE,120,120,0,93,68,0,0,0,72,120,0,0,0,0,0,0,0,0,0,0,0,,
2022,En agglomération,secondary,VELO,950,950,0,786,602,0,0,0,562,950,0,0,0,0,0,0,0,0,0,0,0,,
2022,En agglomération,service,CYCLO,87,87,0,68,61,0,0,0,36,87,0,0,0,0,0,0,0,0,0,0,0,,
2022,En agglomération,service,EDPM,100,100,0,73,60,0,0,0,45,100,0,0,0,0,0,0,0,0,0,0,0,,
2022,En agglomération,service,VAE,22,22,0,17,14,0,0,0,10,22,0,0,0,0,0,0,0,0,0,0,0,,
2022,En agglomération,service,VELO,186,186,0,141,102,0,0,0,76,186,0,0,0,0,0,0,0,0,0,0,0,,
2022,En agglomération,tertiary,CYCLO,430,430,0,302,251,0,0,0,207,430,0,0,0,0,0,0,0,0,0,0,0,,
2022,En agglomération,tertiary,EDPM,332,332,0,248,192,0,0,0,203,332,0,0,0,0,0,0,0,0,0,0,0,,
2022,En agglomération,tertiary,VAE,102,102,0,76,56,0,0,0,62,102,0,0,0,0,0,0,0,0,0,0,0,,
2022,En agglomération,tertiary,VELO,708,708,0,555,426,0,0,0,397,708,0,0,0,0,0,0,0,0,0,0,0,,
2022,En agglomération,track,CYCLO,7,7,0,2,2,0,0,0,1,7,0,0,0,0,0,0,0,0,0,0,0,,
2022,En agglomération,track,EDPM,1,1,0,0,0,0,0,0,0,1,0,0,0,0,0,0,0,0,0,0,0,,
2022,En agglomération,track,VAE,1,1,0,1,1,0,0,0,1,1,0,0,0,0,0,0,0,0,0,0,0,,
2022,En agglomération,track,VELO,4,4,0,2,2,0,0,0,1,4,0,0,0,0,0,0,0,0,0,0,0,,
2022,En agglomération,trunk,CYCLO,5,5,0,4,3,0,0,0,1,5,0,0,0,0,0,0,0,0,0,0,0,,
2022,En agglomération,trunk,EDPM,3,3,0,1,0,0,0,0,0,3,0,0,0,0,0,0,0,0,0,0,0,,
2022,En agglomération,trunk,VAE,1,1,0,1,0,0,0,0,0,1,0,0,0,0,0,0,0,0,0,0,0,,
2022,En agglomération,trunk,VELO,6,6,0,5,4,0,0,0,3,6,0,0,0,0,0,0,0,0,0,0,0,,
2022,En agglomération,unclassified,CYCLO,125,125,0,79,64,0,0,0,58,125,0,0,0,0,0,0,0,0,0,0,0,,
2022,En agglomération,unclassified,EDPM,84,84,0,70,56,0,0,0,49,84,0,0,0,0,0,0,0,0,0,0,0,,
2022,En agglomération,unclassified,VAE,21,21,0,16,11,0,0,0,14,21,0,0,0,0,0,0,0,0,0,0,0,,
2022,En agglomération,unclassified,VELO,207,207,0,168,126,0,0,0,129,207,0,0,0,0,0,0,0,0,0,0,0,,
2022,En agglomération,,CYCLO,19,0,0,9,7,0,0,0,4,19,0,0,0,0,0,0,0,0,0,0,0,,
2022,En agglomération,,EDPM,1,0,0,0,0,0,0,0,1,1,0,0,0,0,0,0,0,0,0,0,0,,
2022,En agglomération,,VAE,2,0,0,0,0,0,0,0,0,2,0,0,0,0,0,0,0,0,0,0,0,,
2022,En agglomération,,VELO,7,0,0,6,3,0,0,0,1,7,0,0,0,0,0,0,0,0,0,0,0,,
2022,Hors agglomération,cycleway,CYCLO,7,7,0,5,5,0,0,7,0,7,0,0,0,0,0,0,0,0,0,0,0,,
2022,Hors agglomération,cycleway,EDPM,5,5,0,1,1,1,0,0,0,5,0,1,0,1,0,1,0,0,0,1,0,0.0,0.0
2022,Hors agglomération,cycleway,VAE,2,2,0,1,1,1,0,0,1,2,1,0,0,1,1,0,0,0,1,1,0,100.0,100.0
2022,Hors agglomération,cycleway,VELO,15,15,0,7,6,7,0,0,3,15,2,5,0,6,2,4,0,0,3,7,0,28.57,33.33
2022,Hors agglomération,motorway,CYCLO,8,8,0,7,6,0,0,0,0,8,0,0,0,0,0,0,0,0,0,0,0,,
2022,Hors agglomération,motorway,VELO,4,4,0,2,2,0,0,0,0,4,0,0,0,0,0,0,0,0,0,0,0,,
2022,Hors agglomération,primary,CYCLO,197,197,0,143,124,0,0,0,51,197,0,0,0,0,0,0,0,0,0,0,0,,
2022,Hors agglomération,primary,EDPM,19,19,0,12,9,0,19,0,6,19,0,0,0,0,0,0,0,0,0,0,0,,
2022,Hors agglomération,primary,VAE,23,23,0,22,17,0,0,0,16,23,0,0,0,0,0,0,0,0,0,0,0,,
2022,Hors agglomération,primary,VELO,196,196,0,177,135,0,0,0,78,196,0,0,0,0,0,0,0,0,0,0,0,,
2022,Hors agglomération,residential,CYCLO,30,30,0,19,18,0,0,0,9,30,0,0,0,0,0,0,0,0,0,0,0,,
2022,Hors agglomération,residential,EDPM,6,6,0,4,4,0,6,0,3,6,0,0,0,0,0,0,0,0,0,0,0,,
2022,Hors agglomération,residential,VAE,3,3,0,1,0,0,0,0,1,3,0,0,0,0,0,0,0,0,0,0,0,,
2022,Hors agglomération,residential,VELO,29,29,0,21,18,0,0,0,12,29,0,0,0,0,0,0,0,0,0,0,0,,
2022,Hors agglomération,secondary,CYCLO,200,200,0,136,106,0,0,0,57,200,0,0,0,0,0,0,0,0,0,0,0,,
2022,Hors agglomération,secondary,EDPM,21,21,0,17,15,0,21,0,7,21,0,0,0,0,0,0,0,0,0,0,0,,
2022,Hors agglomération,secondary,VAE,25,25,0,22,19,0,0,0,5,25,0,0,0,0,0,0,0,0,0,0,0,,
2022,Hors agglomération,secondary,VELO,264,264,0,219,169,0,0,0,83,264,0,0,0,0,0,0,0,0,0,0,0,,
2022,Hors agglomération,service,CYCLO,17,17,0,12,9,0,0,0,2,17,0,0,0,0,0,0,0,0,0,0,0,,
2022,Hors agglomération,service,EDPM,4,4,0,3,3,0,4,0,2,4,0,0,0,0,0,0,0,0,0,0,0,,
2022,Hors agglomération,service,VAE,1,1,0,0,0,0,0,0,1,1,0,0,0,0,0,0,0,0,0,0,0,,
2022,Hors agglomération,service,VELO,11,11,0,9,6,0,0,0,3,11,0,0,0,0,0,0,0,0,0,0,0,,
2022,Hors agglomération,tertiary,CYCLO,220,220,0,132,102,0,0,0,71,220,0,0,0,0,0,0,0,0,0,0,0,,
2022,Hors agglomération,tertiary,EDPM,12,12,0,8,6,0,12,0,3,12,0,0,0,0,0,0,0,0,0,0,0,,
2022,Hors agglomération,tertiary,VAE,23,23,0,17,12,0,0,0,7,23,0,0,0,0,0,0,0,0,0,0,0,,
2022,Hors agglomération,tertiary,VELO,228,228,0,172,130,0,0,0,59,228,0,0,0,0,0,0,0,0,0,0,0,,
2022,Hors agglomération,track,CYCLO,12,12,0,4,3,0,0,0,2,12,0,0,0,0,0,0,0,0,0,0,0,,
2022,Hors agglomération,track,VAE,1,1,0,1,1,0,0,0,0,1,0,0,0,0,0,0,0,0,0,0,0,,
2022,Hors agglomération,track,VELO,29,29,0,17,13,0,0,0,8,29,0,0,0,0,0,0,0,0,0,0,0,,
2022,Hors agglomération,trunk,CYCLO,13,13,0,9,5,0,0,0,2,13,0,0,0,0,0,0,0,0,0,0,0,,
2022,Hors agglomération,trunk,EDPM,2,2,0,2,1,0,2,0,0,2,0,0,0,0,0,0,0,0,0,0,0,,
2022,Hors agglomération,trunk,VELO,11,11,0,9,5,0,0,0,3,11,0,0,0,0,0,0,0,0,0,0,0,,
2022,Hors agglomération,unclassified,CYCLO,126,126,0,65,44,0,0,0,33,126,0,0,0,0,0,0,0,0,0,0,0,,
2022,Hors agglomération,unclassified,EDPM,9,9,0,4,4,0,9,0,2,9,0,0,0,0,0,0,0,0,0,0,0,,
2022,Hors agglomération,unclassified,VAE,11,11,0,5,3,0,0,0,3,11,0,0,0,0,0,0,0,0,0,0,0,,
2022,Hors agglomération,unclassified,VELO,95,95,0,68,45,0,0,0,46,95,0,0,0,0,0,0,0,0,0,0,0,,
2022,Hors agglomération,,CYCLO,10,0,0,6,4,0,0,0,0,10,0,0,0,0,0,0,0,0,0,0,0,,
2022,Hors agglomération,,VAE,1,0,0,0,0,0,0,0,0,1,0,0,0,0,0,0,0,0,0,0,0,,
2022,Hors agglomération,,VELO,10,0,0,7,6,0,0,0,1,10,0,0,0,0,0,0,0,0,0,0,0,,
2023,En agglomération,cycleway,CYCLO,29,29,0,20,14,0,0,29,17,29,0,0,0,0,0,0,0,0,0,0,0,,
2023,En agglomération,cycleway,EDPM,94,94,0,51,40,51,0,0,43,94,31,20,0,40,25,15,0,9,29,48,0,60.78,62.5
2023,En agglomération,cycleway,VAE,43,43,0,22,16,22,0,0,26,43,17,5,0,16,12,4,0,4,11,22,0,77.27,75.0
2023,En agglomération,cycleway,VELO,185,185,0,123,90,123,0,0,107,185,83,40,0,90,64,26,0,25,73,118,0,67.48,71.11
2023,En agglomération,living_street,CYCLO,14,14,0,11,9,0,0,0,11,14,0,0,0,0,0,0,0,0,0,0,0,,
2023,En agglomération,living_street,EDPM,35,35,0,23,19,0,0,0,26,35,0,0,0,0,0,0,0,0,0,0,0,,
2023,En agglomération,living_street,VAE,10,10,0,5,1,0,0,0,8,10,0,0,0,0,0,0,0,0,0,0,0,,
2023,En agglomération,living_street,VELO,66,66,0,42,34,0,0,0,41,66,0,0,0,0,0,0,0,0,0,0,0,,
2023,En agglomération,motorway,EDPM,1,1,0,1,1,0,0,0,1,1,0,0,0,0,0,0,0,0,0,0,0,,
2023,En agglomération,motorway,VELO,2,2,0,1,1,0,0,0,2,2,0,0,0,0,0,0,0,0,0,0,0,,
2023,En agglomération,primary,CYCLO,425,425,0,326,274,0,0,0,212,425,0,0,0,0,0,0,0,0,0,0,0,,
2023,En agglomération,primary,EDPM,419,419,0,295,230,0,0,0,219,419,0,0,0,0,0,0,0,0,0,0,0,,
2023,En agglomération,primary,VAE,149,149,0,105,66,0,0,0,91,149,0,0,0,0,0,0,0,0,0,0,0,,
2023,En agglomération,primary,VELO,779,779,0,585,404,0,0,0,436,779,0,0,0,0,0,0,0,0,0,0,0,,
2023,En agglomération,residential,CYCLO,590,590,0,450,381,0,0,0,383,590,0,0,0,0,0,0,0,0,0,0,0,,
2023,En agglomération,residential,EDPM,689,689,0,484,405,0,0,0,440,689,0,0,0,0,0,0,0,0,0,0,0,,
2023,En agglomération,residential,VAE,166,166,0,117,97,0,0,0,117,166,0,0,0,0,0,0,0,0,0,0,0,,
2023,En agglomération,residential,VELO,1107,1107,0,878,680,0,0,0,746,1107,0,0,0,0,0,0,0,0,0,0,0,,
2023,En agglomération,secondary,CYCLO,604,604,0,459,385,0,0,0,289,604,0,0,0,0,0,0,0,0,0,0,0,,
2023,En agglomération,secondary,EDPM,476,476,0,367,299,0,0,0,275,475,0,0,0,0,0,0,0,0,0,0,0,,
2023,En agglomération,secondary,VAE,145,145,0,116,88,0,0,0,85,145,0,0,0,0,0,0,0,0,0,0,0,,
2023,En agglomération,secondary,VELO,857,857,0,698,536,0,0,0,466,857,0,0,0,0,0,0,0,0,0,0,0,,
2023,En agglomération,service,CYCLO,93,93,0,73,60,0,0,0,36,93,0,0,0,0,0,0,0,0,0,0,0,,
2023,En agglomération,service,EDPM,135,135,0,95,74,0,0,0,59,135,0,0,0,0,0,0,0,0,0,0,0,,
2023,En agglomération,service,VAE,26,26,0,12,8,0,0,0,11,26,0,0,0,0,0,0,0,0,0,0,0,,
2023,En agglomération,service,VELO,198,198,0,140,108,0,0,0,98,198,0,0,0,0,0,0,0,0,0,0,0,,
2023,En agglomération,tertiary,CYCLO,436,436,0,331,279,0,0,0,226,436,0,0,0,0,0,0,0,0,0,0,0,,
2023,En agglomération,tertiary,EDPM,352,352,0,255,201,0,0,0,183,352,0,0,0,0,0,0,0,0,0,0,0,,
2023,En agglomération,tertiary,VAE,89,89,0,57,41,0,0,0,54,89,0,0,0,0,0,0,0,0,0,0,0,,
2023,En agglomération,tertiary,VELO,671,671,0,537,418,0,0,0,406,671,0,0,0,0,0,0,0,0,0,0,0,,
2023,En agglomération,track,CYCLO,9,9,0,5,3,0,0,0,4,9,0,0,0,0,0,0,0,0,0,0,0,,
2023,En agglomération,track,EDPM,1,1,0,1,1,0,0,0,1,1,0,0,0,0,0,0,0,0,0,0,0,,
2023,En agglomération,track,VAE,1,1,0,1,1,0,0,0,0,1,0,0,0,0,0,0,0,0,0,0,0,,
2023,En agglomération,track,VELO,7,7,0,6,1,0,0,0,2,7,0,0,0,0,0,0,0,0,0,0,0,,
2023,En agglomération,trunk,CYCLO,5,5,0,5,3,0,0,0,1,5,0,0,0,0,0,0,0,0,0,0,0,,
2023,En agglomération,trunk,EDPM,2,2,0,2,2,0,0,0,2,2,0,0,0,0,0,0,0,0,0,0,0,,
2023,En agglomération,trunk,VELO,5,5,0,4,4,0,0,0,2,5,0,0,0,0,0,0,0,0,0,0,0,,
2023,En agglomération,unclassified,CYCLO,153,153,0,112,90,0,0,0,76,153,0,0,0,0,0,0,0,0,0,0,0,,
2023,En agglomération,unclassified,EDPM,86,86,0,67,56,0,0,0,59,86,0,0,0,0,0,0,0,0,0,0,0,,
2023,En agglomération,unclassified,VAE,27,27,0,18,13,0,0,0,17,27,0,0,0,0,0,0,0,0,0,0,0,,
2023,En agglomération,unclassified,VELO,181,181,0,144,116,0,0,0,107,181,0,0,0,0,0,0,0,0,0,0,0,,
2023,En agglomération,,CYCLO,10,0,0,6,4,0,0,0,2,10,0,0,0,0,0,0,0,0,0,0,0,,
2023,En agglomération,,VAE,2,0,0,0,0,0,0,0,1,2,0,0,0,0,0,0,0,0,0,0,0,,
2023,En agglomération,,VELO,7,0,0,3,1,0,0,0,1,7,0,0,0,0,0,0,0,0,0,0,0,,
2023,Hors agglomération,cycleway,CYCLO,2,2,0,1,1,0,0,2,0,2,0,0,0,0,0,0,0,0,0,0,0,,
2023,Hors agglomération,cycleway,EDPM,2,2,0,1,1,1,0,0,0,2,0,1,0,1,0,1,0,0,1,1,0,0.0,0.0
2023,Hors agglomération,cycleway,VAE,2,2,0,2,2,2,0,0,2,2,2,0,0,2,2,0,0,0,2,2,0,100.0,100.0
2023,Hors agglomération,cycleway,VELO,10,10,0,5,4,5,0,0,4,10,4,1,0,4,4,0,0,0,3,3,0,80.0,100.0
2023,Hors agglomération,living_street,VELO,1,1,0,0,0,0,0,0,0,1,0,0,0,0,0,0,0,0,0,0,0,,
2023,Hors agglomération,motorway,CYCLO,9,9,0,8,7,0,0,0,1,9,0,0,0,0,0,0,0,0,0,0,0,,
2023,Hors agglomération,motorway,VELO,2,2,0,2,2,0,0,0,0,2,0,0,0,0,0,0,0,0,0,0,0,,
2023,Hors agglomération,primary,CYCLO,177,177,0,128,102,0,0,0,64,177,0,0,0,0,0,0,0,0,0,0,0,,
2023,Hors agglomération,primary,EDPM,21,21,0,18,10,0,21,0,7,21,0,0,0,0,0,0,0,0,0,0,0,,
2023,Hors agglomération,primary,VAE,21,21,0,17,11,0,0,0,8,21,0,0,0,0,0,0,0,0,0,0,0,,
2023,Hors agglomération,primary,VELO,160,160,0,147,104,0,0,0,59,160,0,0,0,0,0,0,0,0,0,0,0,,
2023,Hors agglomération,residential,CYCLO,42,42,0,21,18,0,0,0,17,42,0,0,0,0,0,0,0,0,0,0,0,,
2023,Hors agglomération,residential,EDPM,2,2,0,2,2,0,2,0,1,2,0,0,0,0,0,0,0,0,0,0,0,,
2023,Hors agglomération,residential,VAE,4,4,0,3,2,0,0,0,2,4,0,0,0,0,0,0,0,0,0,0,0,,
2023,Hors agglomération,residential,VELO,22,22,0,14,11,0,0,0,10,22,0,0,0,0,0,0,0,0,0,0,0,,
2023,Hors agglomération,secondary,CYCLO,211,211,0,142,111,0,0,0,78,211,0,0,0,0,0,0,0,0,0,0,0,,
2023,Hors agglomération,secondary,EDPM,27,27,0,23,18,0,27,0,10,27,0,0,0,0,0,0,0,0,0,0,0,,
2023,Hors agglomération,secondary,VAE,25,25,0,20,16,0,0,0,6,25,0,0,0,0,0,0,0,0,0,0,0,,
2023,Hors agglomération,secondary,VELO,267,267,0,202,157,0,0,0,77,267,0,0,0,0,0,0,0,0,0,0,0,,
2023,Hors agglomération,service,CYCLO,21,21,0,14,14,0,0,0,4,21,0,0,0,0,0,0,0,0,0,0,0,,
2023,Hors agglomération,service,EDPM,1,1,0,1,1,0,1,0,1,1,0,0,0,0,0,0,0,0,0,0,0,,
2023,Hors agglomération,service,VAE,2,2,0,2,2,0,0,0,0,2,0,0,0,0,0,0,0,0,0,0,0,,
2023,Hors agglomération,service,VELO,20,20,0,15,12,0,0,0,8,20,0,0,0,0,0,0,0,0,0,0,0,,
2023,Hors agglomération,tertiary,CYCLO,219,219,0,124,98,0,0,0,76,219,0,0,0,0,0,0,0,0,0,0,0,,
2023,Hors agglomération,tertiary,EDPM,17,17,0,11,5,0,17,0,2,17,0,0,0,0,0,0,0,0,0,0,0,,
2023,Hors agglomération,tertiary,VAE,24,24,0,16,11,0,0,0,3,24,0,0,0,0,0,0,0,0,0,0,0,,
2023,Hors agglomération,tertiary,VELO,214,214,0,150,114,0,0,0,70,214,0,0,0,0,0,0,0,0,0,0,0,,
2023,Hors agglomération,track,CYCLO,22,22,0,11,6,0,0,0,3,22,0,0,0,0,0,0,0,0,0,0,0,,
2023,Hors agglomération,track,EDPM,2,2,0,1,1,0,2,0,1,2,0,0,0,0,0,0,0,0,0,0,0,,
2023,Hors agglomération,track,VAE,2,2,0,1,0,0,0,0,1,2,0,0,0,0,0,0,0,0,0,0,0,,
2023,Hors agglomération,track,VELO,18,18,0,11,7,0,0,0,7,18,0,0,0,0,0,0,0,0,0,0,0,,
2023,Hors agglomération,trunk,CYCLO,17,17,0,11,10,0,0,0,1,17,0,0,0,0,0,0,0,0,0,0,0,,
2023,Hors agglomération,trunk,EDPM,3,3,0,2,1,0,3,0,0,3,0,0,0,0,0,0,0,0,0,0,0,,
2023,Hors agglomération,trunk,VAE,2,2,0,2,2,0,0,0,0,2,0,0,0,0,0,0,0,0,0,0,0,,
2023,Hors agglomération,trunk,VELO,9,9,0,7,5,0,0,0,2,9,0,0,0,0,0,0,0,0,0,0,0,,
2023,Hors agglomération,unclassified,CYCLO,131,131,0,85,67,0,0,0,42,131,0,0,0,0,0,0,0,0,0,0,0,,
2023,Hors agglomération,unclassified,EDPM,5,5,0,5,4,0,5,0,1,5,0,0,0,0,0,0,0,0,0,0,0,,
2023,Hors agglomération,unclassified,VAE,8,8,0,6,5,0,0,0,6,8,0,0,0,0,0,0,0,0,0,0,0,,
2023,Hors agglomération,unclassified,VELO,99,99,0,60,44,0,0,0,38,99,0,0,0,0,0,0,0,0,0,0,0,,
2023,Hors agglomération,,CYCLO,19,0,0,9,5,0,0,0,0,19,0,0,0,0,0,0,0,0,0,0,0,,
2023,Hors agglomération,,EDPM,3,0,0,2,1,0,0,0,1,3,0,0,0,0,0,0,0,0,0,0,0,,
2023,Hors agglomération,,VAE,1,0,0,1,0,0,0,0,0,1,0,0,0,0,0,0,0,0,0,0,0,,
2023,Hors agglomération,,VELO,7,0,0,5,5,0,0,0,1,7,0,0,0,0,0,0,0,0,0,0,0,,
2024,En agglomération,cycleway,CYCLO,33,33,0,22,16,0,0,33,18,33,0,0,0,0,0,0,0,0,0,0,0,,
2024,En agglomération,cycleway,EDPM,145,145,0,76,63,76,0,0,73,145,49,27,0,63,40,23,0,13,46,75,0,64.47,63.49
2024,En agglomération,cycleway,VAE,49,49,0,22,14,22,0,0,29,49,16,6,0,14,11,3,0,9,13,22,0,72.73,78.57
2024,En agglomération,cycleway,VELO,202,202,0,111,75,111,0,0,123,202,76,35,0,75,52,23,0,38,61,111,0,68.47,69.33
2024,En agglomération,living_street,CYCLO,8,8,0,8,8,0,0,0,6,8,0,0,0,0,0,0,0,0,0,0,0,,
2024,En agglomération,living_street,EDPM,37,37,0,18,16,0,0,0,22,37,0,0,0,0,0,0,0,0,0,0,0,,
2024,En agglomération,living_street,VAE,11,11,0,4,3,0,0,0,9,11,0,0,0,0,0,0,0,0,0,0,0,,
2024,En agglomération,living_street,VELO,52,52,0,30,20,0,0,0,36,52,0,0,0,0,0,0,0,0,0,0,0,,
2024,En agglomération,motorway,CYCLO,1,1,0,1,1,0,0,0,1,1,0,0,0,0,0,0,0,0,0,0,0,,
2024,En agglomération,motorway,EDPM,3,3,0,1,1,0,0,0,2,3,0,0,0,0,0,0,0,0,0,0,0,,
2024,En agglomération,motorway,VAE,1,1,0,1,1,0,0,0,1,1,0,0,0,0,0,0,0,0,0,0,0,,
2024,En agglomération,motorway,VELO,2,2,0,1,1,0,0,0,1,2,0,0,0,0,0,0,0,0,0,0,0,,
2024,En agglomération,primary,CYCLO,400,400,0,296,247,0,0,0,192,400,0,0,0,0,0,0,0,0,0,0,0,,
2024,En agglomération,primary,EDPM,443,443,0,317,243,0,0,0,251,443,0,0,0,0,0,0,0,0,0,0,0,,
2024,En agglomération,primary,VAE,122,122,0,82,51,0,0,0,77,122,0,0,0,0,0,0,0,0,0,0,0,,
2024,En agglomération,primary,VELO,714,714,0,542,398,0,0,0,392,714,0,0,0,0,0,0,0,0,0,0,0,,
2024,En agglomération,residential,CYCLO,538,538,0,411,337,0,0,0,363,538,0,0,0,0,0,0,0,0,0,0,0,,
2024,En agglomération,residential,EDPM,811,811,0,606,502,0,0,0,490,811,0,0,0,0,0,0,0,0,0,0,0,,
2024,En agglomération,residential,VAE,191,191,0,138,102,0,0,0,130,191,0,0,0,0,0,0,0,0,0,0,0,,
2024,En agglomération,residential,VELO,1068,1068,0,817,636,0,0,0,750,1068,0,0,0,0,0,0,0,0,0,0,0,,
2024,En agglomération,secondary,CYCLO,569,569,0,443,380,0,0,0,282,569,0,0,0,0,0,0,0,0,0,0,0,,
2024,En agglomération,secondary,EDPM,590,590,0,451,368,0,0,0,313,590,0,0,0,0,0,0,0,0,0,0,0,,
2024,En agglomération,secondary,VAE,131,131,0,98,77,0,0,0,71,131,0,0,0,0,0,0,0,0,0,0,0,,
2024,En agglomération,secondary,VELO,879,879,0,718,562,0,0,0,473,879,0,0,0,0,0,0,0,0,0,0,0,,
2024,En agglomération,service,CYCLO,98,98,0,75,62,0,0,0,40,98,0,0,0,0,0,0,0,0,0,0,0,,
2024,En agglomération,service,EDPM,136,136,0,94,77,0,0,0,57,136,0,0,0,0,0,0,0,0,0,0,0,,
2024,En agglomération,service,VAE,41,41,0,24,22,0,0,0,21,41,0,0,0,0,0,0,0,0,0,0,0,,
2024,En agglomération,service,VELO,214,214,0,153,118,0,0,0,109,214,0,0,0,0,0,0,0,0,0,0,0,,
2024,En agglomération,tertiary,CYCLO,427,427,0,312,250,0,0,0,215,427,0,0,0,0,0,0,0,0,0,0,0,,
2024,En agglomération,tertiary,EDPM,423,423,0,307,250,0,0,0,238,423,0,0,0,0,0,0,0,0,0,0,0,,
2024,En agglomération,tertiary,VAE,110,110,0,83,62,0,0,0,62,110,0,0,0,0,0,0,0,0,0,0,0,,
2024,En agglomération,tertiary,VELO,644,644,0,521,396,0,0,0,382,644,0,0,0,0,0,0,0,0,0,0,0,,
2024,En agglomération,track,CYCLO,6,6,0,4,3,0,0,0,4,6,0,0,0,0,0,0,0,0,0,0,0,,
2024,En agglomération,track,EDPM,3,3,0,1,0,0,0,0,1,3,0,0,0,0,0,0,0,0,0,0,0,,
2024,En agglomération,track,VAE,2,2,0,0,0,0,0,0,0,2,0,0,0,0,0,0,0,0,0,0,0,,
2024,En agglomération,track,VELO,6,6,0,2,2,0,0,0,1,6,0,0,0,0,0,0,0,0,0,0,0,,
2024,En agglomération,trunk,CYCLO,10,10,0,9,7,0,0,0,3,10,0,0,0,0,0,0,0,0,0,0,0,,
2024,En agglomération,trunk,EDPM,3,3,0,1,1,0,0,0,3,3,0,0,0,0,0,0,0,0,0,0,0,,
2024,En agglomération,trunk,VELO,7,7,0,7,6,0,0,0,4,7,0,0,0,0,0,0,0,0,0,0,0,,
2024,En agglomération,unclassified,CYCLO,135,135,0,89,66,0,0,0,63,135,0,0,0,0,0,0,0,0,0,0,0,,
2024,En agglomération,unclassified,EDPM,128,128,0,95,74,0,0,0,74,128,0,0,0,0,0,0,0,0,0,0,0,,
2024,En agglomération,unclassified,VAE,25,25,0,15,14,0,0,0,16,25,0,0,0,0,0,0,0,0,0,0,0,,
2024,En agglomération,unclassified,VELO,162,162,0,119,91,0,0,0,86,162,0,0,0,0,0,0,0,0,0,0,0,,
2024,En agglomération,,CYCLO,9,0,0,3,2,0,0,0,2,9,0,0,0,0,0,0,0,0,0,0,0,,
2024,En agglomération,,VELO,4,0,0,3,1,0,0,0,1,4,0,0,0,0,0,0,0,0,0,0,0,,
2024,Hors agglomération,cycleway,CYCLO,4,4,0,2,2,0,0,4,1,4,0,0,0,0,0,0,0,0,0,0,0,,
2024,Hors agglomération,cycleway,EDPM,5,5,0,2,2,2,0,0,0,5,0,2,0,2,0,2,0,0,2,2,0,0.0,0.0
2024,Hors agglomération,cycleway,VAE,3,3,0,1,1,1,0,0,0,3,0,1,0,1,0,1,0,0,0,1,0,0.0,0.0
2024,Hors agglomération,cycleway,VELO,9,9,0,5,4,5,0,0,3,9,3,2,0,4,2,2,0,1,4,5,0,60.0,50.0
2024,Hors agglomération,motorway,CYCLO,7,7,0,3,3,0,0,0,1,7,0,0,0,0,0,0,0,0,0,0,0,,
2024,Hors agglomération,motorway,EDPM,2,2,0,2,1,0,2,0,0,2,0,0,0,0,0,0,0,0,0,0,0,,
2024,Hors agglomération,primary,CYCLO,189,189,0,144,124,0,0,0,67,189,0,0,0,0,0,0,0,0,0,0,0,,
2024,Hors agglomération,primary,EDPM,30,30,0,27,21,0,30,0,7,30,0,0,0,0,0,0,0,0,0,0,0,,
2024,Hors agglomération,primary,VAE,13,13,0,8,4,0,0,0,6,13,0,0,0,0,0,0,0,0,0,0,0,,
2024,Hors agglomération,primary,VELO,177,177,0,157,116,0,0,0,63,177,0,0,0,0,0,0,0,0,0,0,0,,
2024,Hors agglomération,residential,CYCLO,38,38,0,23,17,0,0,0,11,38,0,0,0,0,0,0,0,0,0,0,0,,
2024,Hors agglomération,residential,EDPM,10,10,0,8,8,0,10,0,8,10,0,0,0,0,0,0,0,0,0,0,0,,
2024,Hors agglomération,residential,VAE,2,2,0,1,0,0,0,0,1,2,0,0,0,0,0,0,0,0,0,0,0,,
2024,Hors agglomération,residential,VELO,28,28,0,15,11,0,0,0,10,28,0,0,0,0,0,0,0,0,0,0,0,,
2024,Hors agglomération,secondary,CYCLO,196,196,0,120,100,0,0,0,62,196,0,0,0,0,0,0,0,0,0,0,0,,
2024,Hors agglomération,secondary,EDPM,30,30,0,20,18,0,30,0,9,30,0,0,0,0,0,0,0,0,0,0,0,,
2024,Hors agglomération,secondary,VAE,24,24,0,17,13,0,0,0,8,24,0,0,0,0,0,0,0,0,0,0,0,,
2024,Hors agglomération,secondary,VELO,260,260,0,198,137,0,0,0,62,260,0,0,0,0,0,0,0,0,0,0,0,,
2024,Hors agglomération,service,CYCLO,20,20,0,13,10,0,0,0,5,20,0,0,0,0,0,0,0,0,0,0,0,,
2024,Hors agglomération,service,EDPM,5,5,0,3,3,0,5,0,2,5,0,0,0,0,0,0,0,0,0,0,0,,
2024,Hors agglomération,service,VAE,1,1,0,0,0,0,0,0,1,1,0,0,0,0,0,0,0,0,0,0,0,,
2024,Hors agglomération,service,VELO,19,19,0,11,9,0,0,0,9,19,0,0,0,0,0,0,0,0,0,0,0,,
2024,Hors agglomération,tertiary,CYCLO,189,189,0,108,89,0,0,0,54,189,0,0,0,0,0,0,0,0,0,0,0,,
2024,Hors agglomération,tertiary,EDPM,17,17,0,8,5,0,17,0,5,17,0,0,0,0,0,0,0,0,0,0,0,,
2024,Hors agglomération,tertiary,VAE,19,19,0,12,8,0,0,0,6,19,0,0,0,0,0,0,0,0,0,0,0,,
2024,Hors agglomération,tertiary,VELO,209,209,0,151,110,0,0,0,61,209,0,0,0,0,0,0,0,0,0,0,0,,
2024,Hors agglomération,track,CYCLO,15,15,0,6,5,0,0,0,5,15,0,0,0,0,0,0,0,0,0,0,0,,
2024,Hors agglomération,track,EDPM,3,3,0,1,0,0,3,0,0,3,0,0,0,0,0,0,0,0,0,0,0,,
2024,Hors agglomération,track,VAE,2,2,0,1,0,0,0,0,0,2,0,0,0,0,0,0,0,0,0,0,0,,
2024,Hors agglomération,track,VELO,8,8,0,5,4,0,0,0,2,8,0,0,0,0,0,0,0,0,0,0,0,,
2024,Hors agglomération,trunk,CYCLO,16,16,0,11,8,0,0,0,3,16,0,0,0,0,0,0,0,0,0,0,0,,
2024,Hors agglomération,trunk,EDPM,3,3,0,2,1,0,3,0,1,3,0,0,0,0,0,0,0,0,0,0,0,,
2024,Hors agglomération,trunk,VAE,1,1,0,1,0,0,0,0,0,1,0,0,0,0,0,0,0,0,0,0,0,,
2024,Hors agglomération,trunk,VELO,16,16,0,14,13,0,0,0,4,16,0,0,0,0,0,0,0,0,0,0,0,,
2024,Hors agglomération,unclassified,CYCLO,119,119,0,75,51,0,0,0,38,119,0,0,0,0,0,0,0,0,0,0,0,,
2024,Hors agglomération,unclassified,EDPM,15,15,0,8,7,0,15,0,6,15,0,0,0,0,0,0,0,0,0,0,0,,
2024,Hors agglomération,unclassified,VAE,17,17,0,10,8,0,0,0,5,17,0,0,0,0,0,0,0,0,0,0,0,,
2024,Hors agglomération,unclassified,VELO,103,103,0,64,43,0,0,0,40,103,0,0,0,0,0,0,0,0,0,0,0,,
2024,Hors agglomération,,CYCLO,10,0,0,8,5,0,0,0,0,10,0,0,0,0,0,0,0,0,0,0,0,,
2024,Hors agglomération,,VELO,4,0,0,2,1,0,0,0,1,4,0,0,0,0,0,0,0,0,0,0,0,,
