zone,mode,population,baac_intersection,osm_croisement,classification_access,accidents
En agglomération,EDPM,h2_avec_vl,hors_intersection,croisement_proche,motor_vehicle_restriction_explicite,2
En agglomération,EDPM,h2_avec_vl,hors_intersection,croisement_proche,non_documente,24
En agglomération,EDPM,h2_avec_vl,hors_intersection,pas_de_croisement_proche,motor_vehicle_conditionnel,1
En agglomération,EDPM,h2_avec_vl,hors_intersection,pas_de_croisement_proche,motor_vehicle_restriction_explicite,1
En agglomération,EDPM,h2_avec_vl,hors_intersection,pas_de_croisement_proche,non_documente,40
En agglomération,EDPM,h2_avec_vl,intersection,croisement_proche,motor_vehicle_restriction_explicite,4
En agglomération,EDPM,h2_avec_vl,intersection,croisement_proche,non_documente,71
En agglomération,EDPM,h2_avec_vl,intersection,croisement_proche,restriction_access_generale,3
En agglomération,EDPM,h2_avec_vl,intersection,pas_de_croisement_proche,motor_vehicle_autre,1
En agglomération,EDPM,h2_avec_vl,intersection,pas_de_croisement_proche,motor_vehicle_restriction_explicite,2
En agglomération,EDPM,h2_avec_vl,intersection,pas_de_croisement_proche,non_documente,26
En agglomération,EDPM,h2_avec_vl,intersection,pas_de_croisement_proche,restriction_access_generale,1
En agglomération,EDPM,h2_tiers_motorise,hors_intersection,croisement_proche,motor_vehicle_restriction_explicite,2
En agglomération,EDPM,h2_tiers_motorise,hors_intersection,croisement_proche,non_documente,29
En agglomération,EDPM,h2_tiers_motorise,hors_intersection,pas_de_croisement_proche,access_generale_ouverte,1
En agglomération,EDPM,h2_tiers_motorise,hors_intersection,pas_de_croisement_proche,motor_vehicle_conditionnel,1
En agglomération,EDPM,h2_tiers_motorise,hors_intersection,pas_de_croisement_proche,motor_vehicle_restriction_explicite,2
En agglomération,EDPM,h2_tiers_motorise,hors_intersection,pas_de_croisement_proche,non_documente,51
En agglomération,EDPM,h2_tiers_motorise,intersection,croisement_proche,motor_vehicle_restriction_explicite,5
En agglomération,EDPM,h2_tiers_motorise,intersection,croisement_proche,non_documente,91
En agglomération,EDPM,h2_tiers_motorise,intersection,croisement_proche,restriction_access_generale,3
En agglomération,EDPM,h2_tiers_motorise,intersection,pas_de_croisement_proche,motor_vehicle_autre,1
En agglomération,EDPM,h2_tiers_motorise,intersection,pas_de_croisement_proche,motor_vehicle_restriction_explicite,2
En agglomération,EDPM,h2_tiers_motorise,intersection,pas_de_croisement_proche,non_documente,36
En agglomération,EDPM,h2_tiers_motorise,intersection,pas_de_croisement_proche,restriction_access_generale,1
En agglomération,VAE,h2_avec_vl,hors_intersection,croisement_proche,non_documente,4
En agglomération,VAE,h2_avec_vl,hors_intersection,pas_de_croisement_proche,non_documente,12
En agglomération,VAE,h2_avec_vl,hors_intersection,pas_de_croisement_proche,restriction_access_generale,1
En agglomération,VAE,h2_avec_vl,intersection,croisement_proche,motor_vehicle_restriction_explicite,1
En agglomération,VAE,h2_avec_vl,intersection,croisement_proche,non_documente,29
En agglomération,VAE,h2_avec_vl,intersection,pas_de_croisement_proche,motor_vehicle_restriction_explicite,2
En agglomération,VAE,h2_avec_vl,intersection,pas_de_croisement_proche,non_documente,8
En agglomération,VAE,h2_tiers_motorise,hors_intersection,croisement_proche,non_documente,5
En agglomération,VAE,h2_tiers_motorise,hors_intersection,pas_de_croisement_proche,non_documente,18
En agglomération,VAE,h2_tiers_motorise,hors_intersection,pas_de_croisement_proche,restriction_access_generale,1
En agglomération,VAE,h2_tiers_motorise,intersection,croisement_proche,motor_vehicle_restriction_explicite,1
En agglomération,VAE,h2_tiers_motorise,intersection,croisement_proche,non_documente,35
En agglomération,VAE,h2_tiers_motorise,intersection,pas_de_croisement_proche,motor_vehicle_restriction_explicite,2
En agglomération,VAE,h2_tiers_motorise,intersection,pas_de_croisement_proche,non_documente,14
En agglomération,VELO,h2_avec_vl,hors_intersection,croisement_proche,motor_vehicle_ouvert_explicite,1
En agglomération,VELO,h2_avec_vl,hors_intersection,croisement_proche,motor_vehicle_restriction_explicite,1
En agglomération,VELO,h2_avec_vl,hors_intersection,croisement_proche,non_documente,64
En agglomération,VELO,h2_avec_vl,hors_intersection,croisement_proche,restriction_access_generale,1
En agglomération,VELO,h2_avec_vl,hors_intersection,pas_de_croisement_proche,motor_vehicle_conditionnel,1
En agglomération,VELO,h2_avec_vl,hors_intersection,pas_de_croisement_proche,motor_vehicle_restriction_explicite,4
En agglomération,VELO,h2_avec_vl,hors_intersection,pas_de_croisement_proche,non_documente,111
En agglomération,VELO,h2_avec_vl,intersection,croisement_proche,motor_vehicle_restriction_explicite,10
En agglomération,VELO,h2_avec_vl,intersection,croisement_proche,non_documente,212
En agglomération,VELO,h2_avec_vl,intersection,croisement_proche,restriction_access_generale,1
En agglomération,VELO,h2_avec_vl,intersection,pas_de_croisement_proche,motor_vehicle_restriction_explicite,6
En agglomération,VELO,h2_avec_vl,intersection,pas_de_croisement_proche,non_documente,79
En agglomération,VELO,h2_avec_vl,intersection,pas_de_croisement_proche,restriction_access_generale,1
En agglomération,VELO,h2_tiers_motorise,hors_intersection,croisement_proche,motor_vehicle_ouvert_explicite,1
En agglomération,VELO,h2_tiers_motorise,hors_intersection,croisement_proche,motor_vehicle_restriction_explicite,1
En agglomération,VELO,h2_tiers_motorise,hors_intersection,croisement_proche,non_documente,88
En agglomération,VELO,h2_tiers_motorise,hors_intersection,croisement_proche,restriction_access_generale,3
En agglomération,VELO,h2_tiers_motorise,hors_intersection,pas_de_croisement_proche,motor_vehicle_conditionnel,1
En agglomération,VELO,h2_tiers_motorise,hors_intersection,pas_de_croisement_proche,motor_vehicle_restriction_explicite,8
En agglomération,VELO,h2_tiers_motorise,hors_intersection,pas_de_croisement_proche,non_documente,172
En agglomération,VELO,h2_tiers_motorise,intersection,croisement_proche,motor_vehicle_restriction_explicite,12
En agglomération,VELO,h2_tiers_motorise,intersection,croisement_proche,non_documente,273
En agglomération,VELO,h2_tiers_motorise,intersection,croisement_proche,restriction_access_generale,2
En agglomération,VELO,h2_tiers_motorise,intersection,pas_de_croisement_proche,motor_vehicle_restriction_explicite,6
En agglomération,VELO,h2_tiers_motorise,intersection,pas_de_croisement_proche,non_documente,111
En agglomération,VELO,h2_tiers_motorise,intersection,pas_de_croisement_proche,restriction_access_generale,2
Hors agglomération,EDPM,h2_avec_vl,hors_intersection,croisement_proche,non_documente,3
Hors agglomération,EDPM,h2_avec_vl,hors_intersection,pas_de_croisement_proche,non_documente,1
Hors agglomération,EDPM,h2_tiers_motorise,hors_intersection,croisement_proche,non_documente,3
Hors agglomération,EDPM,h2_tiers_motorise,hors_intersection,pas_de_croisement_proche,non_documente,1
Hors agglomération,EDPM,h5_edpm_hors_agglo_hors_cycleway,sans_objet,sans_objet,access_generale_ouverte,2
Hors agglomération,EDPM,h5_edpm_hors_agglo_hors_cycleway,sans_objet,sans_objet,motor_vehicle_ouvert_explicite,1
Hors agglomération,EDPM,h5_edpm_hors_agglo_hors_cycleway,sans_objet,sans_objet,non_documente,317
Hors agglomération,EDPM,h5_edpm_hors_agglo_hors_cycleway,sans_objet,sans_objet,restriction_access_generale,3
Hors agglomération,VAE,h2_avec_vl,hors_intersection,croisement_proche,non_documente,1
Hors agglomération,VAE,h2_avec_vl,hors_intersection,pas_de_croisement_proche,non_documente,1
Hors agglomération,VAE,h2_avec_vl,intersection,croisement_proche,motor_vehicle_restriction_explicite,1
Hors agglomération,VAE,h2_avec_vl,intersection,croisement_proche,non_documente,3
Hors agglomération,VAE,h2_tiers_motorise,hors_intersection,croisement_proche,non_documente,1
Hors agglomération,VAE,h2_tiers_motorise,hors_intersection,pas_de_croisement_proche,non_documente,1
Hors agglomération,VAE,h2_tiers_motorise,intersection,croisement_proche,motor_vehicle_restriction_explicite,1
Hors agglomération,VAE,h2_tiers_motorise,intersection,croisement_proche,non_documente,3
Hors agglomération,VELO,h2_avec_vl,hors_intersection,croisement_proche,non_documente,4
Hors agglomération,VELO,h2_avec_vl,hors_intersection,pas_de_croisement_proche,motor_vehicle_restriction_explicite,3
Hors agglomération,VELO,h2_avec_vl,hors_intersection,pas_de_croisement_proche,non_documente,7
Hors agglomération,VELO,h2_avec_vl,intersection,croisement_proche,motor_vehicle_restriction_explicite,4
Hors agglomération,VELO,h2_avec_vl,intersection,croisement_proche,non_documente,14
Hors agglomération,VELO,h2_avec_vl,intersection,pas_de_croisement_proche,non_documente,8
Hors agglomération,VELO,h2_tiers_motorise,hors_intersection,croisement_proche,non_documente,5
Hors agglomération,VELO,h2_tiers_motorise,hors_intersection,pas_de_croisement_proche,motor_vehicle_restriction_explicite,3
Hors agglomération,VELO,h2_tiers_motorise,hors_intersection,pas_de_croisement_proche,non_documente,13
Hors agglomération,VELO,h2_tiers_motorise,intersection,croisement_proche,motor_vehicle_restriction_explicite,4
Hors agglomération,VELO,h2_tiers_motorise,intersection,croisement_proche,non_documente,18
Hors agglomération,VELO,h2_tiers_motorise,intersection,pas_de_croisement_proche,non_documente,8
