zone,mode,population,baac_intersection,osm_croisement,osm_motor_vehicle,osm_access,accidents
En agglomération,EDPM,h2_avec_vl,hors_intersection,croisement_proche,[absent],[absent],24
En agglomération,EDPM,h2_avec_vl,hors_intersection,croisement_proche,no,[absent],2
En agglomération,EDPM,h2_avec_vl,hors_intersection,pas_de_croisement_proche,[absent],[absent],40
En agglomération,EDPM,h2_avec_vl,hors_intersection,pas_de_croisement_proche,no,[absent],1
En agglomération,EDPM,h2_avec_vl,hors_intersection,pas_de_croisement_proche,permit,[absent],1
En agglomération,EDPM,h2_avec_vl,intersection,croisement_proche,[absent],[absent],71
En agglomération,EDPM,h2_avec_vl,intersection,croisement_proche,[absent],no,3
En agglomération,EDPM,h2_avec_vl,intersection,croisement_proche,no,[absent],4
En agglomération,EDPM,h2_avec_vl,intersection,pas_de_croisement_proche,[absent],[absent],26
En agglomération,EDPM,h2_avec_vl,intersection,pas_de_croisement_proche,[absent],no,1
En agglomération,EDPM,h2_avec_vl,intersection,pas_de_croisement_proche,bus,[absent],1
En agglomération,EDPM,h2_avec_vl,intersection,pas_de_croisement_proche,no,[absent],2
En agglomération,EDPM,h2_tiers_motorise,hors_intersection,croisement_proche,[absent],[absent],29
En agglomération,EDPM,h2_tiers_motorise,hors_intersection,croisement_proche,no,[absent],2
En agglomération,EDPM,h2_tiers_motorise,hors_intersection,pas_de_croisement_proche,[absent],[absent],51
En agglomération,EDPM,h2_tiers_motorise,hors_intersection,pas_de_croisement_proche,[absent],yes,1
En agglomération,EDPM,h2_tiers_motorise,hors_intersection,pas_de_croisement_proche,no,[absent],2
En agglomération,EDPM,h2_tiers_motorise,hors_intersection,pas_de_croisement_proche,permit,[absent],1
En agglomération,EDPM,h2_tiers_motorise,intersection,croisement_proche,[absent],[absent],91
En agglomération,EDPM,h2_tiers_motorise,intersection,croisement_proche,[absent],no,3
En agglomération,EDPM,h2_tiers_motorise,intersection,croisement_proche,no,[absent],5
En agglomération,EDPM,h2_tiers_motorise,intersection,pas_de_croisement_proche,[absent],[absent],36
En agglomération,EDPM,h2_tiers_motorise,intersection,pas_de_croisement_proche,[absent],no,1
En agglomération,EDPM,h2_tiers_motorise,intersection,pas_de_croisement_proche,bus,[absent],1
En agglomération,EDPM,h2_tiers_motorise,intersection,pas_de_croisement_proche,no,[absent],2
En agglomération,VAE,h2_avec_vl,hors_intersection,croisement_proche,[absent],[absent],4
En agglomération,VAE,h2_avec_vl,hors_intersection,pas_de_croisement_proche,[absent],[absent],12
En agglomération,VAE,h2_avec_vl,hors_intersection,pas_de_croisement_proche,[absent],no,1
En agglomération,VAE,h2_avec_vl,intersection,croisement_proche,[absent],[absent],29
En agglomération,VAE,h2_avec_vl,intersection,croisement_proche,no,[absent],1
En agglomération,VAE,h2_avec_vl,intersection,pas_de_croisement_proche,[absent],[absent],8
En agglomération,VAE,h2_avec_vl,intersection,pas_de_croisement_proche,no,[absent],2
En agglomération,VAE,h2_tiers_motorise,hors_intersection,croisement_proche,[absent],[absent],5
En agglomération,VAE,h2_tiers_motorise,hors_intersection,pas_de_croisement_proche,[absent],[absent],18
En agglomération,VAE,h2_tiers_motorise,hors_intersection,pas_de_croisement_proche,[absent],no,1
En agglomération,VAE,h2_tiers_motorise,intersection,croisement_proche,[absent],[absent],35
En agglomération,VAE,h2_tiers_motorise,intersection,croisement_proche,no,[absent],1
En agglomération,VAE,h2_tiers_motorise,intersection,pas_de_croisement_proche,[absent],[absent],14
En agglomération,VAE,h2_tiers_motorise,intersection,pas_de_croisement_proche,no,[absent],2
En agglomération,VELO,h2_avec_vl,hors_intersection,croisement_proche,[absent],[absent],64
En agglomération,VELO,h2_avec_vl,hors_intersection,croisement_proche,[absent],no,1
En agglomération,VELO,h2_avec_vl,hors_intersection,croisement_proche,no,[absent],1
En agglomération,VELO,h2_avec_vl,hors_intersection,croisement_proche,yes,[absent],1
En agglomération,VELO,h2_avec_vl,hors_intersection,pas_de_croisement_proche,[absent],[absent],111
En agglomération,VELO,h2_avec_vl,hors_intersection,pas_de_croisement_proche,destination,[absent],1
En agglomération,VELO,h2_avec_vl,hors_intersection,pas_de_croisement_proche,no,[absent],3
En agglomération,VELO,h2_avec_vl,hors_intersection,pas_de_croisement_proche,no,permissive,1
En agglomération,VELO,h2_avec_vl,intersection,croisement_proche,[absent],[absent],212
En agglomération,VELO,h2_avec_vl,intersection,croisement_proche,[absent],no,1
En agglomération,VELO,h2_avec_vl,intersection,croisement_proche,no,[absent],9
En agglomération,VELO,h2_avec_vl,intersection,croisement_proche,no,no,1
En agglomération,VELO,h2_avec_vl,intersection,pas_de_croisement_proche,[absent],[absent],79
En agglomération,VELO,h2_avec_vl,intersection,pas_de_croisement_proche,[absent],no,1
En agglomération,VELO,h2_avec_vl,intersection,pas_de_croisement_proche,no,[absent],4
En agglomération,VELO,h2_avec_vl,intersection,pas_de_croisement_proche,no,yes,2
En agglomération,VELO,h2_tiers_motorise,hors_intersection,croisement_proche,[absent],[absent],88
En agglomération,VELO,h2_tiers_motorise,hors_intersection,croisement_proche,[absent],no,3
En agglomération,VELO,h2_tiers_motorise,hors_intersection,croisement_proche,no,[absent],1
En agglomération,VELO,h2_tiers_motorise,hors_intersection,croisement_proche,yes,[absent],1
En agglomération,VELO,h2_tiers_motorise,hors_intersection,pas_de_croisement_proche,[absent],[absent],172
En agglomération,VELO,h2_tiers_motorise,hors_intersection,pas_de_croisement_proche,destination,[absent],1
En agglomération,VELO,h2_tiers_motorise,hors_intersection,pas_de_croisement_proche,no,[absent],7
En agglomération,VELO,h2_tiers_motorise,hors_intersection,pas_de_croisement_proche,no,permissive,1
En agglomération,VELO,h2_tiers_motorise,intersection,croisement_proche,[absent],[absent],273
En agglomération,VELO,h2_tiers_motorise,intersection,croisement_proche,[absent],no,2
En agglomération,VELO,h2_tiers_motorise,intersection,croisement_proche,no,[absent],11
En agglomération,VELO,h2_tiers_motorise,intersection,croisement_proche,no,no,1
En agglomération,VELO,h2_tiers_motorise,intersection,pas_de_croisement_proche,[absent],[absent],111
En agglomération,VELO,h2_tiers_motorise,intersection,pas_de_croisement_proche,[absent],no,2
En agglomération,VELO,h2_tiers_motorise,intersection,pas_de_croisement_proche,no,[absent],4
En agglomération,VELO,h2_tiers_motorise,intersection,pas_de_croisement_proche,no,yes,2
Hors agglomération,EDPM,h2_avec_vl,hors_intersection,croisement_proche,[absent],[absent],3
Hors agglomération,EDPM,h2_avec_vl,hors_intersection,pas_de_croisement_proche,[absent],[absent],1
Hors agglomération,EDPM,h2_tiers_motorise,hors_intersection,croisement_proche,[absent],[absent],3
Hors agglomération,EDPM,h2_tiers_motorise,hors_intersection,pas_de_croisement_proche,[absent],[absent],1
Hors agglomération,EDPM,h5_edpm_hors_agglo_hors_cycleway,sans_objet,sans_objet,[absent],[absent],317
Hors agglomération,EDPM,h5_edpm_hors_agglo_hors_cycleway,sans_objet,sans_objet,[absent],no,2
Hors agglomération,EDPM,h5_edpm_hors_agglo_hors_cycleway,sans_objet,sans_objet,[absent],private,1
Hors agglomération,EDPM,h5_edpm_hors_agglo_hors_cycleway,sans_objet,sans_objet,[absent],yes,2
Hors agglomération,EDPM,h5_edpm_hors_agglo_hors_cycleway,sans_objet,sans_objet,yes,[absent],1
Hors agglomération,VAE,h2_avec_vl,hors_intersection,croisement_proche,[absent],[absent],1
Hors agglomération,VAE,h2_avec_vl,hors_intersection,pas_de_croisement_proche,[absent],[absent],1
Hors agglomération,VAE,h2_avec_vl,intersection,croisement_proche,[absent],[absent],3
Hors agglomération,VAE,h2_avec_vl,intersection,croisement_proche,no,yes,1
Hors agglomération,VAE,h2_tiers_motorise,hors_intersection,croisement_proche,[absent],[absent],1
Hors agglomération,VAE,h2_tiers_motorise,hors_intersection,pas_de_croisement_proche,[absent],[absent],1
Hors agglomération,VAE,h2_tiers_motorise,intersection,croisement_proche,[absent],[absent],3
Hors agglomération,VAE,h2_tiers_motorise,intersection,croisement_proche,no,yes,1
Hors agglomération,VELO,h2_avec_vl,hors_intersection,croisement_proche,[absent],[absent],4
Hors agglomération,VELO,h2_avec_vl,hors_intersection,pas_de_croisement_proche,[absent],[absent],7
Hors agglomération,VELO,h2_avec_vl,hors_intersection,pas_de_croisement_proche,no,[absent],3
Hors agglomération,VELO,h2_avec_vl,intersection,croisement_proche,[absent],[absent],14
Hors agglomération,VELO,h2_avec_vl,intersection,croisement_proche,no,[absent],3
Hors agglomération,VELO,h2_avec_vl,intersection,croisement_proche,no,no,1
Hors agglomération,VELO,h2_avec_vl,intersection,pas_de_croisement_proche,[absent],[absent],8
Hors agglomération,VELO,h2_tiers_motorise,hors_intersection,croisement_proche,[absent],[absent],5
Hors agglomération,VELO,h2_tiers_motorise,hors_intersection,pas_de_croisement_proche,[absent],[absent],13
Hors agglomération,VELO,h2_tiers_motorise,hors_intersection,pas_de_croisement_proche,no,[absent],3
Hors agglomération,VELO,h2_tiers_motorise,intersection,croisement_proche,[absent],[absent],18
Hors agglomération,VELO,h2_tiers_motorise,intersection,croisement_proche,no,[absent],3
Hors agglomération,VELO,h2_tiers_motorise,intersection,croisement_proche,no,no,1
Hors agglomération,VELO,h2_tiers_motorise,intersection,pas_de_croisement_proche,[absent],[absent],8
