zone,mode,population,tag,statut,accidents
En agglomération,EDPM,h2_avec_vl,osm_access,absent,172
En agglomération,EDPM,h2_avec_vl,osm_access,present,4
En agglomération,EDPM,h2_tiers_motorise,osm_access,absent,220
En agglomération,EDPM,h2_tiers_motorise,osm_access,present,5
En agglomération,VAE,h2_avec_vl,osm_access,absent,56
En agglomération,VAE,h2_avec_vl,osm_access,present,1
En agglomération,VAE,h2_tiers_motorise,osm_access,absent,75
En agglomération,VAE,h2_tiers_motorise,osm_access,present,1
En agglomération,VELO,h2_avec_vl,osm_access,absent,485
En agglomération,VELO,h2_avec_vl,osm_access,present,7
En agglomération,VELO,h2_tiers_motorise,osm_access,absent,669
En agglomération,VELO,h2_tiers_motorise,osm_access,present,11
Hors agglomération,EDPM,h2_avec_vl,osm_access,absent,4
Hors agglomération,EDPM,h2_tiers_motorise,osm_access,absent,4
Hors agglomération,EDPM,h5_edpm_hors_agglo_hors_cycleway,osm_access,absent,318
Hors agglomération,EDPM,h5_edpm_hors_agglo_hors_cycleway,osm_access,present,5
Hors agglomération,VAE,h2_avec_vl,osm_access,absent,5
Hors agglomération,VAE,h2_avec_vl,osm_access,present,1
Hors agglomération,VAE,h2_tiers_motorise,osm_access,absent,5
Hors agglomération,VAE,h2_tiers_motorise,osm_access,present,1
Hors agglomération,VELO,h2_avec_vl,osm_access,absent,39
Hors agglomération,VELO,h2_avec_vl,osm_access,present,1
Hors agglomération,VELO,h2_tiers_motorise,osm_access,absent,50
Hors agglomération,VELO,h2_tiers_motorise,osm_access,present,1
En agglomération,EDPM,h2_avec_vl,osm_motor_vehicle,absent,165
En agglomération,EDPM,h2_avec_vl,osm_motor_vehicle,present,11
En agglomération,EDPM,h2_tiers_motorise,osm_motor_vehicle,absent,212
En agglomération,EDPM,h2_tiers_motorise,osm_motor_vehicle,present,13
En agglomération,VAE,h2_avec_vl,osm_motor_vehicle,absent,54
En agglomération,VAE,h2_avec_vl,osm_motor_vehicle,present,3
En agglomération,VAE,h2_tiers_motorise,osm_motor_vehicle,absent,73
En agglomération,VAE,h2_tiers_motorise,osm_motor_vehicle,present,3
En agglomération,VELO,h2_avec_vl,osm_motor_vehicle,absent,469
En agglomération,VELO,h2_avec_vl,osm_motor_vehicle,present,23
En agglomération,VELO,h2_tiers_motorise,osm_motor_vehicle,absent,651
En agglomération,VELO,h2_tiers_motorise,osm_motor_vehicle,present,29
Hors agglomération,EDPM,h2_avec_vl,osm_motor_vehicle,absent,4
Hors agglomération,EDPM,h2_tiers_motorise,osm_motor_vehicle,absent,4
Hors agglomération,EDPM,h5_edpm_hors_agglo_hors_cycleway,osm_motor_vehicle,absent,322
Hors agglomération,EDPM,h5_edpm_hors_agglo_hors_cycleway,osm_motor_vehicle,present,1
Hors agglomération,VAE,h2_avec_vl,osm_motor_vehicle,absent,5
Hors agglomération,VAE,h2_avec_vl,osm_motor_vehicle,present,1
Hors agglomération,VAE,h2_tiers_motorise,osm_motor_vehicle,absent,5
Hors agglomération,VAE,h2_tiers_motorise,osm_motor_vehicle,present,1
Hors agglomération,VELO,h2_avec_vl,osm_motor_vehicle,absent,33
Hors agglomération,VELO,h2_avec_vl,osm_motor_vehicle,present,7
Hors agglomération,VELO,h2_tiers_motorise,osm_motor_vehicle,absent,44
Hors agglomération,VELO,h2_tiers_motorise,osm_motor_vehicle,present,7
En agglomération,EDPM,h2_avec_vl,osm_bicycle,absent,144
En agglomération,EDPM,h2_avec_vl,osm_bicycle,present,32
En agglomération,EDPM,h2_tiers_motorise,osm_bicycle,absent,190
En agglomération,EDPM,h2_tiers_motorise,osm_bicycle,present,35
En agglomération,VAE,h2_avec_vl,osm_bicycle,absent,44
En agglomération,VAE,h2_avec_vl,osm_bicycle,present,13
En agglomération,VAE,h2_tiers_motorise,osm_bicycle,absent,62
En agglomération,VAE,h2_tiers_motorise,osm_bicycle,present,14
En agglomération,VELO,h2_avec_vl,osm_bicycle,absent,421
En agglomération,VELO,h2_avec_vl,osm_bicycle,present,71
En agglomération,VELO,h2_tiers_motorise,osm_bicycle,absent,585
En agglomération,VELO,h2_tiers_motorise,osm_bicycle,present,95
Hors agglomération,EDPM,h2_avec_vl,osm_bicycle,absent,3
Hors agglomération,EDPM,h2_avec_vl,osm_bicycle,present,1
Hors agglomération,EDPM,h2_tiers_motorise,osm_bicycle,absent,3
Hors agglomération,EDPM,h2_tiers_motorise,osm_bicycle,present,1
Hors agglomération,EDPM,h5_edpm_hors_agglo_hors_cycleway,osm_bicycle,absent,305
Hors agglomération,EDPM,h5_edpm_hors_agglo_hors_cycleway,osm_bicycle,present,18
Hors agglomération,VAE,h2_avec_vl,osm_bicycle,absent,3
Hors agglomération,VAE,h2_avec_vl,osm_bicycle,present,3
Hors agglomération,VAE,h2_tiers_motorise,osm_bicycle,absent,3
Hors agglomération,VAE,h2_tiers_motorise,osm_bicycle,present,3
Hors agglomération,VELO,h2_avec_vl,osm_bicycle,absent,29
Hors agglomération,VELO,h2_avec_vl,osm_bicycle,present,11
Hors agglomération,VELO,h2_tiers_motorise,osm_bicycle,absent,38
Hors agglomération,VELO,h2_tiers_motorise,osm_bicycle,present,13
En agglomération,EDPM,h2_avec_vl,osm_cycleway,absent,149
En agglomération,EDPM,h2_avec_vl,osm_cycleway,present,27
En agglomération,EDPM,h2_tiers_motorise,osm_cycleway,absent,185
En agglomération,EDPM,h2_tiers_motorise,osm_cycleway,present,40
En agglomération,VAE,h2_avec_vl,osm_cycleway,absent,49
En agglomération,VAE,h2_avec_vl,osm_cycleway,present,8
En agglomération,VAE,h2_tiers_motorise,osm_cycleway,absent,61
En agglomération,VAE,h2_tiers_motorise,osm_cycleway,present,15
En agglomération,VELO,h2_avec_vl,osm_cycleway,absent,409
En agglomération,VELO,h2_avec_vl,osm_cycleway,present,83
En agglomération,VELO,h2_tiers_motorise,osm_cycleway,absent,554
En agglomération,VELO,h2_tiers_motorise,osm_cycleway,present,126
Hors agglomération,EDPM,h2_avec_vl,osm_cycleway,absent,4
Hors agglomération,EDPM,h2_tiers_motorise,osm_cycleway,absent,4
Hors agglomération,EDPM,h5_edpm_hors_agglo_hors_cycleway,osm_cycleway,absent,302
Hors agglomération,EDPM,h5_edpm_hors_agglo_hors_cycleway,osm_cycleway,present,21
Hors agglomération,VAE,h2_avec_vl,osm_cycleway,absent,6
Hors agglomération,VAE,h2_tiers_motorise,osm_cycleway,absent,6
Hors agglomération,VELO,h2_avec_vl,osm_cycleway,absent,39
Hors agglomération,VELO,h2_avec_vl,osm_cycleway,present,1
Hors agglomération,VELO,h2_tiers_motorise,osm_cycleway,absent,49
Hors agglomération,VELO,h2_tiers_motorise,osm_cycleway,present,2
En agglomération,EDPM,h2_avec_vl,osm_cycleway_left,absent,176
En agglomération,EDPM,h2_tiers_motorise,osm_cycleway_left,absent,225
En agglomération,VAE,h2_avec_vl,osm_cycleway_left,absent,57
En agglomération,VAE,h2_tiers_motorise,osm_cycleway_left,absent,76
En agglomération,VELO,h2_avec_vl,osm_cycleway_left,absent,492
En agglomération,VELO,h2_tiers_motorise,osm_cycleway_left,absent,680
Hors agglomération,EDPM,h2_avec_vl,osm_cycleway_left,absent,4
Hors agglomération,EDPM,h2_tiers_motorise,osm_cycleway_left,absent,4
Hors agglomération,EDPM,h5_edpm_hors_agglo_hors_cycleway,osm_cycleway_left,absent,320
Hors agglomération,EDPM,h5_edpm_hors_agglo_hors_cycleway,osm_cycleway_left,present,3
Hors agglomération,VAE,h2_avec_vl,osm_cycleway_left,absent,6
Hors agglomération,VAE,h2_tiers_motorise,osm_cycleway_left,absent,6
Hors agglomération,VELO,h2_avec_vl,osm_cycleway_left,absent,40
Hors agglomération,VELO,h2_tiers_motorise,osm_cycleway_left,absent,51
En agglomération,EDPM,h2_avec_vl,osm_cycleway_right,absent,176
En agglomération,EDPM,h2_tiers_motorise,osm_cycleway_right,absent,225
En agglomération,VAE,h2_avec_vl,osm_cycleway_right,absent,57
En agglomération,VAE,h2_tiers_motorise,osm_cycleway_right,absent,76
En agglomération,VELO,h2_avec_vl,osm_cycleway_right,absent,492
En agglomération,VELO,h2_tiers_motorise,osm_cycleway_right,absent,680
Hors agglomération,EDPM,h2_avec_vl,osm_cycleway_right,absent,4
Hors agglomération,EDPM,h2_tiers_motorise,osm_cycleway_right,absent,4
Hors agglomération,EDPM,h5_edpm_hors_agglo_hors_cycleway,osm_cycleway_right,absent,309
Hors agglomération,EDPM,h5_edpm_hors_agglo_hors_cycleway,osm_cycleway_right,present,14
Hors agglomération,VAE,h2_avec_vl,osm_cycleway_right,absent,6
Hors agglomération,VAE,h2_tiers_motorise,osm_cycleway_right,absent,6
Hors agglomération,VELO,h2_avec_vl,osm_cycleway_right,absent,40
Hors agglomération,VELO,h2_tiers_motorise,osm_cycleway_right,absent,51
