zone,mode,population,baac_intersection,osm_croisement,tag,valeur,accidents
En agglomération,EDPM,h2_avec_vl,hors_intersection,croisement_proche,osm_access,[absent],26
En agglomération,EDPM,h2_avec_vl,hors_intersection,pas_de_croisement_proche,osm_access,[absent],42
En agglomération,EDPM,h2_avec_vl,intersection,croisement_proche,osm_access,[absent],75
En agglomération,EDPM,h2_avec_vl,intersection,croisement_proche,osm_access,no,3
En agglomération,EDPM,h2_avec_vl,intersection,pas_de_croisement_proche,osm_access,[absent],29
En agglomération,EDPM,h2_avec_vl,intersection,pas_de_croisement_proche,osm_access,no,1
En agglomération,EDPM,h2_tiers_motorise,hors_intersection,croisement_proche,osm_access,[absent],31
En agglomération,EDPM,h2_tiers_motorise,hors_intersection,pas_de_croisement_proche,osm_access,[absent],54
En agglomération,EDPM,h2_tiers_motorise,hors_intersection,pas_de_croisement_proche,osm_access,yes,1
En agglomération,EDPM,h2_tiers_motorise,intersection,croisement_proche,osm_access,[absent],96
En agglomération,EDPM,h2_tiers_motorise,intersection,croisement_proche,osm_access,no,3
En agglomération,EDPM,h2_tiers_motorise,intersection,pas_de_croisement_proche,osm_access,[absent],39
En agglomération,EDPM,h2_tiers_motorise,intersection,pas_de_croisement_proche,osm_access,no,1
En agglomération,VAE,h2_avec_vl,hors_intersection,croisement_proche,osm_access,[absent],4
En agglomération,VAE,h2_avec_vl,hors_intersection,pas_de_croisement_proche,osm_access,[absent],12
En agglomération,VAE,h2_avec_vl,hors_intersection,pas_de_croisement_proche,osm_access,no,1
En agglomération,VAE,h2_avec_vl,intersection,croisement_proche,osm_access,[absent],30
En agglomération,VAE,h2_avec_vl,intersection,pas_de_croisement_proche,osm_access,[absent],10
En agglomération,VAE,h2_tiers_motorise,hors_intersection,croisement_proche,osm_access,[absent],5
En agglomération,VAE,h2_tiers_motorise,hors_intersection,pas_de_croisement_proche,osm_access,[absent],18
En agglomération,VAE,h2_tiers_motorise,hors_intersection,pas_de_croisement_proche,osm_access,no,1
En agglomération,VAE,h2_tiers_motorise,intersection,croisement_proche,osm_access,[absent],36
En agglomération,VAE,h2_tiers_motorise,intersection,pas_de_croisement_proche,osm_access,[absent],16
En agglomération,VELO,h2_avec_vl,hors_intersection,croisement_proche,osm_access,[absent],66
En agglomération,VELO,h2_avec_vl,hors_intersection,croisement_proche,osm_access,no,1
En agglomération,VELO,h2_avec_vl,hors_intersection,pas_de_croisement_proche,osm_access,[absent],115
En agglomération,VELO,h2_avec_vl,hors_intersection,pas_de_croisement_proche,osm_access,permissive,1
En agglomération,VELO,h2_avec_vl,intersection,croisement_proche,osm_access,[absent],221
En agglomération,VELO,h2_avec_vl,intersection,croisement_proche,osm_access,no,2
En agglomération,VELO,h2_avec_vl,intersection,pas_de_croisement_proche,osm_access,[absent],83
En agglomération,VELO,h2_avec_vl,intersection,pas_de_croisement_proche,osm_access,no,1
En agglomération,VELO,h2_avec_vl,intersection,pas_de_croisement_proche,osm_access,yes,2
En agglomération,VELO,h2_tiers_motorise,hors_intersection,croisement_proche,osm_access,[absent],90
En agglomération,VELO,h2_tiers_motorise,hors_intersection,croisement_proche,osm_access,no,3
En agglomération,VELO,h2_tiers_motorise,hors_intersection,pas_de_croisement_proche,osm_access,[absent],180
En agglomération,VELO,h2_tiers_motorise,hors_intersection,pas_de_croisement_proche,osm_access,permissive,1
En agglomération,VELO,h2_tiers_motorise,intersection,croisement_proche,osm_access,[absent],284
En agglomération,VELO,h2_tiers_motorise,intersection,croisement_proche,osm_access,no,3
En agglomération,VELO,h2_tiers_motorise,intersection,pas_de_croisement_proche,osm_access,[absent],115
En agglomération,VELO,h2_tiers_motorise,intersection,pas_de_croisement_proche,osm_access,no,2
En agglomération,VELO,h2_tiers_motorise,intersection,pas_de_croisement_proche,osm_access,yes,2
Hors agglomération,EDPM,h2_avec_vl,hors_intersection,croisement_proche,osm_access,[absent],3
Hors agglomération,EDPM,h2_avec_vl,hors_intersection,pas_de_croisement_proche,osm_access,[absent],1
Hors agglomération,EDPM,h2_tiers_motorise,hors_intersection,croisement_proche,osm_access,[absent],3
Hors agglomération,EDPM,h2_tiers_motorise,hors_intersection,pas_de_croisement_proche,osm_access,[absent],1
Hors agglomération,EDPM,h5_edpm_hors_agglo_hors_cycleway,sans_objet,sans_objet,osm_access,[absent],318
Hors agglomération,EDPM,h5_edpm_hors_agglo_hors_cycleway,sans_objet,sans_objet,osm_access,no,2
Hors agglomération,EDPM,h5_edpm_hors_agglo_hors_cycleway,sans_objet,sans_objet,osm_access,private,1
Hors agglomération,EDPM,h5_edpm_hors_agglo_hors_cycleway,sans_objet,sans_objet,osm_access,yes,2
Hors agglomération,VAE,h2_avec_vl,hors_intersection,croisement_proche,osm_access,[absent],1
Hors agglomération,VAE,h2_avec_vl,hors_intersection,pas_de_croisement_proche,osm_access,[absent],1
Hors agglomération,VAE,h2_avec_vl,intersection,croisement_proche,osm_access,[absent],3
Hors agglomération,VAE,h2_avec_vl,intersection,croisement_proche,osm_access,yes,1
Hors agglomération,VAE,h2_tiers_motorise,hors_intersection,croisement_proche,osm_access,[absent],1
Hors agglomération,VAE,h2_tiers_motorise,hors_intersection,pas_de_croisement_proche,osm_access,[absent],1
Hors agglomération,VAE,h2_tiers_motorise,intersection,croisement_proche,osm_access,[absent],3
Hors agglomération,VAE,h2_tiers_motorise,intersection,croisement_proche,osm_access,yes,1
Hors agglomération,VELO,h2_avec_vl,hors_intersection,croisement_proche,osm_access,[absent],4
Hors agglomération,VELO,h2_avec_vl,hors_intersection,pas_de_croisement_proche,osm_access,[absent],10
Hors agglomération,VELO,h2_avec_vl,intersection,croisement_proche,osm_access,[absent],17
Hors agglomération,VELO,h2_avec_vl,intersection,croisement_proche,osm_access,no,1
Hors agglomération,VELO,h2_avec_vl,intersection,pas_de_croisement_proche,osm_access,[absent],8
Hors agglomération,VELO,h2_tiers_motorise,hors_intersection,croisement_proche,osm_access,[absent],5
Hors agglomération,VELO,h2_tiers_motorise,hors_intersection,pas_de_croisement_proche,osm_access,[absent],16
Hors agglomération,VELO,h2_tiers_motorise,intersection,croisement_proche,osm_access,[absent],21
Hors agglomération,VELO,h2_tiers_motorise,intersection,croisement_proche,osm_access,no,1
Hors agglomération,VELO,h2_tiers_motorise,intersection,pas_de_croisement_proche,osm_access,[absent],8
En agglomération,EDPM,h2_avec_vl,hors_intersection,croisement_proche,osm_motor_vehicle,[absent],24
En agglomération,EDPM,h2_avec_vl,hors_intersection,croisement_proche,osm_motor_vehicle,no,2
En agglomération,EDPM,h2_avec_vl,hors_intersection,pas_de_croisement_proche,osm_motor_vehicle,[absent],40
En agglomération,EDPM,h2_avec_vl,hors_intersection,pas_de_croisement_proche,osm_motor_vehicle,no,1
En agglomération,EDPM,h2_avec_vl,hors_intersection,pas_de_croisement_proche,osm_motor_vehicle,permit,1
En agglomération,EDPM,h2_avec_vl,intersection,croisement_proche,osm_motor_vehicle,[absent],74
En agglomération,EDPM,h2_avec_vl,intersection,croisement_proche,osm_motor_vehicle,no,4
En agglomération,EDPM,h2_avec_vl,intersection,pas_de_croisement_proche,osm_motor_vehicle,[absent],27
En agglomération,EDPM,h2_avec_vl,intersection,pas_de_croisement_proche,osm_motor_vehicle,bus,1
En agglomération,EDPM,h2_avec_vl,intersection,pas_de_croisement_proche,osm_motor_vehicle,no,2
En agglomération,EDPM,h2_tiers_motorise,hors_intersection,croisement_proche,osm_motor_vehicle,[absent],29
En agglomération,EDPM,h2_tiers_motorise,hors_intersection,croisement_proche,osm_motor_vehicle,no,2
En agglomération,EDPM,h2_tiers_motorise,hors_intersection,pas_de_croisement_proche,osm_motor_vehicle,[absent],52
En agglomération,EDPM,h2_tiers_motorise,hors_intersection,pas_de_croisement_proche,osm_motor_vehicle,no,2
En agglomération,EDPM,h2_tiers_motorise,hors_intersection,pas_de_croisement_proche,osm_motor_vehicle,permit,1
En agglomération,EDPM,h2_tiers_motorise,intersection,croisement_proche,osm_motor_vehicle,[absent],94
En agglomération,EDPM,h2_tiers_motorise,intersection,croisement_proche,osm_motor_vehicle,no,5
En agglomération,EDPM,h2_tiers_motorise,intersection,pas_de_croisement_proche,osm_motor_vehicle,[absent],37
En agglomération,EDPM,h2_tiers_motorise,intersection,pas_de_croisement_proche,osm_motor_vehicle,bus,1
En agglomération,EDPM,h2_tiers_motorise,intersection,pas_de_croisement_proche,osm_motor_vehicle,no,2
En agglomération,VAE,h2_avec_vl,hors_intersection,croisement_proche,osm_motor_vehicle,[absent],4
En agglomération,VAE,h2_avec_vl,hors_intersection,pas_de_croisement_proche,osm_motor_vehicle,[absent],13
En agglomération,VAE,h2_avec_vl,intersection,croisement_proche,osm_motor_vehicle,[absent],29
En agglomération,VAE,h2_avec_vl,intersection,croisement_proche,osm_motor_vehicle,no,1
En agglomération,VAE,h2_avec_vl,intersection,pas_de_croisement_proche,osm_motor_vehicle,[absent],8
En agglomération,VAE,h2_avec_vl,intersection,pas_de_croisement_proche,osm_motor_vehicle,no,2
En agglomération,VAE,h2_tiers_motorise,hors_intersection,croisement_proche,osm_motor_vehicle,[absent],5
En agglomération,VAE,h2_tiers_motorise,hors_intersection,pas_de_croisement_proche,osm_motor_vehicle,[absent],19
En agglomération,VAE,h2_tiers_motorise,intersection,croisement_proche,osm_motor_vehicle,[absent],35
En agglomération,VAE,h2_tiers_motorise,intersection,croisement_proche,osm_motor_vehicle,no,1
En agglomération,VAE,h2_tiers_motorise,intersection,pas_de_croisement_proche,osm_motor_vehicle,[absent],14
En agglomération,VAE,h2_tiers_motorise,intersection,pas_de_croisement_proche,osm_motor_vehicle,no,2
En agglomération,VELO,h2_avec_vl,hors_intersection,croisement_proche,osm_motor_vehicle,[absent],65
En agglomération,VELO,h2_avec_vl,hors_intersection,croisement_proche,osm_motor_vehicle,no,1
En agglomération,VELO,h2_avec_vl,hors_intersection,croisement_proche,osm_motor_vehicle,yes,1
En agglomération,VELO,h2_avec_vl,hors_intersection,pas_de_croisement_proche,osm_motor_vehicle,[absent],111
En agglomération,VELO,h2_avec_vl,hors_intersection,pas_de_croisement_proche,osm_motor_vehicle,destination,1
En agglomération,VELO,h2_avec_vl,hors_intersection,pas_de_croisement_proche,osm_motor_vehicle,no,4
En agglomération,VELO,h2_avec_vl,intersection,croisement_proche,osm_motor_vehicle,[absent],213
En agglomération,VELO,h2_avec_vl,intersection,croisement_proche,osm_motor_vehicle,no,10
En agglomération,VELO,h2_avec_vl,intersection,pas_de_croisement_proche,osm_motor_vehicle,[absent],80
En agglomération,VELO,h2_avec_vl,intersection,pas_de_croisement_proche,osm_motor_vehicle,no,6
En agglomération,VELO,h2_tiers_motorise,hors_intersection,croisement_proche,osm_motor_vehicle,[absent],91
En agglomération,VELO,h2_tiers_motorise,hors_intersection,croisement_proche,osm_motor_vehicle,no,1
En agglomération,VELO,h2_tiers_motorise,hors_intersection,croisement_proche,osm_motor_vehicle,yes,1
En agglomération,VELO,h2_tiers_motorise,hors_intersection,pas_de_croisement_proche,osm_motor_vehicle,[absent],172
En agglomération,VELO,h2_tiers_motorise,hors_intersection,pas_de_croisement_proche,osm_motor_vehicle,destination,1
En agglomération,VELO,h2_tiers_motorise,hors_intersection,pas_de_croisement_proche,osm_motor_vehicle,no,8
En agglomération,VELO,h2_tiers_motorise,intersection,croisement_proche,osm_motor_vehicle,[absent],275
En agglomération,VELO,h2_tiers_motorise,intersection,croisement_proche,osm_motor_vehicle,no,12
En agglomération,VELO,h2_tiers_motorise,intersection,pas_de_croisement_proche,osm_motor_vehicle,[absent],113
En agglomération,VELO,h2_tiers_motorise,intersection,pas_de_croisement_proche,osm_motor_vehicle,no,6
Hors agglomération,EDPM,h2_avec_vl,hors_intersection,croisement_proche,osm_motor_vehicle,[absent],3
Hors agglomération,EDPM,h2_avec_vl,hors_intersection,pas_de_croisement_proche,osm_motor_vehicle,[absent],1
Hors agglomération,EDPM,h2_tiers_motorise,hors_intersection,croisement_proche,osm_motor_vehicle,[absent],3
Hors agglomération,EDPM,h2_tiers_motorise,hors_intersection,pas_de_croisement_proche,osm_motor_vehicle,[absent],1
Hors agglomération,EDPM,h5_edpm_hors_agglo_hors_cycleway,sans_objet,sans_objet,osm_motor_vehicle,[absent],322
Hors agglomération,EDPM,h5_edpm_hors_agglo_hors_cycleway,sans_objet,sans_objet,osm_motor_vehicle,yes,1
Hors agglomération,VAE,h2_avec_vl,hors_intersection,croisement_proche,osm_motor_vehicle,[absent],1
Hors agglomération,VAE,h2_avec_vl,hors_intersection,pas_de_croisement_proche,osm_motor_vehicle,[absent],1
Hors agglomération,VAE,h2_avec_vl,intersection,croisement_proche,osm_motor_vehicle,[absent],3
Hors agglomération,VAE,h2_avec_vl,intersection,croisement_proche,osm_motor_vehicle,no,1
Hors agglomération,VAE,h2_tiers_motorise,hors_intersection,croisement_proche,osm_motor_vehicle,[absent],1
Hors agglomération,VAE,h2_tiers_motorise,hors_intersection,pas_de_croisement_proche,osm_motor_vehicle,[absent],1
Hors agglomération,VAE,h2_tiers_motorise,intersection,croisement_proche,osm_motor_vehicle,[absent],3
Hors agglomération,VAE,h2_tiers_motorise,intersection,croisement_proche,osm_motor_vehicle,no,1
Hors agglomération,VELO,h2_avec_vl,hors_intersection,croisement_proche,osm_motor_vehicle,[absent],4
Hors agglomération,VELO,h2_avec_vl,hors_intersection,pas_de_croisement_proche,osm_motor_vehicle,[absent],7
Hors agglomération,VELO,h2_avec_vl,hors_intersection,pas_de_croisement_proche,osm_motor_vehicle,no,3
Hors agglomération,VELO,h2_avec_vl,intersection,croisement_proche,osm_motor_vehicle,[absent],14
Hors agglomération,VELO,h2_avec_vl,intersection,croisement_proche,osm_motor_vehicle,no,4
Hors agglomération,VELO,h2_avec_vl,intersection,pas_de_croisement_proche,osm_motor_vehicle,[absent],8
Hors agglomération,VELO,h2_tiers_motorise,hors_intersection,croisement_proche,osm_motor_vehicle,[absent],5
Hors agglomération,VELO,h2_tiers_motorise,hors_intersection,pas_de_croisement_proche,osm_motor_vehicle,[absent],13
Hors agglomération,VELO,h2_tiers_motorise,hors_intersection,pas_de_croisement_proche,osm_motor_vehicle,no,3
Hors agglomération,VELO,h2_tiers_motorise,intersection,croisement_proche,osm_motor_vehicle,[absent],18
Hors agglomération,VELO,h2_tiers_motorise,intersection,croisement_proche,osm_motor_vehicle,no,4
Hors agglomération,VELO,h2_tiers_motorise,intersection,pas_de_croisement_proche,osm_motor_vehicle,[absent],8
En agglomération,EDPM,h2_avec_vl,hors_intersection,croisement_proche,osm_bicycle,[absent],22
En agglomération,EDPM,h2_avec_vl,hors_intersection,croisement_proche,osm_bicycle,designated,4
En agglomération,EDPM,h2_avec_vl,hors_intersection,pas_de_croisement_proche,osm_bicycle,[absent],37
En agglomération,EDPM,h2_avec_vl,hors_intersection,pas_de_croisement_proche,osm_bicycle,designated,4
En agglomération,EDPM,h2_avec_vl,hors_intersection,pas_de_croisement_proche,osm_bicycle,yes,1
En agglomération,EDPM,h2_avec_vl,intersection,croisement_proche,osm_bicycle,[absent],69
En agglomération,EDPM,h2_avec_vl,intersection,croisement_proche,osm_bicycle,designated,5
En agglomération,EDPM,h2_avec_vl,intersection,croisement_proche,osm_bicycle,yes,4
En agglomération,EDPM,h2_avec_vl,intersection,pas_de_croisement_proche,osm_bicycle,[absent],16
En agglomération,EDPM,h2_avec_vl,intersection,pas_de_croisement_proche,osm_bicycle,designated,9
En agglomération,EDPM,h2_avec_vl,intersection,pas_de_croisement_proche,osm_bicycle,yes,5
En agglomération,EDPM,h2_tiers_motorise,hors_intersection,croisement_proche,osm_bicycle,[absent],27
En agglomération,EDPM,h2_tiers_motorise,hors_intersection,croisement_proche,osm_bicycle,designated,4
En agglomération,EDPM,h2_tiers_motorise,hors_intersection,pas_de_croisement_proche,osm_bicycle,[absent],48
En agglomération,EDPM,h2_tiers_motorise,hors_intersection,pas_de_croisement_proche,osm_bicycle,designated,5
En agglomération,EDPM,h2_tiers_motorise,hors_intersection,pas_de_croisement_proche,osm_bicycle,yes,2
En agglomération,EDPM,h2_tiers_motorise,intersection,croisement_proche,osm_bicycle,[absent],90
En agglomération,EDPM,h2_tiers_motorise,intersection,croisement_proche,osm_bicycle,designated,5
En agglomération,EDPM,h2_tiers_motorise,intersection,croisement_proche,osm_bicycle,yes,4
En agglomération,EDPM,h2_tiers_motorise,intersection,pas_de_croisement_proche,osm_bicycle,[absent],25
En agglomération,EDPM,h2_tiers_motorise,intersection,pas_de_croisement_proche,osm_bicycle,designated,10
En agglomération,EDPM,h2_tiers_motorise,intersection,pas_de_croisement_proche,osm_bicycle,yes,5
En agglomération,VAE,h2_avec_vl,hors_intersection,croisement_proche,osm_bicycle,[absent],4
En agglomération,VAE,h2_avec_vl,hors_intersection,pas_de_croisement_proche,osm_bicycle,[absent],11
En agglomération,VAE,h2_avec_vl,hors_intersection,pas_de_croisement_proche,osm_bicycle,designated,1
En agglomération,VAE,h2_avec_vl,hors_intersection,pas_de_croisement_proche,osm_bicycle,yes,1
En agglomération,VAE,h2_avec_vl,intersection,croisement_proche,osm_bicycle,[absent],24
En agglomération,VAE,h2_avec_vl,intersection,croisement_proche,osm_bicycle,designated,6
En agglomération,VAE,h2_avec_vl,intersection,pas_de_croisement_proche,osm_bicycle,[absent],5
En agglomération,VAE,h2_avec_vl,intersection,pas_de_croisement_proche,osm_bicycle,designated,5
En agglomération,VAE,h2_tiers_motorise,hors_intersection,croisement_proche,osm_bicycle,[absent],5
En agglomération,VAE,h2_tiers_motorise,hors_intersection,pas_de_croisement_proche,osm_bicycle,[absent],16
En agglomération,VAE,h2_tiers_motorise,hors_intersection,pas_de_croisement_proche,osm_bicycle,designated,2
En agglomération,VAE,h2_tiers_motorise,hors_intersection,pas_de_croisement_proche,osm_bicycle,yes,1
En agglomération,VAE,h2_tiers_motorise,intersection,croisement_proche,osm_bicycle,[absent],30
En agglomération,VAE,h2_tiers_motorise,intersection,croisement_proche,osm_bicycle,designated,6
En agglomération,VAE,h2_tiers_motorise,intersection,pas_de_croisement_proche,osm_bicycle,[absent],11
En agglomération,VAE,h2_tiers_motorise,intersection,pas_de_croisement_proche,osm_bicycle,designated,5
En agglomération,VELO,h2_avec_vl,hors_intersection,croisement_proche,osm_bicycle,[absent],59
En agglomération,VELO,h2_avec_vl,hors_intersection,croisement_proche,osm_bicycle,designated,6
En agglomération,VELO,h2_avec_vl,hors_intersection,croisement_proche,osm_bicycle,yes,2
En agglomération,VELO,h2_avec_vl,hors_intersection,pas_de_croisement_proche,osm_bicycle,[absent],100
En agglomération,VELO,h2_avec_vl,hors_intersection,pas_de_croisement_proche,osm_bicycle,designated,12
En agglomération,VELO,h2_avec_vl,hors_intersection,pas_de_croisement_proche,osm_bicycle,permissive,1
En agglomération,VELO,h2_avec_vl,hors_intersection,pas_de_croisement_proche,osm_bicycle,yes,3
En agglomération,VELO,h2_avec_vl,intersection,croisement_proche,osm_bicycle,[absent],190
En agglomération,VELO,h2_avec_vl,intersection,croisement_proche,osm_bicycle,designated,25
En agglomération,VELO,h2_avec_vl,intersection,croisement_proche,osm_bicycle,yes,8
En agglomération,VELO,h2_avec_vl,intersection,pas_de_croisement_proche,osm_bicycle,[absent],72
En agglomération,VELO,h2_avec_vl,intersection,pas_de_croisement_proche,osm_bicycle,designated,10
En agglomération,VELO,h2_avec_vl,intersection,pas_de_croisement_proche,osm_bicycle,yes,4
En agglomération,VELO,h2_tiers_motorise,hors_intersection,croisement_proche,osm_bicycle,[absent],81
En agglomération,VELO,h2_tiers_motorise,hors_intersection,croisement_proche,osm_bicycle,designated,9
En agglomération,VELO,h2_tiers_motorise,hors_intersection,croisement_proche,osm_bicycle,yes,3
En agglomération,VELO,h2_tiers_motorise,hors_intersection,pas_de_croisement_proche,osm_bicycle,[absent],154
En agglomération,VELO,h2_tiers_motorise,hors_intersection,pas_de_croisement_proche,osm_bicycle,designated,19
En agglomération,VELO,h2_tiers_motorise,hors_intersection,pas_de_croisement_proche,osm_bicycle,permissive,1
En agglomération,VELO,h2_tiers_motorise,hors_intersection,pas_de_croisement_proche,osm_bicycle,yes,7
En agglomération,VELO,h2_tiers_motorise,intersection,croisement_proche,osm_bicycle,[absent],249
En agglomération,VELO,h2_tiers_motorise,intersection,croisement_proche,osm_bicycle,designated,29
En agglomération,VELO,h2_tiers_motorise,intersection,croisement_proche,osm_bicycle,yes,9
En agglomération,VELO,h2_tiers_motorise,intersection,pas_de_croisement_proche,osm_bicycle,[absent],101
En agglomération,VELO,h2_tiers_motorise,intersection,pas_de_croisement_proche,osm_bicycle,designated,13
En agglomération,VELO,h2_tiers_motorise,intersection,pas_de_croisement_proche,osm_bicycle,yes,5
Hors agglomération,EDPM,h2_avec_vl,hors_intersection,croisement_proche,osm_bicycle,[absent],2
Hors agglomération,EDPM,h2_avec_vl,hors_intersection,croisement_proche,osm_bicycle,designated,1
Hors agglomération,EDPM,h2_avec_vl,hors_intersection,pas_de_croisement_proche,osm_bicycle,[absent],1
Hors agglomération,EDPM,h2_tiers_motorise,hors_intersection,croisement_proche,osm_bicycle,[absent],2
Hors agglomération,EDPM,h2_tiers_motorise,hors_intersection,croisement_proche,osm_bicycle,designated,1
Hors agglomération,EDPM,h2_tiers_motorise,hors_intersection,pas_de_croisement_proche,osm_bicycle,[absent],1
Hors agglomération,EDPM,h5_edpm_hors_agglo_hors_cycleway,sans_objet,sans_objet,osm_bicycle,[absent],305
Hors agglomération,EDPM,h5_edpm_hors_agglo_hors_cycleway,sans_objet,sans_objet,osm_bicycle,no,5
Hors agglomération,EDPM,h5_edpm_hors_agglo_hors_cycleway,sans_objet,sans_objet,osm_bicycle,use_sidepath,3
Hors agglomération,EDPM,h5_edpm_hors_agglo_hors_cycleway,sans_objet,sans_objet,osm_bicycle,yes,10
Hors agglomération,VAE,h2_avec_vl,hors_intersection,croisement_proche,osm_bicycle,[absent],1
Hors agglomération,VAE,h2_avec_vl,hors_intersection,pas_de_croisement_proche,osm_bicycle,designated,1
Hors agglomération,VAE,h2_avec_vl,intersection,croisement_proche,osm_bicycle,[absent],2
Hors agglomération,VAE,h2_avec_vl,intersection,croisement_proche,osm_bicycle,yes,2
Hors agglomération,VAE,h2_tiers_motorise,hors_intersection,croisement_proche,osm_bicycle,[absent],1
Hors agglomération,VAE,h2_tiers_motorise,hors_intersection,pas_de_croisement_proche,osm_bicycle,designated,1
Hors agglomération,VAE,h2_tiers_motorise,intersection,croisement_proche,osm_bicycle,[absent],2
Hors agglomération,VAE,h2_tiers_motorise,intersection,croisement_proche,osm_bicycle,yes,2
Hors agglomération,VELO,h2_avec_vl,hors_intersection,croisement_proche,osm_bicycle,[absent],3
Hors agglomération,VELO,h2_avec_vl,hors_intersection,croisement_proche,osm_bicycle,yes,1
Hors agglomération,VELO,h2_avec_vl,hors_intersection,pas_de_croisement_proche,osm_bicycle,[absent],5
Hors agglomération,VELO,h2_avec_vl,hors_intersection,pas_de_croisement_proche,osm_bicycle,designated,4
Hors agglomération,VELO,h2_avec_vl,hors_intersection,pas_de_croisement_proche,osm_bicycle,yes,1
Hors agglomération,VELO,h2_avec_vl,intersection,croisement_proche,osm_bicycle,[absent],14
Hors agglomération,VELO,h2_avec_vl,intersection,croisement_proche,osm_bicycle,designated,2
Hors agglomération,VELO,h2_avec_vl,intersection,croisement_proche,osm_bicycle,destination,1
Hors agglomération,VELO,h2_avec_vl,intersection,croisement_proche,osm_bicycle,yes,1
Hors agglomération,VELO,h2_avec_vl,intersection,pas_de_croisement_proche,osm_bicycle,[absent],7
Hors agglomération,VELO,h2_avec_vl,intersection,pas_de_croisement_proche,osm_bicycle,designated,1
Hors agglomération,VELO,h2_tiers_motorise,hors_intersection,croisement_proche,osm_bicycle,[absent],4
Hors agglomération,VELO,h2_tiers_motorise,hors_intersection,croisement_proche,osm_bicycle,yes,1
Hors agglomération,VELO,h2_tiers_motorise,hors_intersection,pas_de_croisement_proche,osm_bicycle,[absent],9
Hors agglomération,VELO,h2_tiers_motorise,hors_intersection,pas_de_croisement_proche,osm_bicycle,designated,6
Hors agglomération,VELO,h2_tiers_motorise,hors_intersection,pas_de_croisement_proche,osm_bicycle,yes,1
Hors agglomération,VELO,h2_tiers_motorise,intersection,croisement_proche,osm_bicycle,[absent],18
Hors agglomération,VELO,h2_tiers_motorise,intersection,croisement_proche,osm_bicycle,designated,2
Hors agglomération,VELO,h2_tiers_motorise,intersection,croisement_proche,osm_bicycle,destination,1
Hors agglomération,VELO,h2_tiers_motorise,intersection,croisement_proche,osm_bicycle,yes,1
Hors agglomération,VELO,h2_tiers_motorise,intersection,pas_de_croisement_proche,osm_bicycle,[absent],7
Hors agglomération,VELO,h2_tiers_motorise,intersection,pas_de_croisement_proche,osm_bicycle,designated,1
En agglomération,EDPM,h2_avec_vl,hors_intersection,croisement_proche,osm_cycleway,[absent],24
En agglomération,EDPM,h2_avec_vl,hors_intersection,croisement_proche,osm_cycleway,crossing,1
En agglomération,EDPM,h2_avec_vl,hors_intersection,croisement_proche,osm_cycleway,segregated,1
En agglomération,EDPM,h2_avec_vl,hors_intersection,pas_de_croisement_proche,osm_cycleway,[absent],42
En agglomération,EDPM,h2_avec_vl,intersection,croisement_proche,osm_cycleway,[absent],57
En agglomération,EDPM,h2_avec_vl,intersection,croisement_proche,osm_cycleway,crossing,4
En agglomération,EDPM,h2_avec_vl,intersection,croisement_proche,osm_cycleway,on_street,10
En agglomération,EDPM,h2_avec_vl,intersection,croisement_proche,osm_cycleway,sidewalk,7
En agglomération,EDPM,h2_avec_vl,intersection,pas_de_croisement_proche,osm_cycleway,[absent],26
En agglomération,EDPM,h2_avec_vl,intersection,pas_de_croisement_proche,osm_cycleway,on_street,3
En agglomération,EDPM,h2_avec_vl,intersection,pas_de_croisement_proche,osm_cycleway,share_busway,1
En agglomération,EDPM,h2_tiers_motorise,hors_intersection,croisement_proche,osm_cycleway,[absent],28
En agglomération,EDPM,h2_tiers_motorise,hors_intersection,croisement_proche,osm_cycleway,crossing,1
En agglomération,EDPM,h2_tiers_motorise,hors_intersection,croisement_proche,osm_cycleway,on_street,1
En agglomération,EDPM,h2_tiers_motorise,hors_intersection,croisement_proche,osm_cycleway,segregated,1
En agglomération,EDPM,h2_tiers_motorise,hors_intersection,pas_de_croisement_proche,osm_cycleway,[absent],54
En agglomération,EDPM,h2_tiers_motorise,hors_intersection,pas_de_croisement_proche,osm_cycleway,crossing,1
En agglomération,EDPM,h2_tiers_motorise,intersection,croisement_proche,osm_cycleway,[absent],69
En agglomération,EDPM,h2_tiers_motorise,intersection,croisement_proche,osm_cycleway,crossing,6
En agglomération,EDPM,h2_tiers_motorise,intersection,croisement_proche,osm_cycleway,on_street,13
En agglomération,EDPM,h2_tiers_motorise,intersection,croisement_proche,osm_cycleway,sidewalk,11
En agglomération,EDPM,h2_tiers_motorise,intersection,pas_de_croisement_proche,osm_cycleway,[absent],34
En agglomération,EDPM,h2_tiers_motorise,intersection,pas_de_croisement_proche,osm_cycleway,on_street,5
En agglomération,EDPM,h2_tiers_motorise,intersection,pas_de_croisement_proche,osm_cycleway,share_busway,1
En agglomération,VAE,h2_avec_vl,hors_intersection,croisement_proche,osm_cycleway,[absent],4
En agglomération,VAE,h2_avec_vl,hors_intersection,pas_de_croisement_proche,osm_cycleway,[absent],13
En agglomération,VAE,h2_avec_vl,intersection,croisement_proche,osm_cycleway,[absent],23
En agglomération,VAE,h2_avec_vl,intersection,croisement_proche,osm_cycleway,crossing,1
En agglomération,VAE,h2_avec_vl,intersection,croisement_proche,osm_cycleway,on_street,4
En agglomération,VAE,h2_avec_vl,intersection,croisement_proche,osm_cycleway,sidewalk,2
En agglomération,VAE,h2_avec_vl,intersection,pas_de_croisement_proche,osm_cycleway,[absent],9
En agglomération,VAE,h2_avec_vl,intersection,pas_de_croisement_proche,osm_cycleway,on_street,1
En agglomération,VAE,h2_tiers_motorise,hors_intersection,croisement_proche,osm_cycleway,[absent],5
En agglomération,VAE,h2_tiers_motorise,hors_intersection,pas_de_croisement_proche,osm_cycleway,[absent],18
En agglomération,VAE,h2_tiers_motorise,hors_intersection,pas_de_croisement_proche,osm_cycleway,sidewalk,1
En agglomération,VAE,h2_tiers_motorise,intersection,croisement_proche,osm_cycleway,[absent],26
En agglomération,VAE,h2_tiers_motorise,intersection,croisement_proche,osm_cycleway,crossing,1
En agglomération,VAE,h2_tiers_motorise,intersection,croisement_proche,osm_cycleway,on_street,5
En agglomération,VAE,h2_tiers_motorise,intersection,croisement_proche,osm_cycleway,shared_lane,1
En agglomération,VAE,h2_tiers_motorise,intersection,croisement_proche,osm_cycleway,sidewalk,3
En agglomération,VAE,h2_tiers_motorise,intersection,pas_de_croisement_proche,osm_cycleway,[absent],12
En agglomération,VAE,h2_tiers_motorise,intersection,pas_de_croisement_proche,osm_cycleway,on_street,2
En agglomération,VAE,h2_tiers_motorise,intersection,pas_de_croisement_proche,osm_cycleway,sidewalk,2
En agglomération,VELO,h2_avec_vl,hors_intersection,croisement_proche,osm_cycleway,[absent],61
En agglomération,VELO,h2_avec_vl,hors_intersection,croisement_proche,osm_cycleway,crossing,3
En agglomération,VELO,h2_avec_vl,hors_intersection,croisement_proche,osm_cycleway,on_street,1
En agglomération,VELO,h2_avec_vl,hors_intersection,croisement_proche,osm_cycleway,segregated,2
En agglomération,VELO,h2_avec_vl,hors_intersection,pas_de_croisement_proche,osm_cycleway,[absent],92
En agglomération,VELO,h2_avec_vl,hors_intersection,pas_de_croisement_proche,osm_cycleway,crossing,1
En agglomération,VELO,h2_avec_vl,hors_intersection,pas_de_croisement_proche,osm_cycleway,on_street,12
En agglomération,VELO,h2_avec_vl,hors_intersection,pas_de_croisement_proche,osm_cycleway,sidewalk,10
En agglomération,VELO,h2_avec_vl,hors_intersection,pas_de_croisement_proche,osm_cycleway,track,1
En agglomération,VELO,h2_avec_vl,intersection,croisement_proche,osm_cycleway,[absent],183
En agglomération,VELO,h2_avec_vl,intersection,croisement_proche,osm_cycleway,crossing,11
En agglomération,VELO,h2_avec_vl,intersection,croisement_proche,osm_cycleway,on_street,16
En agglomération,VELO,h2_avec_vl,intersection,croisement_proche,osm_cycleway,sidewalk,11
En agglomération,VELO,h2_avec_vl,intersection,croisement_proche,osm_cycleway,track,1
En agglomération,VELO,h2_avec_vl,intersection,croisement_proche,osm_cycleway,yes,1
En agglomération,VELO,h2_avec_vl,intersection,pas_de_croisement_proche,osm_cycleway,[absent],73
En agglomération,VELO,h2_avec_vl,intersection,pas_de_croisement_proche,osm_cycleway,crossing,2
En agglomération,VELO,h2_avec_vl,intersection,pas_de_croisement_proche,osm_cycleway,on_street,7
En agglomération,VELO,h2_avec_vl,intersection,pas_de_croisement_proche,osm_cycleway,sidewalk,4
En agglomération,VELO,h2_tiers_motorise,hors_intersection,croisement_proche,osm_cycleway,[absent],84
En agglomération,VELO,h2_tiers_motorise,hors_intersection,croisement_proche,osm_cycleway,crossing,5
En agglomération,VELO,h2_tiers_motorise,hors_intersection,croisement_proche,osm_cycleway,on_street,1
En agglomération,VELO,h2_tiers_motorise,hors_intersection,croisement_proche,osm_cycleway,segregated,2
En agglomération,VELO,h2_tiers_motorise,hors_intersection,croisement_proche,osm_cycleway,track,1
En agglomération,VELO,h2_tiers_motorise,hors_intersection,pas_de_croisement_proche,osm_cycleway,[absent],150
En agglomération,VELO,h2_tiers_motorise,hors_intersection,pas_de_croisement_proche,osm_cycleway,crossing,1
En agglomération,VELO,h2_tiers_motorise,hors_intersection,pas_de_croisement_proche,osm_cycleway,on_street,18
En agglomération,VELO,h2_tiers_motorise,hors_intersection,pas_de_croisement_proche,osm_cycleway,sidewalk,11
En agglomération,VELO,h2_tiers_motorise,hors_intersection,pas_de_croisement_proche,osm_cycleway,track,1
En agglomération,VELO,h2_tiers_motorise,intersection,croisement_proche,osm_cycleway,[absent],222
En agglomération,VELO,h2_tiers_motorise,intersection,croisement_proche,osm_cycleway,crossing,17
En agglomération,VELO,h2_tiers_motorise,intersection,croisement_proche,osm_cycleway,on_street,28
En agglomération,VELO,h2_tiers_motorise,intersection,croisement_proche,osm_cycleway,sidewalk,17
En agglomération,VELO,h2_tiers_motorise,intersection,croisement_proche,osm_cycleway,track,2
En agglomération,VELO,h2_tiers_motorise,intersection,croisement_proche,osm_cycleway,yes,1
En agglomération,VELO,h2_tiers_motorise,intersection,pas_de_croisement_proche,osm_cycleway,[absent],98
En agglomération,VELO,h2_tiers_motorise,intersection,pas_de_croisement_proche,osm_cycleway,crossing,2
En agglomération,VELO,h2_tiers_motorise,intersection,pas_de_croisement_proche,osm_cycleway,on_street,13
En agglomération,VELO,h2_tiers_motorise,intersection,pas_de_croisement_proche,osm_cycleway,segregated,1
En agglomération,VELO,h2_tiers_motorise,intersection,pas_de_croisement_proche,osm_cycleway,sidewalk,5
Hors agglomération,EDPM,h2_avec_vl,hors_intersection,croisement_proche,osm_cycleway,[absent],3
Hors agglomération,EDPM,h2_avec_vl,hors_intersection,pas_de_croisement_proche,osm_cycleway,[absent],1
Hors agglomération,EDPM,h2_tiers_motorise,hors_intersection,croisement_proche,osm_cycleway,[absent],3
Hors agglomération,EDPM,h2_tiers_motorise,hors_intersection,pas_de_croisement_proche,osm_cycleway,[absent],1
Hors agglomération,EDPM,h5_edpm_hors_agglo_hors_cycleway,sans_objet,sans_objet,osm_cycleway,[absent],302
Hors agglomération,EDPM,h5_edpm_hors_agglo_hors_cycleway,sans_objet,sans_objet,osm_cycleway,lane,13
Hors agglomération,EDPM,h5_edpm_hors_agglo_hors_cycleway,sans_objet,sans_objet,osm_cycleway,no,5
Hors agglomération,EDPM,h5_edpm_hors_agglo_hors_cycleway,sans_objet,sans_objet,osm_cycleway,opposite,1
Hors agglomération,EDPM,h5_edpm_hors_agglo_hors_cycleway,sans_objet,sans_objet,osm_cycleway,separate,1
Hors agglomération,EDPM,h5_edpm_hors_agglo_hors_cycleway,sans_objet,sans_objet,osm_cycleway,shoulder,1
Hors agglomération,VAE,h2_avec_vl,hors_intersection,croisement_proche,osm_cycleway,[absent],1
Hors agglomération,VAE,h2_avec_vl,hors_intersection,pas_de_croisement_proche,osm_cycleway,[absent],1
Hors agglomération,VAE,h2_avec_vl,intersection,croisement_proche,osm_cycleway,[absent],4
Hors agglomération,VAE,h2_tiers_motorise,hors_intersection,croisement_proche,osm_cycleway,[absent],1
Hors agglomération,VAE,h2_tiers_motorise,hors_intersection,pas_de_croisement_proche,osm_cycleway,[absent],1
Hors agglomération,VAE,h2_tiers_motorise,intersection,croisement_proche,osm_cycleway,[absent],4
Hors agglomération,VELO,h2_avec_vl,hors_intersection,croisement_proche,osm_cycleway,[absent],4
Hors agglomération,VELO,h2_avec_vl,hors_intersection,pas_de_croisement_proche,osm_cycleway,[absent],10
Hors agglomération,VELO,h2_avec_vl,intersection,croisement_proche,osm_cycleway,[absent],17
Hors agglomération,VELO,h2_avec_vl,intersection,croisement_proche,osm_cycleway,lane,1
Hors agglomération,VELO,h2_avec_vl,intersection,pas_de_croisement_proche,osm_cycleway,[absent],8
Hors agglomération,VELO,h2_tiers_motorise,hors_intersection,croisement_proche,osm_cycleway,[absent],5
Hors agglomération,VELO,h2_tiers_motorise,hors_intersection,pas_de_croisement_proche,osm_cycleway,[absent],16
Hors agglomération,VELO,h2_tiers_motorise,intersection,croisement_proche,osm_cycleway,[absent],20
Hors agglomération,VELO,h2_tiers_motorise,intersection,croisement_proche,osm_cycleway,crossing,1
Hors agglomération,VELO,h2_tiers_motorise,intersection,croisement_proche,osm_cycleway,lane,1
Hors agglomération,VELO,h2_tiers_motorise,intersection,pas_de_croisement_proche,osm_cycleway,[absent],8
En agglomération,EDPM,h2_avec_vl,hors_intersection,croisement_proche,osm_cycleway_left,[absent],26
En agglomération,EDPM,h2_avec_vl,hors_intersection,pas_de_croisement_proche,osm_cycleway_left,[absent],42
En agglomération,EDPM,h2_avec_vl,intersection,croisement_proche,osm_cycleway_left,[absent],78
En agglomération,EDPM,h2_avec_vl,intersection,pas_de_croisement_proche,osm_cycleway_left,[absent],30
En agglomération,EDPM,h2_tiers_motorise,hors_intersection,croisement_proche,osm_cycleway_left,[absent],31
En agglomération,EDPM,h2_tiers_motorise,hors_intersection,pas_de_croisement_proche,osm_cycleway_left,[absent],55
En agglomération,EDPM,h2_tiers_motorise,intersection,croisement_proche,osm_cycleway_left,[absent],99
En agglomération,EDPM,h2_tiers_motorise,intersection,pas_de_croisement_proche,osm_cycleway_left,[absent],40
En agglomération,VAE,h2_avec_vl,hors_intersection,croisement_proche,osm_cycleway_left,[absent],4
En agglomération,VAE,h2_avec_vl,hors_intersection,pas_de_croisement_proche,osm_cycleway_left,[absent],13
En agglomération,VAE,h2_avec_vl,intersection,croisement_proche,osm_cycleway_left,[absent],30
En agglomération,VAE,h2_avec_vl,intersection,pas_de_croisement_proche,osm_cycleway_left,[absent],10
En agglomération,VAE,h2_tiers_motorise,hors_intersection,croisement_proche,osm_cycleway_left,[absent],5
En agglomération,VAE,h2_tiers_motorise,hors_intersection,pas_de_croisement_proche,osm_cycleway_left,[absent],19
En agglomération,VAE,h2_tiers_motorise,intersection,croisement_proche,osm_cycleway_left,[absent],36
En agglomération,VAE,h2_tiers_motorise,intersection,pas_de_croisement_proche,osm_cycleway_left,[absent],16
En agglomération,VELO,h2_avec_vl,hors_intersection,croisement_proche,osm_cycleway_left,[absent],67
En agglomération,VELO,h2_avec_vl,hors_intersection,pas_de_croisement_proche,osm_cycleway_left,[absent],116
En agglomération,VELO,h2_avec_vl,intersection,croisement_proche,osm_cycleway_left,[absent],223
En agglomération,VELO,h2_avec_vl,intersection,pas_de_croisement_proche,osm_cycleway_left,[absent],86
En agglomération,VELO,h2_tiers_motorise,hors_intersection,croisement_proche,osm_cycleway_left,[absent],93
En agglomération,VELO,h2_tiers_motorise,hors_intersection,pas_de_croisement_proche,osm_cycleway_left,[absent],181
En agglomération,VELO,h2_tiers_motorise,intersection,croisement_proche,osm_cycleway_left,[absent],287
En agglomération,VELO,h2_tiers_motorise,intersection,pas_de_croisement_proche,osm_cycleway_left,[absent],119
Hors agglomération,EDPM,h2_avec_vl,hors_intersection,croisement_proche,osm_cycleway_left,[absent],3
Hors agglomération,EDPM,h2_avec_vl,hors_intersection,pas_de_croisement_proche,osm_cycleway_left,[absent],1
Hors agglomération,EDPM,h2_tiers_motorise,hors_intersection,croisement_proche,osm_cycleway_left,[absent],3
Hors agglomération,EDPM,h2_tiers_motorise,hors_intersection,pas_de_croisement_proche,osm_cycleway_left,[absent],1
Hors agglomération,EDPM,h5_edpm_hors_agglo_hors_cycleway,sans_objet,sans_objet,osm_cycleway_left,[absent],320
Hors agglomération,EDPM,h5_edpm_hors_agglo_hors_cycleway,sans_objet,sans_objet,osm_cycleway_left,lane,2
Hors agglomération,EDPM,h5_edpm_hors_agglo_hors_cycleway,sans_objet,sans_objet,osm_cycleway_left,opposite_lane,1
Hors agglomération,VAE,h2_avec_vl,hors_intersection,croisement_proche,osm_cycleway_left,[absent],1
Hors agglomération,VAE,h2_avec_vl,hors_intersection,pas_de_croisement_proche,osm_cycleway_left,[absent],1
Hors agglomération,VAE,h2_avec_vl,intersection,croisement_proche,osm_cycleway_left,[absent],4
Hors agglomération,VAE,h2_tiers_motorise,hors_intersection,croisement_proche,osm_cycleway_left,[absent],1
Hors agglomération,VAE,h2_tiers_motorise,hors_intersection,pas_de_croisement_proche,osm_cycleway_left,[absent],1
Hors agglomération,VAE,h2_tiers_motorise,intersection,croisement_proche,osm_cycleway_left,[absent],4
Hors agglomération,VELO,h2_avec_vl,hors_intersection,croisement_proche,osm_cycleway_left,[absent],4
Hors agglomération,VELO,h2_avec_vl,hors_intersection,pas_de_croisement_proche,osm_cycleway_left,[absent],10
Hors agglomération,VELO,h2_avec_vl,intersection,croisement_proche,osm_cycleway_left,[absent],18
Hors agglomération,VELO,h2_avec_vl,intersection,pas_de_croisement_proche,osm_cycleway_left,[absent],8
Hors agglomération,VELO,h2_tiers_motorise,hors_intersection,croisement_proche,osm_cycleway_left,[absent],5
Hors agglomération,VELO,h2_tiers_motorise,hors_intersection,pas_de_croisement_proche,osm_cycleway_left,[absent],16
Hors agglomération,VELO,h2_tiers_motorise,intersection,croisement_proche,osm_cycleway_left,[absent],22
Hors agglomération,VELO,h2_tiers_motorise,intersection,pas_de_croisement_proche,osm_cycleway_left,[absent],8
En agglomération,EDPM,h2_avec_vl,hors_intersection,croisement_proche,osm_cycleway_right,[absent],26
En agglomération,EDPM,h2_avec_vl,hors_intersection,pas_de_croisement_proche,osm_cycleway_right,[absent],42
En agglomération,EDPM,h2_avec_vl,intersection,croisement_proche,osm_cycleway_right,[absent],78
En agglomération,EDPM,h2_avec_vl,intersection,pas_de_croisement_proche,osm_cycleway_right,[absent],30
En agglomération,EDPM,h2_tiers_motorise,hors_intersection,croisement_proche,osm_cycleway_right,[absent],31
En agglomération,EDPM,h2_tiers_motorise,hors_intersection,pas_de_croisement_proche,osm_cycleway_right,[absent],55
En agglomération,EDPM,h2_tiers_motorise,intersection,croisement_proche,osm_cycleway_right,[absent],99
En agglomération,EDPM,h2_tiers_motorise,intersection,pas_de_croisement_proche,osm_cycleway_right,[absent],40
En agglomération,VAE,h2_avec_vl,hors_intersection,croisement_proche,osm_cycleway_right,[absent],4
En agglomération,VAE,h2_avec_vl,hors_intersection,pas_de_croisement_proche,osm_cycleway_right,[absent],13
En agglomération,VAE,h2_avec_vl,intersection,croisement_proche,osm_cycleway_right,[absent],30
En agglomération,VAE,h2_avec_vl,intersection,pas_de_croisement_proche,osm_cycleway_right,[absent],10
En agglomération,VAE,h2_tiers_motorise,hors_intersection,croisement_proche,osm_cycleway_right,[absent],5
En agglomération,VAE,h2_tiers_motorise,hors_intersection,pas_de_croisement_proche,osm_cycleway_right,[absent],19
En agglomération,VAE,h2_tiers_motorise,intersection,croisement_proche,osm_cycleway_right,[absent],36
En agglomération,VAE,h2_tiers_motorise,intersection,pas_de_croisement_proche,osm_cycleway_right,[absent],16
En agglomération,VELO,h2_avec_vl,hors_intersection,croisement_proche,osm_cycleway_right,[absent],67
En agglomération,VELO,h2_avec_vl,hors_intersection,pas_de_croisement_proche,osm_cycleway_right,[absent],116
En agglomération,VELO,h2_avec_vl,intersection,croisement_proche,osm_cycleway_right,[absent],223
En agglomération,VELO,h2_avec_vl,intersection,pas_de_croisement_proche,osm_cycleway_right,[absent],86
En agglomération,VELO,h2_tiers_motorise,hors_intersection,croisement_proche,osm_cycleway_right,[absent],93
En agglomération,VELO,h2_tiers_motorise,hors_intersection,pas_de_croisement_proche,osm_cycleway_right,[absent],181
En agglomération,VELO,h2_tiers_motorise,intersection,croisement_proche,osm_cycleway_right,[absent],287
En agglomération,VELO,h2_tiers_motorise,intersection,pas_de_croisement_proche,osm_cycleway_right,[absent],119
Hors agglomération,EDPM,h2_avec_vl,hors_intersection,croisement_proche,osm_cycleway_right,[absent],3
Hors agglomération,EDPM,h2_avec_vl,hors_intersection,pas_de_croisement_proche,osm_cycleway_right,[absent],1
Hors agglomération,EDPM,h2_tiers_motorise,hors_intersection,croisement_proche,osm_cycleway_right,[absent],3
Hors agglomération,EDPM,h2_tiers_motorise,hors_intersection,pas_de_croisement_proche,osm_cycleway_right,[absent],1
Hors agglomération,EDPM,h5_edpm_hors_agglo_hors_cycleway,sans_objet,sans_objet,osm_cycleway_right,[absent],309
Hors agglomération,EDPM,h5_edpm_hors_agglo_hors_cycleway,sans_objet,sans_objet,osm_cycleway_right,lane,8
Hors agglomération,EDPM,h5_edpm_hors_agglo_hors_cycleway,sans_objet,sans_objet,osm_cycleway_right,no,5
Hors agglomération,EDPM,h5_edpm_hors_agglo_hors_cycleway,sans_objet,sans_objet,osm_cycleway_right,separate,1
Hors agglomération,VAE,h2_avec_vl,hors_intersection,croisement_proche,osm_cycleway_right,[absent],1
Hors agglomération,VAE,h2_avec_vl,hors_intersection,pas_de_croisement_proche,osm_cycleway_right,[absent],1
Hors agglomération,VAE,h2_avec_vl,intersection,croisement_proche,osm_cycleway_right,[absent],4
Hors agglomération,VAE,h2_tiers_motorise,hors_intersection,croisement_proche,osm_cycleway_right,[absent],1
Hors agglomération,VAE,h2_tiers_motorise,hors_intersection,pas_de_croisement_proche,osm_cycleway_right,[absent],1
Hors agglomération,VAE,h2_tiers_motorise,intersection,croisement_proche,osm_cycleway_right,[absent],4
Hors agglomération,VELO,h2_avec_vl,hors_intersection,croisement_proche,osm_cycleway_right,[absent],4
Hors agglomération,VELO,h2_avec_vl,hors_intersection,pas_de_croisement_proche,osm_cycleway_right,[absent],10
Hors agglomération,VELO,h2_avec_vl,intersection,croisement_proche,osm_cycleway_right,[absent],18
Hors agglomération,VELO,h2_avec_vl,intersection,pas_de_croisement_proche,osm_cycleway_right,[absent],8
Hors agglomération,VELO,h2_tiers_motorise,hors_intersection,croisement_proche,osm_cycleway_right,[absent],5
Hors agglomération,VELO,h2_tiers_motorise,hors_intersection,pas_de_croisement_proche,osm_cycleway_right,[absent],16
Hors agglomération,VELO,h2_tiers_motorise,intersection,croisement_proche,osm_cycleway_right,[absent],22
Hors agglomération,VELO,h2_tiers_motorise,intersection,pas_de_croisement_proche,osm_cycleway_right,[absent],8
