annee,zone,mode,accidents_mode,vehicules_mode,mortel,hospitalisation_sans_deces,blesse_leger_seulement,indemne_seulement,inconnue_seulement,non_documentee,obs_fixe,obs_bordure,obs_mobile_vehicule,choc_avant,manoeuvre_evitement,surface_adverse,sortie_chaussee,sans_collision_baac,support_compatible,vma_ambigue,surf_ambigue,situ_ambigue,vehicules_obs_bordure,vehicules_obs_chaussee,vehicules_obs_trottoir_accotement,vehicules_sortie_chaussee
2019,En agglomération,edpm,623,627,9,79,446,70,0,19,49,15,437,349,9,97,0,66,79,0,0,0,15,5,4,0
2019,En agglomération,velo,4252,4363,96,866,3002,226,0,62,295,48,3329,2345,56,570,9,241,360,0,0,0,48,26,8,10
2019,Hors agglomération,edpm,9,9,1,6,2,0,0,0,0,0,6,5,0,4,0,1,2,0,0,0,0,0,0,0
2019,Hors agglomération,velo,826,890,104,465,246,7,0,4,64,2,569,315,11,99,9,92,86,0,0,0,2,9,0,10
2020,En agglomération,edpm,862,866,5,101,652,79,0,25,79,25,607,521,14,140,1,88,112,0,0,0,25,13,3,1
2020,En agglomération,velo,4265,4418,84,814,3097,214,0,56,332,61,3248,2363,68,644,6,323,439,0,0,0,61,44,16,6
2020,Hors agglomération,edpm,17,17,2,6,8,1,0,0,0,0,13,9,0,2,0,3,0,0,0,0,0,0,0,0
2020,Hors agglomération,velo,848,926,101,446,293,6,0,2,54,2,546,326,13,85,2,116,82,0,0,0,2,4,1,2
2021,En agglomération,edpm,1460,1474,22,205,1093,140,0,0,108,28,1081,860,19,219,0,134,144,0,0,0,28,15,8,0
2021,En agglomération,velo,4866,5044,103,925,3511,326,1,0,371,75,3739,2639,82,671,8,383,473,0,0,0,76,30,11,8
2021,Hors agglomération,edpm,36,36,3,13,16,4,0,0,1,0,26,15,0,8,0,7,4,0,0,0,0,0,0,0
2021,Hors agglomération,velo,985,1108,136,502,343,4,0,0,60,5,655,405,11,93,6,161,90,0,0,0,6,9,0,6
2022,En agglomération,edpm,1998,2009,25,290,1486,196,1,0,147,31,1457,1159,24,272,7,213,199,0,0,0,31,11,5,7
2022,En agglomération,velo,4800,4958,115,912,3430,338,5,0,394,81,3679,2611,81,575,6,344,440,0,0,0,81,36,14,6
2022,Hors agglomération,edpm,78,78,9,32,37,0,0,0,9,1,42,28,0,17,2,16,13,0,0,0,1,1,0,2
2022,Hors agglomération,velo,980,1042,142,515,318,5,0,0,64,5,674,385,10,85,4,147,82,0,0,0,5,7,4,4
2023,En agglomération,edpm,2290,2311,33,375,1625,253,3,1,185,44,1641,1367,36,392,5,220,234,108,5,89,44,22,8,5
2023,En agglomération,velo,4698,4891,104,864,3390,336,4,0,442,88,3510,2534,98,771,10,340,516,178,17,203,89,46,9,10
2023,Hors agglomération,edpm,83,84,12,32,36,2,0,1,4,1,61,28,0,16,0,10,6,6,0,2,1,0,0,0
2023,Hors agglomération,velo,920,987,132,498,283,7,0,0,85,2,594,354,11,101,5,144,100,50,6,19,2,9,4,5
2024,En agglomération,edpm,2722,2746,31,479,1937,275,0,0,256,67,1960,1662,33,494,7,281,330,146,9,114,67,29,10,7
2024,En agglomération,velo,4611,4826,110,856,3328,317,0,0,458,91,3366,2525,88,794,13,388,563,220,18,252,92,46,10,13
2024,Hors agglomération,edpm,120,121,15,49,50,6,0,0,11,1,75,46,3,18,0,24,18,2,0,2,1,4,0,0
2024,Hors agglomération,velo,912,1000,122,485,300,5,0,0,72,1,577,353,8,104,5,169,102,31,5,19,1,5,3,7
