annee,zone,mode,vma_classe,accidents_mode,vehicules_mode,mortel,hospitalisation_sans_deces,blesse_leger_seulement,indemne_seulement,inconnue_seulement,non_documentee,obs_fixe,obs_bordure,obs_mobile_vehicule,choc_avant,manoeuvre_evitement,surface_adverse,sortie_chaussee,sans_collision_baac,support_compatible,vma_ambigue,surf_ambigue,situ_ambigue,vehicules_obs_bordure,vehicules_obs_chaussee,vehicules_obs_trottoir_accotement,vehicules_sortie_chaussee
2019,En agglomération,edpm,21_30,101,101,2,11,71,13,0,4,6,1,72,60,2,16,0,11,11,0,0,0,1,1,0,0
2019,En agglomération,edpm,41_50,502,506,6,64,368,50,0,14,39,14,359,277,7,80,0,52,63,0,0,0,14,4,2,0
2019,En agglomération,edpm,51_70,1,1,0,0,1,0,0,0,0,0,1,0,0,0,0,0,0,0,0,0,0,0,0,0
2019,En agglomération,edpm,<=20,17,17,1,3,5,7,0,1,4,0,3,11,0,1,0,3,5,0,0,0,0,0,2,0
2019,En agglomération,velo,111_130,1,1,0,0,1,0,0,0,0,0,1,1,0,0,0,0,0,0,0,0,0,0,0,0
2019,En agglomération,velo,21_30,581,601,8,105,401,56,0,11,46,7,418,365,10,93,3,48,63,0,0,0,7,6,5,3
2019,En agglomération,velo,31_40,11,12,1,5,4,1,0,0,1,0,9,5,0,3,0,0,1,0,0,0,0,0,0,0
2019,En agglomération,velo,41_50,3443,3518,73,710,2460,153,0,47,233,41,2764,1871,42,446,6,171,274,0,0,0,41,16,3,7
2019,En agglomération,velo,51_70,77,79,3,17,55,2,0,0,3,0,67,26,0,11,0,5,5,0,0,0,0,2,0,0
2019,En agglomération,velo,71_80,11,11,2,5,4,0,0,0,0,0,8,2,0,3,0,0,0,0,0,0,0,0,0,0
2019,En agglomération,velo,81_90,4,4,2,1,1,0,0,0,0,0,2,1,1,0,0,0,0,0,0,0,0,0,0,0
2019,En agglomération,velo,91_110,1,1,0,1,0,0,0,0,0,0,1,0,0,0,0,0,0,0,0,0,0,0,0,0
2019,En agglomération,velo,<=20,72,80,1,8,47,12,0,4,8,0,33,52,3,9,0,8,10,0,0,0,0,2,0,0
2019,En agglomération,velo,>130,1,1,0,0,1,0,0,0,0,0,0,0,0,0,0,1,0,0,0,0,0,0,0,0
2019,Hors agglomération,edpm,41_50,2,2,0,0,2,0,0,0,0,0,1,1,0,1,0,1,1,0,0,0,0,0,0,0
2019,Hors agglomération,edpm,51_70,2,2,0,2,0,0,0,0,0,0,2,2,0,1,0,0,0,0,0,0,0,0,0,0
2019,Hors agglomération,edpm,71_80,2,2,0,2,0,0,0,0,0,0,1,0,0,2,0,0,1,0,0,0,0,0,0,0
2019,Hors agglomération,edpm,81_90,1,1,1,0,0,0,0,0,0,0,1,0,0,0,0,0,0,0,0,0,0,0,0,0
2019,Hors agglomération,edpm,<=20,1,1,0,1,0,0,0,0,0,0,1,1,0,0,0,0,0,0,0,0,0,0,0,0
2019,Hors agglomération,velo,21_30,13,14,2,6,5,0,0,0,1,0,8,6,1,3,0,4,2,0,0,0,0,0,0,0
2019,Hors agglomération,velo,31_40,2,2,1,0,0,1,0,0,1,0,0,1,0,0,0,1,1,0,0,0,0,0,0,0
2019,Hors agglomération,velo,41_50,101,104,4,31,62,4,0,0,4,1,81,48,1,10,0,13,4,0,0,0,1,1,0,0
2019,Hors agglomération,velo,51_70,114,118,11,61,41,1,0,0,5,1,84,44,1,13,0,6,7,0,0,0,1,1,0,0
2019,Hors agglomération,velo,71_80,527,574,75,325,123,1,0,3,48,0,350,191,7,65,8,61,65,0,0,0,0,7,0,9
2019,Hors agglomération,velo,81_90,24,27,3,16,5,0,0,0,1,0,18,5,0,1,0,2,1,0,0,0,0,0,0,0
2019,Hors agglomération,velo,91_110,3,3,1,2,0,0,0,0,0,0,2,1,0,0,0,0,0,0,0,0,0,0,0,0
2019,Hors agglomération,velo,<=20,4,4,1,0,2,0,0,1,1,0,2,2,0,0,0,0,1,0,0,0,0,0,0,0
2020,En agglomération,edpm,21_30,146,146,1,17,106,17,0,5,18,10,79,85,1,21,0,30,27,0,0,0,10,3,0,0
2020,En agglomération,edpm,31_40,1,1,0,1,0,0,0,0,0,0,1,1,0,1,0,0,0,0,0,0,0,0,0,0
2020,En agglomération,edpm,41_50,681,685,3,80,525,56,0,17,54,15,514,414,13,111,1,54,76,0,0,0,15,7,3,1
2020,En agglomération,edpm,51_70,3,3,0,0,3,0,0,0,0,0,3,2,0,0,0,0,0,0,0,0,0,0,0,0
2020,En agglomération,edpm,<=20,24,24,0,1,14,6,0,3,5,0,6,16,0,7,0,3,7,0,0,0,0,3,0,0
2020,En agglomération,edpm,>130,1,1,0,0,1,0,0,0,0,0,1,1,0,0,0,0,0,0,0,0,0,0,0,0
2020,En agglomération,velo,21_30,667,703,8,96,499,53,0,11,58,12,451,401,18,100,0,66,84,0,0,0,12,15,3,0
2020,En agglomération,velo,31_40,7,11,0,2,5,0,0,0,0,0,7,6,0,2,0,0,0,0,0,0,0,0,0,0
2020,En agglomération,velo,41_50,3385,3482,67,656,2477,143,0,42,261,45,2667,1849,47,510,6,236,334,0,0,0,45,28,10,6
2020,En agglomération,velo,51_70,64,70,3,21,40,0,0,0,3,0,51,21,0,13,0,6,4,0,0,0,0,1,0,0
2020,En agglomération,velo,71_80,13,14,0,6,7,0,0,0,1,1,10,7,0,2,0,1,0,0,0,0,1,0,0,0
2020,En agglomération,velo,81_90,3,3,1,0,2,0,0,0,0,0,3,0,0,0,0,0,0,0,0,0,0,0,0,0
2020,En agglomération,velo,<=20,75,80,1,14,41,16,0,3,3,1,25,51,3,8,0,13,10,0,0,0,1,0,2,0
2020,Hors agglomération,edpm,41_50,10,10,1,2,6,1,0,0,0,0,7,4,0,2,0,2,0,0,0,0,0,0,0,0
2020,Hors agglomération,edpm,51_70,2,2,0,1,1,0,0,0,0,0,1,1,0,0,0,1,0,0,0,0,0,0,0,0
2020,Hors agglomération,edpm,71_80,4,4,1,2,1,0,0,0,0,0,4,3,0,0,0,0,0,0,0,0,0,0,0,0
2020,Hors agglomération,velo,21_30,20,23,0,8,12,0,0,0,2,0,12,13,0,1,0,4,3,0,0,0,0,0,0,0
2020,Hors agglomération,velo,41_50,154,161,10,63,78,3,0,0,3,1,118,59,3,17,0,15,6,0,0,0,1,0,0,0
2020,Hors agglomération,velo,51_70,121,128,17,58,45,0,0,1,6,0,84,45,3,8,0,9,8,0,0,0,0,0,0,0
2020,Hors agglomération,velo,71_80,472,521,66,273,129,3,0,1,35,1,288,171,7,46,2,73,53,0,0,0,1,2,1,2
2020,Hors agglomération,velo,81_90,38,39,4,21,13,0,0,0,4,0,19,16,0,4,0,5,7,0,0,0,0,0,0,0
2020,Hors agglomération,velo,91_110,2,2,0,1,1,0,0,0,0,0,2,0,0,1,0,0,0,0,0,0,0,0,0,0
2020,Hors agglomération,velo,<=20,6,9,0,3,3,0,0,0,1,0,2,6,0,0,0,3,1,0,0,0,0,0,0,0
2021,En agglomération,edpm,21_30,410,415,4,43,305,58,0,0,34,7,276,255,10,64,0,48,53,0,0,0,7,7,3,0
2021,En agglomération,edpm,31_40,1,1,0,0,1,0,0,0,0,0,1,1,0,0,0,0,0,0,0,0,0,0,0,0
2021,En agglomération,edpm,41_50,998,1006,12,152,764,70,0,0,70,19,775,578,9,148,0,81,83,0,0,0,19,8,5,0
2021,En agglomération,edpm,51_70,8,8,2,2,3,1,0,0,0,0,6,2,0,0,0,0,0,0,0,0,0,0,0,0
2021,En agglomération,edpm,71_80,2,2,1,1,0,0,0,0,0,0,2,1,0,0,0,0,0,0,0,0,0,0,0,0
2021,En agglomération,edpm,81_90,1,2,1,0,0,0,0,0,0,0,1,0,0,0,0,0,0,0,0,0,0,0,0,0
2021,En agglomération,edpm,<=20,32,32,0,5,17,10,0,0,3,2,14,21,0,6,0,4,7,0,0,0,2,0,0,0
2021,En agglomération,velo,21_30,1187,1254,18,129,908,132,0,0,98,26,873,703,30,187,4,107,143,0,0,0,26,8,2,4
2021,En agglomération,velo,31_40,4,4,0,3,1,0,0,0,0,0,4,4,0,0,0,0,0,0,0,0,0,0,0,0
2021,En agglomération,velo,41_50,3492,3592,70,734,2513,174,1,0,256,47,2751,1843,52,461,4,256,306,0,0,0,48,20,8,4
2021,En agglomération,velo,51_70,30,31,4,11,15,0,0,0,0,0,24,10,0,1,0,0,0,0,0,0,0,0,0,0
2021,En agglomération,velo,71_80,17,17,1,11,5,0,0,0,1,0,11,5,0,0,0,2,1,0,0,0,0,0,0,0
2021,En agglomération,velo,91_110,1,1,0,1,0,0,0,0,0,0,1,0,0,0,0,0,0,0,0,0,0,0,0,0
2021,En agglomération,velo,<=20,71,77,0,8,47,16,0,0,9,1,38,42,0,13,0,5,11,0,0,0,1,2,1,0
2021,En agglomération,velo,>130,4,4,1,1,2,0,0,0,0,0,2,1,0,1,0,1,1,0,0,0,0,0,0,0
2021,Hors agglomération,edpm,21_30,3,3,1,0,1,1,0,0,0,0,0,0,0,0,0,2,0,0,0,0,0,0,0,0
2021,Hors agglomération,edpm,41_50,11,11,0,4,6,1,0,0,1,0,11,8,0,2,0,0,0,0,0,0,0,0,0,0
2021,Hors agglomération,edpm,51_70,5,5,0,1,3,1,0,0,0,0,3,2,0,1,0,1,1,0,0,0,0,0,0,0
2021,Hors agglomération,edpm,71_80,10,10,2,6,2,0,0,0,0,0,6,4,0,4,0,3,3,0,0,0,0,0,0,0
2021,Hors agglomération,edpm,81_90,3,3,0,1,1,1,0,0,0,0,3,0,0,0,0,0,0,0,0,0,0,0,0,0
2021,Hors agglomération,edpm,<=20,1,1,0,0,1,0,0,0,0,0,1,1,0,0,0,0,0,0,0,0,0,0,0,0
2021,Hors agglomération,velo,21_30,26,28,4,9,13,0,0,0,2,0,14,11,0,4,0,7,5,0,0,0,0,0,0,0
2021,Hors agglomération,velo,31_40,1,1,0,0,1,0,0,0,0,0,1,0,0,0,0,0,0,0,0,0,0,0,0,0
2021,Hors agglomération,velo,41_50,166,182,8,68,88,2,0,0,16,3,126,84,2,18,0,19,16,0,0,0,4,3,0,0
2021,Hors agglomération,velo,51_70,141,153,16,61,64,0,0,0,6,1,104,49,3,14,1,16,10,0,0,0,1,0,0,1
2021,Hors agglomération,velo,71_80,531,614,86,297,146,2,0,0,27,1,344,219,5,41,4,95,44,0,0,0,1,4,0,4
2021,Hors agglomération,velo,81_90,78,86,12,42,24,0,0,0,6,0,49,27,1,12,1,10,11,0,0,0,0,0,0,1
2021,Hors agglomération,velo,91_110,1,1,0,1,0,0,0,0,0,0,1,0,0,0,0,0,0,0,0,0,0,0,0,0
2021,Hors agglomération,velo,<=20,6,7,0,2,4,0,0,0,0,0,1,3,0,0,0,2,0,0,0,0,0,0,0,0
2022,En agglomération,edpm,21_30,831,838,11,86,614,119,1,0,61,16,558,495,16,115,2,110,98,0,0,0,16,6,2,2
2022,En agglomération,edpm,31_40,4,5,0,2,2,0,0,0,0,0,2,2,1,0,0,0,1,0,0,0,0,0,0,0
2022,En agglomération,edpm,41_50,1078,1081,12,185,828,53,0,0,77,14,851,616,6,150,4,96,89,0,0,0,14,5,3,4
2022,En agglomération,edpm,51_70,14,14,0,5,9,0,0,0,1,1,11,6,0,2,0,0,1,0,0,0,1,0,0,0
2022,En agglomération,edpm,71_80,1,1,0,0,1,0,0,0,0,0,1,0,0,0,0,0,0,0,0,0,0,0,0,0
2022,En agglomération,edpm,<=20,49,49,2,6,21,20,0,0,8,0,18,35,1,4,1,4,10,0,0,0,0,0,0,1
2022,En agglomération,velo,21_30,1919,2013,14,183,1474,246,2,0,165,47,1386,1130,41,240,0,155,197,0,0,0,47,20,1,0
2022,En agglomération,velo,31_40,9,10,0,5,4,0,0,0,0,0,9,6,0,1,0,0,0,0,0,0,0,0,0,0
2022,En agglomération,velo,41_50,2720,2774,86,671,1883,78,2,0,221,32,2185,1393,36,315,6,176,226,0,0,0,32,15,12,6
2022,En agglomération,velo,51_70,38,40,7,15,13,3,0,0,0,0,30,21,0,4,0,2,0,0,0,0,0,0,0,0
2022,En agglomération,velo,71_80,13,14,0,7,6,0,0,0,0,0,10,2,0,2,0,1,0,0,0,0,0,0,0,0
2022,En agglomération,velo,81_90,4,4,1,1,2,0,0,0,0,0,3,2,0,0,0,0,0,0,0,0,0,0,0,0
2022,En agglomération,velo,91_110,1,1,0,0,1,0,0,0,0,0,0,0,0,0,0,0,0,0,0,0,0,0,0,0
2022,En agglomération,velo,<=20,54,59,1,11,33,8,1,0,6,2,32,35,3,10,0,3,12,0,0,0,2,0,1,0
2022,Hors agglomération,edpm,21_30,7,7,0,2,5,0,0,0,2,0,0,3,0,1,0,3,3,0,0,0,0,1,0,0
2022,Hors agglomération,edpm,41_50,30,30,3,7,20,0,0,0,3,1,21,15,0,8,0,4,4,0,0,0,1,0,0,0
2022,Hors agglomération,edpm,51_70,10,10,5,3,2,0,0,0,0,0,7,3,0,3,0,2,1,0,0,0,0,0,0,0
2022,Hors agglomération,edpm,71_80,22,22,0,13,9,0,0,0,3,0,10,4,0,3,1,4,4,0,0,0,0,0,0,1
2022,Hors agglomération,edpm,81_90,2,2,1,1,0,0,0,0,0,0,1,0,0,1,0,1,0,0,0,0,0,0,0,0
2022,Hors agglomération,edpm,91_110,1,1,0,1,0,0,0,0,0,0,0,0,0,0,0,0,0,0,0,0,0,0,0,0
2022,Hors agglomération,edpm,<=20,1,1,0,1,0,0,0,0,0,0,0,1,0,0,0,0,0,0,0,0,0,0,0,0
2022,Hors agglomération,velo,21_30,34,34,3,15,15,1,0,0,5,1,23,14,0,2,0,8,5,0,0,0,1,1,0,0
2022,Hors agglomération,velo,31_40,3,6,1,1,1,0,0,0,0,0,1,1,0,0,0,1,0,0,0,0,0,0,0,0
2022,Hors agglomération,velo,41_50,143,149,7,59,77,0,0,0,11,1,114,74,1,14,1,19,11,0,0,0,1,1,0,1
2022,Hors agglomération,velo,51_70,126,134,19,63,44,0,0,0,6,0,103,55,0,11,0,9,8,0,0,0,0,0,0,0
2022,Hors agglomération,velo,71_80,523,563,88,297,136,2,0,0,33,1,346,189,8,45,2,80,47,0,0,0,1,4,3,2
2022,Hors agglomération,velo,81_90,98,101,15,51,31,1,0,0,2,0,61,34,1,8,0,14,5,0,0,0,0,0,0,0
2022,Hors agglomération,velo,91_110,3,4,1,2,0,0,0,0,1,0,1,1,0,1,0,0,1,0,0,0,0,1,0,0
2022,Hors agglomération,velo,<=20,5,5,1,1,2,1,0,0,2,0,1,2,0,1,0,2,2,0,0,0,0,0,1,0
2023,En agglomération,edpm,21_30,819,830,3,92,574,149,1,0,84,23,514,506,20,123,2,96,110,0,1,27,23,10,5,2
2023,En agglomération,edpm,31_40,4,4,0,2,1,1,0,0,0,0,3,2,0,1,0,0,0,0,0,0,0,0,0,0
2023,En agglomération,edpm,41_50,1294,1302,27,253,931,81,1,1,93,19,997,748,14,232,3,112,111,0,3,45,19,9,2,3
2023,En agglomération,edpm,51_70,10,10,2,2,6,0,0,0,1,0,7,4,0,3,0,2,1,0,0,0,0,1,0,0
2023,En agglomération,edpm,71_80,1,1,0,1,0,0,0,0,0,0,0,0,0,0,0,1,0,0,0,0,0,0,0,0
2023,En agglomération,edpm,91_110,1,1,0,1,0,0,0,0,0,0,1,1,0,1,0,0,0,0,0,0,0,0,0,0
2023,En agglomération,edpm,<=20,20,20,0,2,11,6,1,0,4,2,8,14,0,5,0,2,5,0,0,1,2,1,0,0
2023,En agglomération,velo,21_30,1940,2064,17,186,1509,227,1,0,210,47,1356,1148,56,356,4,148,256,0,6,81,48,20,2,4
2023,En agglomération,velo,31_40,7,7,0,3,4,0,0,0,0,0,5,1,0,2,0,0,0,0,0,0,0,0,0,0
2023,En agglomération,velo,41_50,2433,2492,72,596,1679,83,3,0,208,34,1911,1215,34,368,6,164,228,0,8,90,34,22,6,6
2023,En agglomération,velo,51_70,18,19,3,9,6,0,0,0,3,1,12,6,1,3,0,2,3,0,0,0,1,0,0,0
2023,En agglomération,velo,71_80,10,10,2,7,1,0,0,0,1,0,6,3,0,0,0,1,1,0,0,0,0,0,0,0
2023,En agglomération,velo,81_90,2,2,0,1,1,0,0,0,0,0,2,1,0,0,0,0,0,0,0,0,0,0,0,0
2023,En agglomération,velo,<=20,33,35,3,7,17,6,0,0,9,2,19,26,0,5,0,1,10,0,0,4,2,3,0,0
2023,Hors agglomération,edpm,21_30,3,3,0,0,3,0,0,0,0,0,3,2,0,0,0,0,0,0,0,0,0,0,0,0
2023,Hors agglomération,edpm,41_50,27,27,1,6,19,1,0,0,1,1,22,11,0,4,0,2,1,0,0,0,1,0,0,0
2023,Hors agglomération,edpm,51_70,9,9,1,5,2,1,0,0,0,0,7,2,0,2,0,1,0,0,0,1,0,0,0,0
2023,Hors agglomération,edpm,71_80,24,25,7,12,4,0,0,1,3,0,15,6,0,6,0,4,4,0,0,1,0,0,0,0
2023,Hors agglomération,edpm,81_90,6,6,2,3,1,0,0,0,0,0,4,0,0,2,0,1,1,0,0,0,0,0,0,0
2023,Hors agglomération,edpm,91_110,3,3,1,0,2,0,0,0,0,0,1,0,0,0,0,1,0,0,0,0,0,0,0,0
2023,Hors agglomération,velo,21_30,24,25,1,12,11,0,0,0,3,0,17,11,0,2,0,3,3,0,0,0,0,2,0,0
2023,Hors agglomération,velo,41_50,128,140,12,52,62,2,0,0,9,0,96,55,1,17,0,19,11,0,0,4,0,2,0,0
2023,Hors agglomération,velo,51_70,102,106,8,62,31,1,0,0,12,0,73,35,1,11,0,8,11,0,0,0,0,1,1,0
2023,Hors agglomération,velo,71_80,478,516,76,285,114,3,0,0,43,2,294,180,5,55,3,78,51,0,2,9,2,2,2,3
2023,Hors agglomération,velo,81_90,89,94,14,35,39,1,0,0,7,0,54,31,1,10,1,15,13,0,0,0,0,0,0,1
2023,Hors agglomération,velo,91_110,4,4,0,2,2,0,0,0,1,0,2,2,0,0,0,0,1,0,0,0,0,0,0,0
2023,Hors agglomération,velo,<=20,1,1,1,0,0,0,0,0,0,0,0,0,1,0,0,0,1,0,0,0,0,0,0,0
2024,En agglomération,edpm,21_30,871,884,4,113,625,129,0,0,108,20,571,566,17,163,4,86,133,0,2,38,20,14,4,4
2024,En agglomération,edpm,31_40,4,4,0,1,3,0,0,0,1,0,3,3,0,0,0,0,1,0,0,0,0,0,0,0
2024,En agglomération,edpm,41_50,1585,1591,18,323,1137,107,0,0,125,42,1202,925,13,286,3,162,168,0,6,49,42,12,4,3
2024,En agglomération,edpm,51_70,14,15,0,4,10,0,0,0,0,0,10,9,1,1,0,3,0,0,0,0,0,0,0,0
2024,En agglomération,edpm,71_80,2,2,0,1,1,0,0,0,0,0,0,0,0,0,0,1,0,0,0,0,0,0,0,0
2024,En agglomération,edpm,<=20,75,77,0,11,36,28,0,0,11,3,29,43,1,13,0,12,19,0,1,2,3,2,2,0
2024,En agglomération,edpm,>130,3,3,0,0,2,1,0,0,1,1,2,3,0,0,0,0,1,0,0,0,1,0,0,0
2024,En agglomération,velo,21_30,1916,2060,17,204,1477,218,0,0,248,44,1292,1167,55,388,8,186,315,0,7,118,44,27,7,8
2024,En agglomération,velo,31_40,9,9,0,5,2,2,0,0,0,0,5,3,0,0,0,2,0,0,0,0,0,0,0,0
2024,En agglomération,velo,41_50,2331,2392,81,565,1604,81,0,0,196,43,1788,1172,28,355,5,178,228,0,10,101,44,18,2,5
2024,En agglomération,velo,51_70,23,23,4,11,8,0,0,0,1,0,18,12,0,2,0,0,2,0,0,0,0,0,1,0
2024,En agglomération,velo,71_80,19,19,0,9,10,0,0,0,3,1,12,4,0,3,0,2,4,0,0,1,1,0,0,0
2024,En agglomération,velo,81_90,3,3,1,1,1,0,0,0,0,0,2,0,0,0,0,1,0,0,0,0,0,0,0,0
2024,En agglomération,velo,<=20,59,63,2,5,44,8,0,0,2,1,28,36,1,10,0,9,5,0,0,3,1,0,0,0
2024,En agglomération,velo,>130,1,1,0,1,0,0,0,0,0,0,1,0,0,0,0,0,0,0,0,0,0,0,0,0
2024,Hors agglomération,edpm,21_30,6,6,1,0,4,1,0,0,0,0,5,5,0,1,0,0,0,0,0,0,0,0,0,0
2024,Hors agglomération,edpm,41_50,42,43,1,14,25,2,0,0,6,1,22,13,2,7,0,13,12,0,0,0,1,4,0,0
2024,Hors agglomération,edpm,51_70,19,19,5,8,6,0,0,0,2,0,14,7,0,5,0,1,2,0,0,0,0,0,0,0
2024,Hors agglomération,edpm,71_80,34,34,2,20,11,1,0,0,2,0,20,14,1,4,0,7,4,0,0,2,0,0,0,0
2024,Hors agglomération,edpm,81_90,6,6,3,2,1,0,0,0,0,0,3,0,0,0,0,1,0,0,0,0,0,0,0,0
2024,Hors agglomération,edpm,91_110,1,1,0,0,0,1,0,0,0,0,1,1,0,0,0,0,0,0,0,0,0,0,0,0
2024,Hors agglomération,edpm,<=20,2,2,0,1,1,0,0,0,0,0,2,2,0,1,0,0,0,0,0,0,0,0,0,0
2024,Hors agglomération,edpm,>130,1,1,0,0,1,0,0,0,1,0,1,0,0,0,0,0,0,0,0,0,0,0,0,0
2024,Hors agglomération,velo,21_30,34,36,1,12,19,2,0,0,2,0,23,20,0,6,0,5,4,0,0,0,0,0,0,0
2024,Hors agglomération,velo,41_50,134,141,8,50,75,1,0,0,8,0,89,57,1,25,1,24,17,0,1,0,0,1,0,1
2024,Hors agglomération,velo,51_70,117,122,14,59,43,1,0,0,14,0,76,48,1,16,0,14,17,0,0,4,0,0,0,0
2024,Hors agglomération,velo,71_80,444,501,72,265,107,0,0,0,38,1,275,172,6,45,3,88,52,0,1,8,1,4,3,5
2024,Hors agglomération,velo,81_90,105,117,11,66,27,1,0,0,6,0,67,25,0,8,0,21,8,0,3,3,0,0,0,0
2024,Hors agglomération,velo,91_110,5,5,0,4,1,0,0,0,1,0,3,2,0,0,0,0,1,0,0,0,0,0,0,0
2024,Hors agglomération,velo,<=20,4,4,2,0,2,0,0,0,0,0,0,1,0,1,0,3,1,0,0,0,0,0,0,0
